2026-06-27T14:02:07.644Z [error]: Cleanup stale presence error: read ECONNRESET
MongoServerSelectionError: read ECONNRESET
    at Topology.selectServer (C:\Users\LENOVO\OneDrive\Desktop\JWLovers\server\node_modules\mongodb\src\sdam\topology.ts:637:30)
    at tryOperation (C:\Users\LENOVO\OneDrive\Desktop\JWLovers\server\node_modules\mongodb\src\operations\execute_operation.ts:271:16)
    at executeOperation (C:\Users\LENOVO\OneDrive\Desktop\JWLovers\server\node_modules\mongodb\src\operations\execute_operation.ts:123:12)
    at FindCursor._initialize (C:\Users\LENOVO\OneDrive\Desktop\JWLovers\server\node_modules\mongodb\src\cursor\find_cursor.ts:92:22)
    at FindCursor.cursorInit (C:\Users\LENOVO\OneDrive\Desktop\JWLovers\server\node_modules\mongodb\src\cursor\abstract_cursor.ts:917:21)
    at FindCursor.fetchBatch (C:\Users\LENOVO\OneDrive\Desktop\JWLovers\server\node_modules\mongodb\src\cursor\abstract_cursor.ts:955:7)
    at FindCursor.next (C:\Users\LENOVO\OneDrive\Desktop\JWLovers\server\node_modules\mongodb\src\cursor\abstract_cursor.ts:573:9)
    at FindCursor.[Symbol.asyncIterator] (C:\Users\LENOVO\OneDrive\Desktop\JWLovers\server\node_modules\mongodb\src\cursor\abstract_cursor.ts:492:26)
    at FindCursor.toArray (C:\Users\LENOVO\OneDrive\Desktop\JWLovers\server\node_modules\mongodb\src\cursor\abstract_cursor.ts:661:22)
    at model.Query._find (C:\Users\LENOVO\OneDrive\Desktop\JWLovers\server\node_modules\mongoose\lib\query.js:2473:14)
{
  "errorLabelSet": {},
  "reason": {
    "type": "ReplicaSetNoPrimary",
    "servers": {
      "ac-ycssmpd-shard-00-00.tvw48ir.mongodb.net:27017": {
        "address": "ac-ycssmpd-shard-00-00.tvw48ir.mongodb.net:27017",
        "type": "Unknown",
        "hosts": [],
        "passives": [],
        "arbiters": [],
        "tags": {},
        "minWireVersion": 0,
        "maxWireVersion": 0,
        "roundTripTime": -1,
        "minRoundTripTime": 0,
        "lastUpdateTime": 139894120,
        "lastWriteDate": 0,
        "error": {
          "errorLabelSet": {},
          "beforeHandshake": false
        },
        "topologyVersion": null,
        "setName": null,
        "setVersion": null,
        "electionId": null,
        "logicalSessionTimeoutMinutes": null,
        "maxMessageSizeBytes": null,
        "maxWriteBatchSize": null,
        "maxBsonObjectSize": null,
        "primary": null,
        "me": null,
        "$clusterTime": null,
        "iscryptd": false
      },
      "ac-ycssmpd-shard-00-01.tvw48ir.mongodb.net:27017": {
        "address": "ac-ycssmpd-shard-00-01.tvw48ir.mongodb.net:27017",
        "type": "Unknown",
        "hosts": [],
        "passives": [],
        "arbiters": [],
        "tags": {},
        "minWireVersion": 0,
        "maxWireVersion": 0,
        "roundTripTime": -1,
        "minRoundTripTime": 0,
        "lastUpdateTime": 139894092,
        "lastWriteDate": 0,
        "error": {
          "errorLabelSet": {},
          "beforeHandshake": false
        },
        "topologyVersion": null,
        "setName": null,
        "setVersion": null,
        "electionId": null,
        "logicalSessionTimeoutMinutes": null,
        "maxMessageSizeBytes": null,
        "maxWriteBatchSize": null,
        "maxBsonObjectSize": null,
        "primary": null,
        "me": null,
        "$clusterTime": null,
        "iscryptd": false
      },
      "ac-ycssmpd-shard-00-02.tvw48ir.mongodb.net:27017": {
        "address": "ac-ycssmpd-shard-00-02.tvw48ir.mongodb.net:27017",
        "type": "Unknown",
        "hosts": [],
        "passives": [],
        "arbiters": [],
        "tags": {},
        "minWireVersion": 0,
        "maxWireVersion": 0,
        "roundTripTime": -1,
        "minRoundTripTime": 0,
        "lastUpdateTime": 139890408,
        "lastWriteDate": 0,
        "error": {
          "errorLabelSet": {},
          "beforeHandshake": false
        },
        "topologyVersion": null,
        "setName": null,
        "setVersion": null,
        "electionId": null,
        "logicalSessionTimeoutMinutes": null,
        "maxMessageSizeBytes": null,
        "maxWriteBatchSize": null,
        "maxBsonObjectSize": null,
        "primary": null,
        "me": null,
        "$clusterTime": null,
        "iscryptd": false
      }
    },
    "stale": false,
    "compatible": true,
    "heartbeatFrequencyMS": 10000,
    "localThresholdMS": 15,
    "setName": "atlas-ldvzrz-shard-0",
    "maxElectionId": {
      "$oid": "7fffffff0000000000000096"
    },
    "maxSetVersion": 35,
    "commonWireVersion": 25,
    "logicalSessionTimeoutMinutes": null
  },
  "cause": {
    "errorLabelSet": {},
    "beforeHandshake": false
  }
}
2026-06-27T15:08:08.286Z [error]: Cleanup stale presence error: getaddrinfo ENOTFOUND ac-ycssmpd-shard-00-00.tvw48ir.mongodb.net
MongoServerSelectionError: getaddrinfo ENOTFOUND ac-ycssmpd-shard-00-00.tvw48ir.mongodb.net
    at Topology.selectServer (C:\Users\LENOVO\OneDrive\Desktop\JWLovers\server\node_modules\mongodb\src\sdam\topology.ts:637:30)
    at tryOperation (C:\Users\LENOVO\OneDrive\Desktop\JWLovers\server\node_modules\mongodb\src\operations\execute_operation.ts:206:16)
    at executeOperation (C:\Users\LENOVO\OneDrive\Desktop\JWLovers\server\node_modules\mongodb\src\operations\execute_operation.ts:123:12)
    at FindCursor._initialize (C:\Users\LENOVO\OneDrive\Desktop\JWLovers\server\node_modules\mongodb\src\cursor\find_cursor.ts:92:22)
    at FindCursor.cursorInit (C:\Users\LENOVO\OneDrive\Desktop\JWLovers\server\node_modules\mongodb\src\cursor\abstract_cursor.ts:917:21)
    at FindCursor.fetchBatch (C:\Users\LENOVO\OneDrive\Desktop\JWLovers\server\node_modules\mongodb\src\cursor\abstract_cursor.ts:955:7)
    at FindCursor.next (C:\Users\LENOVO\OneDrive\Desktop\JWLovers\server\node_modules\mongodb\src\cursor\abstract_cursor.ts:573:9)
    at FindCursor.[Symbol.asyncIterator] (C:\Users\LENOVO\OneDrive\Desktop\JWLovers\server\node_modules\mongodb\src\cursor\abstract_cursor.ts:492:26)
    at FindCursor.toArray (C:\Users\LENOVO\OneDrive\Desktop\JWLovers\server\node_modules\mongodb\src\cursor\abstract_cursor.ts:661:22)
    at model.Query._find (C:\Users\LENOVO\OneDrive\Desktop\JWLovers\server\node_modules\mongoose\lib\query.js:2473:14)
{
  "errorLabelSet": {},
  "reason": {
    "type": "ReplicaSetNoPrimary",
    "servers": {
      "ac-ycssmpd-shard-00-00.tvw48ir.mongodb.net:27017": {
        "address": "ac-ycssmpd-shard-00-00.tvw48ir.mongodb.net:27017",
        "type": "Unknown",
        "hosts": [],
        "passives": [],
        "arbiters": [],
        "tags": {},
        "minWireVersion": 0,
        "maxWireVersion": 0,
        "roundTripTime": -1,
        "minRoundTripTime": 0,
        "lastUpdateTime": 143856039,
        "lastWriteDate": 0,
        "error": {
          "errorLabelSet": {},
          "beforeHandshake": false
        },
        "topologyVersion": null,
        "setName": null,
        "setVersion": null,
        "electionId": null,
        "logicalSessionTimeoutMinutes": null,
        "maxMessageSizeBytes": null,
        "maxWriteBatchSize": null,
        "maxBsonObjectSize": null,
        "primary": null,
        "me": null,
        "$clusterTime": null,
        "iscryptd": false
      },
      "ac-ycssmpd-shard-00-01.tvw48ir.mongodb.net:27017": {
        "address": "ac-ycssmpd-shard-00-01.tvw48ir.mongodb.net:27017",
        "type": "Unknown",
        "hosts": [],
        "passives": [],
        "arbiters": [],
        "tags": {},
        "minWireVersion": 0,
        "maxWireVersion": 0,
        "roundTripTime": -1,
        "minRoundTripTime": 0,
        "lastUpdateTime": 143856053,
        "lastWriteDate": 0,
        "error": {
          "errorLabelSet": {},
          "beforeHandshake": false
        },
        "topologyVersion": null,
        "setName": null,
        "setVersion": null,
        "electionId": null,
        "logicalSessionTimeoutMinutes": null,
        "maxMessageSizeBytes": null,
        "maxWriteBatchSize": null,
        "maxBsonObjectSize": null,
        "primary": null,
        "me": null,
        "$clusterTime": null,
        "iscryptd": false
      },
      "ac-ycssmpd-shard-00-02.tvw48ir.mongodb.net:27017": {
        "address": "ac-ycssmpd-shard-00-02.tvw48ir.mongodb.net:27017",
        "type": "Unknown",
        "hosts": [],
        "passives": [],
        "arbiters": [],
        "tags": {},
        "minWireVersion": 0,
        "maxWireVersion": 0,
        "roundTripTime": -1,
        "minRoundTripTime": 0,
        "lastUpdateTime": 143856037,
        "lastWriteDate": 0,
        "error": {
          "errorLabelSet": {},
          "beforeHandshake": false
        },
        "topologyVersion": null,
        "setName": null,
        "setVersion": null,
        "electionId": null,
        "logicalSessionTimeoutMinutes": null,
        "maxMessageSizeBytes": null,
        "maxWriteBatchSize": null,
        "maxBsonObjectSize": null,
        "primary": null,
        "me": null,
        "$clusterTime": null,
        "iscryptd": false
      }
    },
    "stale": false,
    "compatible": true,
    "heartbeatFrequencyMS": 10000,
    "localThresholdMS": 15,
    "setName": "atlas-ldvzrz-shard-0",
    "maxElectionId": {
      "$oid": "7fffffff0000000000000096"
    },
    "maxSetVersion": 35,
    "commonWireVersion": 25,
    "logicalSessionTimeoutMinutes": null
  },
  "cause": {
    "errorLabelSet": {},
    "beforeHandshake": false
  }
}
2026-06-27T15:09:08.304Z [error]: Cleanup stale presence error: getaddrinfo ENOTFOUND ac-ycssmpd-shard-00-00.tvw48ir.mongodb.net
MongoServerSelectionError: getaddrinfo ENOTFOUND ac-ycssmpd-shard-00-00.tvw48ir.mongodb.net
    at Topology.selectServer (C:\Users\LENOVO\OneDrive\Desktop\JWLovers\server\node_modules\mongodb\src\sdam\topology.ts:637:30)
    at tryOperation (C:\Users\LENOVO\OneDrive\Desktop\JWLovers\server\node_modules\mongodb\src\operations\execute_operation.ts:206:16)
    at executeOperation (C:\Users\LENOVO\OneDrive\Desktop\JWLovers\server\node_modules\mongodb\src\operations\execute_operation.ts:123:12)
    at FindCursor._initialize (C:\Users\LENOVO\OneDrive\Desktop\JWLovers\server\node_modules\mongodb\src\cursor\find_cursor.ts:92:22)
    at FindCursor.cursorInit (C:\Users\LENOVO\OneDrive\Desktop\JWLovers\server\node_modules\mongodb\src\cursor\abstract_cursor.ts:917:21)
    at FindCursor.fetchBatch (C:\Users\LENOVO\OneDrive\Desktop\JWLovers\server\node_modules\mongodb\src\cursor\abstract_cursor.ts:955:7)
    at FindCursor.next (C:\Users\LENOVO\OneDrive\Desktop\JWLovers\server\node_modules\mongodb\src\cursor\abstract_cursor.ts:573:9)
    at FindCursor.[Symbol.asyncIterator] (C:\Users\LENOVO\OneDrive\Desktop\JWLovers\server\node_modules\mongodb\src\cursor\abstract_cursor.ts:492:26)
    at FindCursor.toArray (C:\Users\LENOVO\OneDrive\Desktop\JWLovers\server\node_modules\mongodb\src\cursor\abstract_cursor.ts:661:22)
    at model.Query._find (C:\Users\LENOVO\OneDrive\Desktop\JWLovers\server\node_modules\mongoose\lib\query.js:2473:14)
{
  "errorLabelSet": {},
  "reason": {
    "type": "ReplicaSetNoPrimary",
    "servers": {
      "ac-ycssmpd-shard-00-00.tvw48ir.mongodb.net:27017": {
        "address": "ac-ycssmpd-shard-00-00.tvw48ir.mongodb.net:27017",
        "type": "Unknown",
        "hosts": [],
        "passives": [],
        "arbiters": [],
        "tags": {},
        "minWireVersion": 0,
        "maxWireVersion": 0,
        "roundTripTime": -1,
        "minRoundTripTime": 0,
        "lastUpdateTime": 143915945,
        "lastWriteDate": 0,
        "error": {
          "errorLabelSet": {},
          "beforeHandshake": false
        },
        "topologyVersion": null,
        "setName": null,
        "setVersion": null,
        "electionId": null,
        "logicalSessionTimeoutMinutes": null,
        "maxMessageSizeBytes": null,
        "maxWriteBatchSize": null,
        "maxBsonObjectSize": null,
        "primary": null,
        "me": null,
        "$clusterTime": null,
        "iscryptd": false
      },
      "ac-ycssmpd-shard-00-01.tvw48ir.mongodb.net:27017": {
        "address": "ac-ycssmpd-shard-00-01.tvw48ir.mongodb.net:27017",
        "type": "Unknown",
        "hosts": [],
        "passives": [],
        "arbiters": [],
        "tags": {},
        "minWireVersion": 0,
        "maxWireVersion": 0,
        "roundTripTime": -1,
        "minRoundTripTime": 0,
        "lastUpdateTime": 143915970,
        "lastWriteDate": 0,
        "error": {
          "errorLabelSet": {},
          "beforeHandshake": false
        },
        "topologyVersion": null,
        "setName": null,
        "setVersion": null,
        "electionId": null,
        "logicalSessionTimeoutMinutes": null,
        "maxMessageSizeBytes": null,
        "maxWriteBatchSize": null,
        "maxBsonObjectSize": null,
        "primary": null,
        "me": null,
        "$clusterTime": null,
        "iscryptd": false
      },
      "ac-ycssmpd-shard-00-02.tvw48ir.mongodb.net:27017": {
        "address": "ac-ycssmpd-shard-00-02.tvw48ir.mongodb.net:27017",
        "type": "Unknown",
        "hosts": [],
        "passives": [],
        "arbiters": [],
        "tags": {},
        "minWireVersion": 0,
        "maxWireVersion": 0,
        "roundTripTime": -1,
        "minRoundTripTime": 0,
        "lastUpdateTime": 143915967,
        "lastWriteDate": 0,
        "error": {
          "errorLabelSet": {},
          "beforeHandshake": false
        },
        "topologyVersion": null,
        "setName": null,
        "setVersion": null,
        "electionId": null,
        "logicalSessionTimeoutMinutes": null,
        "maxMessageSizeBytes": null,
        "maxWriteBatchSize": null,
        "maxBsonObjectSize": null,
        "primary": null,
        "me": null,
        "$clusterTime": null,
        "iscryptd": false
      }
    },
    "stale": false,
    "compatible": true,
    "heartbeatFrequencyMS": 10000,
    "localThresholdMS": 15,
    "setName": "atlas-ldvzrz-shard-0",
    "maxElectionId": {
      "$oid": "7fffffff0000000000000096"
    },
    "maxSetVersion": 35,
    "commonWireVersion": 25,
    "logicalSessionTimeoutMinutes": null
  },
  "cause": {
    "errorLabelSet": {},
    "beforeHandshake": false
  }
}
2026-06-27T15:10:08.332Z [error]: Cleanup stale presence error: getaddrinfo ENOTFOUND ac-ycssmpd-shard-00-00.tvw48ir.mongodb.net
MongoServerSelectionError: getaddrinfo ENOTFOUND ac-ycssmpd-shard-00-00.tvw48ir.mongodb.net
    at Topology.selectServer (C:\Users\LENOVO\OneDrive\Desktop\JWLovers\server\node_modules\mongodb\src\sdam\topology.ts:637:30)
    at tryOperation (C:\Users\LENOVO\OneDrive\Desktop\JWLovers\server\node_modules\mongodb\src\operations\execute_operation.ts:206:16)
    at executeOperation (C:\Users\LENOVO\OneDrive\Desktop\JWLovers\server\node_modules\mongodb\src\operations\execute_operation.ts:123:12)
    at FindCursor._initialize (C:\Users\LENOVO\OneDrive\Desktop\JWLovers\server\node_modules\mongodb\src\cursor\find_cursor.ts:92:22)
    at FindCursor.cursorInit (C:\Users\LENOVO\OneDrive\Desktop\JWLovers\server\node_modules\mongodb\src\cursor\abstract_cursor.ts:917:21)
    at FindCursor.fetchBatch (C:\Users\LENOVO\OneDrive\Desktop\JWLovers\server\node_modules\mongodb\src\cursor\abstract_cursor.ts:955:7)
    at FindCursor.next (C:\Users\LENOVO\OneDrive\Desktop\JWLovers\server\node_modules\mongodb\src\cursor\abstract_cursor.ts:573:9)
    at FindCursor.[Symbol.asyncIterator] (C:\Users\LENOVO\OneDrive\Desktop\JWLovers\server\node_modules\mongodb\src\cursor\abstract_cursor.ts:492:26)
    at FindCursor.toArray (C:\Users\LENOVO\OneDrive\Desktop\JWLovers\server\node_modules\mongodb\src\cursor\abstract_cursor.ts:661:22)
    at model.Query._find (C:\Users\LENOVO\OneDrive\Desktop\JWLovers\server\node_modules\mongoose\lib\query.js:2473:14)
{
  "errorLabelSet": {},
  "reason": {
    "type": "ReplicaSetNoPrimary",
    "servers": {
      "ac-ycssmpd-shard-00-00.tvw48ir.mongodb.net:27017": {
        "address": "ac-ycssmpd-shard-00-00.tvw48ir.mongodb.net:27017",
        "type": "Unknown",
        "hosts": [],
        "passives": [],
        "arbiters": [],
        "tags": {},
        "minWireVersion": 0,
        "maxWireVersion": 0,
        "roundTripTime": -1,
        "minRoundTripTime": 0,
        "lastUpdateTime": 143975694,
        "lastWriteDate": 0,
        "error": {
          "errorLabelSet": {},
          "beforeHandshake": false
        },
        "topologyVersion": null,
        "setName": null,
        "setVersion": null,
        "electionId": null,
        "logicalSessionTimeoutMinutes": null,
        "maxMessageSizeBytes": null,
        "maxWriteBatchSize": null,
        "maxBsonObjectSize": null,
        "primary": null,
        "me": null,
        "$clusterTime": null,
        "iscryptd": false
      },
      "ac-ycssmpd-shard-00-01.tvw48ir.mongodb.net:27017": {
        "address": "ac-ycssmpd-shard-00-01.tvw48ir.mongodb.net:27017",
        "type": "Unknown",
        "hosts": [],
        "passives": [],
        "arbiters": [],
        "tags": {},
        "minWireVersion": 0,
        "maxWireVersion": 0,
        "roundTripTime": -1,
        "minRoundTripTime": 0,
        "lastUpdateTime": 143975709,
        "lastWriteDate": 0,
        "error": {
          "errorLabelSet": {},
          "beforeHandshake": false
        },
        "topologyVersion": null,
        "setName": null,
        "setVersion": null,
        "electionId": null,
        "logicalSessionTimeoutMinutes": null,
        "maxMessageSizeBytes": null,
        "maxWriteBatchSize": null,
        "maxBsonObjectSize": null,
        "primary": null,
        "me": null,
        "$clusterTime": null,
        "iscryptd": false
      },
      "ac-ycssmpd-shard-00-02.tvw48ir.mongodb.net:27017": {
        "address": "ac-ycssmpd-shard-00-02.tvw48ir.mongodb.net:27017",
        "type": "Unknown",
        "hosts": [],
        "passives": [],
        "arbiters": [],
        "tags": {},
        "minWireVersion": 0,
        "maxWireVersion": 0,
        "roundTripTime": -1,
        "minRoundTripTime": 0,
        "lastUpdateTime": 143975711,
        "lastWriteDate": 0,
        "error": {
          "errorLabelSet": {},
          "beforeHandshake": false
        },
        "topologyVersion": null,
        "setName": null,
        "setVersion": null,
        "electionId": null,
        "logicalSessionTimeoutMinutes": null,
        "maxMessageSizeBytes": null,
        "maxWriteBatchSize": null,
        "maxBsonObjectSize": null,
        "primary": null,
        "me": null,
        "$clusterTime": null,
        "iscryptd": false
      }
    },
    "stale": false,
    "compatible": true,
    "heartbeatFrequencyMS": 10000,
    "localThresholdMS": 15,
    "setName": "atlas-ldvzrz-shard-0",
    "maxElectionId": {
      "$oid": "7fffffff0000000000000096"
    },
    "maxSetVersion": 35,
    "commonWireVersion": 25,
    "logicalSessionTimeoutMinutes": null
  },
  "cause": {
    "errorLabelSet": {},
    "beforeHandshake": false
  }
}
2026-06-27T15:11:08.352Z [error]: Cleanup stale presence error: getaddrinfo ENOTFOUND ac-ycssmpd-shard-00-00.tvw48ir.mongodb.net
MongoServerSelectionError: getaddrinfo ENOTFOUND ac-ycssmpd-shard-00-00.tvw48ir.mongodb.net
    at Topology.selectServer (C:\Users\LENOVO\OneDrive\Desktop\JWLovers\server\node_modules\mongodb\src\sdam\topology.ts:637:30)
    at tryOperation (C:\Users\LENOVO\OneDrive\Desktop\JWLovers\server\node_modules\mongodb\src\operations\execute_operation.ts:206:16)
    at executeOperation (C:\Users\LENOVO\OneDrive\Desktop\JWLovers\server\node_modules\mongodb\src\operations\execute_operation.ts:123:12)
    at FindCursor._initialize (C:\Users\LENOVO\OneDrive\Desktop\JWLovers\server\node_modules\mongodb\src\cursor\find_cursor.ts:92:22)
    at FindCursor.cursorInit (C:\Users\LENOVO\OneDrive\Desktop\JWLovers\server\node_modules\mongodb\src\cursor\abstract_cursor.ts:917:21)
    at FindCursor.fetchBatch (C:\Users\LENOVO\OneDrive\Desktop\JWLovers\server\node_modules\mongodb\src\cursor\abstract_cursor.ts:955:7)
    at FindCursor.next (C:\Users\LENOVO\OneDrive\Desktop\JWLovers\server\node_modules\mongodb\src\cursor\abstract_cursor.ts:573:9)
    at FindCursor.[Symbol.asyncIterator] (C:\Users\LENOVO\OneDrive\Desktop\JWLovers\server\node_modules\mongodb\src\cursor\abstract_cursor.ts:492:26)
    at FindCursor.toArray (C:\Users\LENOVO\OneDrive\Desktop\JWLovers\server\node_modules\mongodb\src\cursor\abstract_cursor.ts:661:22)
    at model.Query._find (C:\Users\LENOVO\OneDrive\Desktop\JWLovers\server\node_modules\mongoose\lib\query.js:2473:14)
{
  "errorLabelSet": {},
  "reason": {
    "type": "ReplicaSetNoPrimary",
    "servers": {
      "ac-ycssmpd-shard-00-00.tvw48ir.mongodb.net:27017": {
        "address": "ac-ycssmpd-shard-00-00.tvw48ir.mongodb.net:27017",
        "type": "Unknown",
        "hosts": [],
        "passives": [],
        "arbiters": [],
        "tags": {},
        "minWireVersion": 0,
        "maxWireVersion": 0,
        "roundTripTime": -1,
        "minRoundTripTime": 0,
        "lastUpdateTime": 144035630,
        "lastWriteDate": 0,
        "error": {
          "errorLabelSet": {},
          "beforeHandshake": false
        },
        "topologyVersion": null,
        "setName": null,
        "setVersion": null,
        "electionId": null,
        "logicalSessionTimeoutMinutes": null,
        "maxMessageSizeBytes": null,
        "maxWriteBatchSize": null,
        "maxBsonObjectSize": null,
        "primary": null,
        "me": null,
        "$clusterTime": null,
        "iscryptd": false
      },
      "ac-ycssmpd-shard-00-01.tvw48ir.mongodb.net:27017": {
        "address": "ac-ycssmpd-shard-00-01.tvw48ir.mongodb.net:27017",
        "type": "Unknown",
        "hosts": [],
        "passives": [],
        "arbiters": [],
        "tags": {},
        "minWireVersion": 0,
        "maxWireVersion": 0,
        "roundTripTime": -1,
        "minRoundTripTime": 0,
        "lastUpdateTime": 144035634,
        "lastWriteDate": 0,
        "error": {
          "errorLabelSet": {},
          "beforeHandshake": false
        },
        "topologyVersion": null,
        "setName": null,
        "setVersion": null,
        "electionId": null,
        "logicalSessionTimeoutMinutes": null,
        "maxMessageSizeBytes": null,
        "maxWriteBatchSize": null,
        "maxBsonObjectSize": null,
        "primary": null,
        "me": null,
        "$clusterTime": null,
        "iscryptd": false
      },
      "ac-ycssmpd-shard-00-02.tvw48ir.mongodb.net:27017": {
        "address": "ac-ycssmpd-shard-00-02.tvw48ir.mongodb.net:27017",
        "type": "Unknown",
        "hosts": [],
        "passives": [],
        "arbiters": [],
        "tags": {},
        "minWireVersion": 0,
        "maxWireVersion": 0,
        "roundTripTime": -1,
        "minRoundTripTime": 0,
        "lastUpdateTime": 144035649,
        "lastWriteDate": 0,
        "error": {
          "errorLabelSet": {},
          "beforeHandshake": false
        },
        "topologyVersion": null,
        "setName": null,
        "setVersion": null,
        "electionId": null,
        "logicalSessionTimeoutMinutes": null,
        "maxMessageSizeBytes": null,
        "maxWriteBatchSize": null,
        "maxBsonObjectSize": null,
        "primary": null,
        "me": null,
        "$clusterTime": null,
        "iscryptd": false
      }
    },
    "stale": false,
    "compatible": true,
    "heartbeatFrequencyMS": 10000,
    "localThresholdMS": 15,
    "setName": "atlas-ldvzrz-shard-0",
    "maxElectionId": {
      "$oid": "7fffffff0000000000000096"
    },
    "maxSetVersion": 35,
    "commonWireVersion": 25,
    "logicalSessionTimeoutMinutes": null
  },
  "cause": {
    "errorLabelSet": {},
    "beforeHandshake": false
  }
}
2026-06-27T15:12:08.327Z [error]: Cleanup stale presence error: getaddrinfo ENOTFOUND ac-ycssmpd-shard-00-00.tvw48ir.mongodb.net
MongoServerSelectionError: getaddrinfo ENOTFOUND ac-ycssmpd-shard-00-00.tvw48ir.mongodb.net
    at Topology.selectServer (C:\Users\LENOVO\OneDrive\Desktop\JWLovers\server\node_modules\mongodb\src\sdam\topology.ts:637:30)
    at tryOperation (C:\Users\LENOVO\OneDrive\Desktop\JWLovers\server\node_modules\mongodb\src\operations\execute_operation.ts:206:16)
    at executeOperation (C:\Users\LENOVO\OneDrive\Desktop\JWLovers\server\node_modules\mongodb\src\operations\execute_operation.ts:123:12)
    at FindCursor._initialize (C:\Users\LENOVO\OneDrive\Desktop\JWLovers\server\node_modules\mongodb\src\cursor\find_cursor.ts:92:22)
    at FindCursor.cursorInit (C:\Users\LENOVO\OneDrive\Desktop\JWLovers\server\node_modules\mongodb\src\cursor\abstract_cursor.ts:917:21)
    at FindCursor.fetchBatch (C:\Users\LENOVO\OneDrive\Desktop\JWLovers\server\node_modules\mongodb\src\cursor\abstract_cursor.ts:955:7)
    at FindCursor.next (C:\Users\LENOVO\OneDrive\Desktop\JWLovers\server\node_modules\mongodb\src\cursor\abstract_cursor.ts:573:9)
    at FindCursor.[Symbol.asyncIterator] (C:\Users\LENOVO\OneDrive\Desktop\JWLovers\server\node_modules\mongodb\src\cursor\abstract_cursor.ts:492:26)
    at FindCursor.toArray (C:\Users\LENOVO\OneDrive\Desktop\JWLovers\server\node_modules\mongodb\src\cursor\abstract_cursor.ts:661:22)
    at model.Query._find (C:\Users\LENOVO\OneDrive\Desktop\JWLovers\server\node_modules\mongoose\lib\query.js:2473:14)
{
  "errorLabelSet": {},
  "reason": {
    "type": "ReplicaSetNoPrimary",
    "servers": {
      "ac-ycssmpd-shard-00-00.tvw48ir.mongodb.net:27017": {
        "address": "ac-ycssmpd-shard-00-00.tvw48ir.mongodb.net:27017",
        "type": "Unknown",
        "hosts": [],
        "passives": [],
        "arbiters": [],
        "tags": {},
        "minWireVersion": 0,
        "maxWireVersion": 0,
        "roundTripTime": -1,
        "minRoundTripTime": 0,
        "lastUpdateTime": 144095922,
        "lastWriteDate": 0,
        "error": {
          "errorLabelSet": {},
          "beforeHandshake": false
        },
        "topologyVersion": null,
        "setName": null,
        "setVersion": null,
        "electionId": null,
        "logicalSessionTimeoutMinutes": null,
        "maxMessageSizeBytes": null,
        "maxWriteBatchSize": null,
        "maxBsonObjectSize": null,
        "primary": null,
        "me": null,
        "$clusterTime": null,
        "iscryptd": false
      },
      "ac-ycssmpd-shard-00-01.tvw48ir.mongodb.net:27017": {
        "address": "ac-ycssmpd-shard-00-01.tvw48ir.mongodb.net:27017",
        "type": "Unknown",
        "hosts": [],
        "passives": [],
        "arbiters": [],
        "tags": {},
        "minWireVersion": 0,
        "maxWireVersion": 0,
        "roundTripTime": -1,
        "minRoundTripTime": 0,
        "lastUpdateTime": 144095943,
        "lastWriteDate": 0,
        "error": {
          "errorLabelSet": {},
          "beforeHandshake": false
        },
        "topologyVersion": null,
        "setName": null,
        "setVersion": null,
        "electionId": null,
        "logicalSessionTimeoutMinutes": null,
        "maxMessageSizeBytes": null,
        "maxWriteBatchSize": null,
        "maxBsonObjectSize": null,
        "primary": null,
        "me": null,
        "$clusterTime": null,
        "iscryptd": false
      },
      "ac-ycssmpd-shard-00-02.tvw48ir.mongodb.net:27017": {
        "address": "ac-ycssmpd-shard-00-02.tvw48ir.mongodb.net:27017",
        "type": "Unknown",
        "hosts": [],
        "passives": [],
        "arbiters": [],
        "tags": {},
        "minWireVersion": 0,
        "maxWireVersion": 0,
        "roundTripTime": -1,
        "minRoundTripTime": 0,
        "lastUpdateTime": 144095958,
        "lastWriteDate": 0,
        "error": {
          "errorLabelSet": {},
          "beforeHandshake": false
        },
        "topologyVersion": null,
        "setName": null,
        "setVersion": null,
        "electionId": null,
        "logicalSessionTimeoutMinutes": null,
        "maxMessageSizeBytes": null,
        "maxWriteBatchSize": null,
        "maxBsonObjectSize": null,
        "primary": null,
        "me": null,
        "$clusterTime": null,
        "iscryptd": false
      }
    },
    "stale": false,
    "compatible": true,
    "heartbeatFrequencyMS": 10000,
    "localThresholdMS": 15,
    "setName": "atlas-ldvzrz-shard-0",
    "maxElectionId": {
      "$oid": "7fffffff0000000000000096"
    },
    "maxSetVersion": 35,
    "commonWireVersion": 25,
    "logicalSessionTimeoutMinutes": null
  },
  "cause": {
    "errorLabelSet": {},
    "beforeHandshake": false
  }
}
2026-06-27T15:13:08.345Z [error]: Cleanup stale presence error: getaddrinfo ENOTFOUND ac-ycssmpd-shard-00-00.tvw48ir.mongodb.net
MongoServerSelectionError: getaddrinfo ENOTFOUND ac-ycssmpd-shard-00-00.tvw48ir.mongodb.net
    at Topology.selectServer (C:\Users\LENOVO\OneDrive\Desktop\JWLovers\server\node_modules\mongodb\src\sdam\topology.ts:637:30)
    at tryOperation (C:\Users\LENOVO\OneDrive\Desktop\JWLovers\server\node_modules\mongodb\src\operations\execute_operation.ts:206:16)
    at executeOperation (C:\Users\LENOVO\OneDrive\Desktop\JWLovers\server\node_modules\mongodb\src\operations\execute_operation.ts:123:12)
    at FindCursor._initialize (C:\Users\LENOVO\OneDrive\Desktop\JWLovers\server\node_modules\mongodb\src\cursor\find_cursor.ts:92:22)
    at FindCursor.cursorInit (C:\Users\LENOVO\OneDrive\Desktop\JWLovers\server\node_modules\mongodb\src\cursor\abstract_cursor.ts:917:21)
    at FindCursor.fetchBatch (C:\Users\LENOVO\OneDrive\Desktop\JWLovers\server\node_modules\mongodb\src\cursor\abstract_cursor.ts:955:7)
    at FindCursor.next (C:\Users\LENOVO\OneDrive\Desktop\JWLovers\server\node_modules\mongodb\src\cursor\abstract_cursor.ts:573:9)
    at FindCursor.[Symbol.asyncIterator] (C:\Users\LENOVO\OneDrive\Desktop\JWLovers\server\node_modules\mongodb\src\cursor\abstract_cursor.ts:492:26)
    at FindCursor.toArray (C:\Users\LENOVO\OneDrive\Desktop\JWLovers\server\node_modules\mongodb\src\cursor\abstract_cursor.ts:661:22)
    at model.Query._find (C:\Users\LENOVO\OneDrive\Desktop\JWLovers\server\node_modules\mongoose\lib\query.js:2473:14)
{
  "errorLabelSet": {},
  "reason": {
    "type": "ReplicaSetNoPrimary",
    "servers": {
      "ac-ycssmpd-shard-00-00.tvw48ir.mongodb.net:27017": {
        "address": "ac-ycssmpd-shard-00-00.tvw48ir.mongodb.net:27017",
        "type": "Unknown",
        "hosts": [],
        "passives": [],
        "arbiters": [],
        "tags": {},
        "minWireVersion": 0,
        "maxWireVersion": 0,
        "roundTripTime": -1,
        "minRoundTripTime": 0,
        "lastUpdateTime": 144155817,
        "lastWriteDate": 0,
        "error": {
          "errorLabelSet": {},
          "beforeHandshake": false
        },
        "topologyVersion": null,
        "setName": null,
        "setVersion": null,
        "electionId": null,
        "logicalSessionTimeoutMinutes": null,
        "maxMessageSizeBytes": null,
        "maxWriteBatchSize": null,
        "maxBsonObjectSize": null,
        "primary": null,
        "me": null,
        "$clusterTime": null,
        "iscryptd": false
      },
      "ac-ycssmpd-shard-00-01.tvw48ir.mongodb.net:27017": {
        "address": "ac-ycssmpd-shard-00-01.tvw48ir.mongodb.net:27017",
        "type": "Unknown",
        "hosts": [],
        "passives": [],
        "arbiters": [],
        "tags": {},
        "minWireVersion": 0,
        "maxWireVersion": 0,
        "roundTripTime": -1,
        "minRoundTripTime": 0,
        "lastUpdateTime": 144155819,
        "lastWriteDate": 0,
        "error": {
          "errorLabelSet": {},
          "beforeHandshake": false
        },
        "topologyVersion": null,
        "setName": null,
        "setVersion": null,
        "electionId": null,
        "logicalSessionTimeoutMinutes": null,
        "maxMessageSizeBytes": null,
        "maxWriteBatchSize": null,
        "maxBsonObjectSize": null,
        "primary": null,
        "me": null,
        "$clusterTime": null,
        "iscryptd": false
      },
      "ac-ycssmpd-shard-00-02.tvw48ir.mongodb.net:27017": {
        "address": "ac-ycssmpd-shard-00-02.tvw48ir.mongodb.net:27017",
        "type": "Unknown",
        "hosts": [],
        "passives": [],
        "arbiters": [],
        "tags": {},
        "minWireVersion": 0,
        "maxWireVersion": 0,
        "roundTripTime": -1,
        "minRoundTripTime": 0,
        "lastUpdateTime": 144155820,
        "lastWriteDate": 0,
        "error": {
          "errorLabelSet": {},
          "beforeHandshake": false
        },
        "topologyVersion": null,
        "setName": null,
        "setVersion": null,
        "electionId": null,
        "logicalSessionTimeoutMinutes": null,
        "maxMessageSizeBytes": null,
        "maxWriteBatchSize": null,
        "maxBsonObjectSize": null,
        "primary": null,
        "me": null,
        "$clusterTime": null,
        "iscryptd": false
      }
    },
    "stale": false,
    "compatible": true,
    "heartbeatFrequencyMS": 10000,
    "localThresholdMS": 15,
    "setName": "atlas-ldvzrz-shard-0",
    "maxElectionId": {
      "$oid": "7fffffff0000000000000096"
    },
    "maxSetVersion": 35,
    "commonWireVersion": 25,
    "logicalSessionTimeoutMinutes": null
  },
  "cause": {
    "errorLabelSet": {},
    "beforeHandshake": false
  }
}
2026-06-27T15:14:08.360Z [error]: Cleanup stale presence error: getaddrinfo ENOTFOUND ac-ycssmpd-shard-00-00.tvw48ir.mongodb.net
MongoServerSelectionError: getaddrinfo ENOTFOUND ac-ycssmpd-shard-00-00.tvw48ir.mongodb.net
    at Topology.selectServer (C:\Users\LENOVO\OneDrive\Desktop\JWLovers\server\node_modules\mongodb\src\sdam\topology.ts:637:30)
    at tryOperation (C:\Users\LENOVO\OneDrive\Desktop\JWLovers\server\node_modules\mongodb\src\operations\execute_operation.ts:206:16)
    at executeOperation (C:\Users\LENOVO\OneDrive\Desktop\JWLovers\server\node_modules\mongodb\src\operations\execute_operation.ts:123:12)
    at FindCursor._initialize (C:\Users\LENOVO\OneDrive\Desktop\JWLovers\server\node_modules\mongodb\src\cursor\find_cursor.ts:92:22)
    at FindCursor.cursorInit (C:\Users\LENOVO\OneDrive\Desktop\JWLovers\server\node_modules\mongodb\src\cursor\abstract_cursor.ts:917:21)
    at FindCursor.fetchBatch (C:\Users\LENOVO\OneDrive\Desktop\JWLovers\server\node_modules\mongodb\src\cursor\abstract_cursor.ts:955:7)
    at FindCursor.next (C:\Users\LENOVO\OneDrive\Desktop\JWLovers\server\node_modules\mongodb\src\cursor\abstract_cursor.ts:573:9)
    at FindCursor.[Symbol.asyncIterator] (C:\Users\LENOVO\OneDrive\Desktop\JWLovers\server\node_modules\mongodb\src\cursor\abstract_cursor.ts:492:26)
    at FindCursor.toArray (C:\Users\LENOVO\OneDrive\Desktop\JWLovers\server\node_modules\mongodb\src\cursor\abstract_cursor.ts:661:22)
    at model.Query._find (C:\Users\LENOVO\OneDrive\Desktop\JWLovers\server\node_modules\mongoose\lib\query.js:2473:14)
{
  "errorLabelSet": {},
  "reason": {
    "type": "ReplicaSetNoPrimary",
    "servers": {
      "ac-ycssmpd-shard-00-00.tvw48ir.mongodb.net:27017": {
        "address": "ac-ycssmpd-shard-00-00.tvw48ir.mongodb.net:27017",
        "type": "Unknown",
        "hosts": [],
        "passives": [],
        "arbiters": [],
        "tags": {},
        "minWireVersion": 0,
        "maxWireVersion": 0,
        "roundTripTime": -1,
        "minRoundTripTime": 0,
        "lastUpdateTime": 144215832,
        "lastWriteDate": 0,
        "error": {
          "errorLabelSet": {},
          "beforeHandshake": false
        },
        "topologyVersion": null,
        "setName": null,
        "setVersion": null,
        "electionId": null,
        "logicalSessionTimeoutMinutes": null,
        "maxMessageSizeBytes": null,
        "maxWriteBatchSize": null,
        "maxBsonObjectSize": null,
        "primary": null,
        "me": null,
        "$clusterTime": null,
        "iscryptd": false
      },
      "ac-ycssmpd-shard-00-01.tvw48ir.mongodb.net:27017": {
        "address": "ac-ycssmpd-shard-00-01.tvw48ir.mongodb.net:27017",
        "type": "Unknown",
        "hosts": [],
        "passives": [],
        "arbiters": [],
        "tags": {},
        "minWireVersion": 0,
        "maxWireVersion": 0,
        "roundTripTime": -1,
        "minRoundTripTime": 0,
        "lastUpdateTime": 144215839,
        "lastWriteDate": 0,
        "error": {
          "errorLabelSet": {},
          "beforeHandshake": false
        },
        "topologyVersion": null,
        "setName": null,
        "setVersion": null,
        "electionId": null,
        "logicalSessionTimeoutMinutes": null,
        "maxMessageSizeBytes": null,
        "maxWriteBatchSize": null,
        "maxBsonObjectSize": null,
        "primary": null,
        "me": null,
        "$clusterTime": null,
        "iscryptd": false
      },
      "ac-ycssmpd-shard-00-02.tvw48ir.mongodb.net:27017": {
        "address": "ac-ycssmpd-shard-00-02.tvw48ir.mongodb.net:27017",
        "type": "Unknown",
        "hosts": [],
        "passives": [],
        "arbiters": [],
        "tags": {},
        "minWireVersion": 0,
        "maxWireVersion": 0,
        "roundTripTime": -1,
        "minRoundTripTime": 0,
        "lastUpdateTime": 144215840,
        "lastWriteDate": 0,
        "error": {
          "errorLabelSet": {},
          "beforeHandshake": false
        },
        "topologyVersion": null,
        "setName": null,
        "setVersion": null,
        "electionId": null,
        "logicalSessionTimeoutMinutes": null,
        "maxMessageSizeBytes": null,
        "maxWriteBatchSize": null,
        "maxBsonObjectSize": null,
        "primary": null,
        "me": null,
        "$clusterTime": null,
        "iscryptd": false
      }
    },
    "stale": false,
    "compatible": true,
    "heartbeatFrequencyMS": 10000,
    "localThresholdMS": 15,
    "setName": "atlas-ldvzrz-shard-0",
    "maxElectionId": {
      "$oid": "7fffffff0000000000000096"
    },
    "maxSetVersion": 35,
    "commonWireVersion": 25,
    "logicalSessionTimeoutMinutes": null
  },
  "cause": {
    "errorLabelSet": {},
    "beforeHandshake": false
  }
}
2026-06-27T15:15:08.360Z [error]: Cleanup stale presence error: getaddrinfo ENOTFOUND ac-ycssmpd-shard-00-00.tvw48ir.mongodb.net
MongoServerSelectionError: getaddrinfo ENOTFOUND ac-ycssmpd-shard-00-00.tvw48ir.mongodb.net
    at Topology.selectServer (C:\Users\LENOVO\OneDrive\Desktop\JWLovers\server\node_modules\mongodb\src\sdam\topology.ts:637:30)
    at tryOperation (C:\Users\LENOVO\OneDrive\Desktop\JWLovers\server\node_modules\mongodb\src\operations\execute_operation.ts:206:16)
    at executeOperation (C:\Users\LENOVO\OneDrive\Desktop\JWLovers\server\node_modules\mongodb\src\operations\execute_operation.ts:123:12)
    at FindCursor._initialize (C:\Users\LENOVO\OneDrive\Desktop\JWLovers\server\node_modules\mongodb\src\cursor\find_cursor.ts:92:22)
    at FindCursor.cursorInit (C:\Users\LENOVO\OneDrive\Desktop\JWLovers\server\node_modules\mongodb\src\cursor\abstract_cursor.ts:917:21)
    at FindCursor.fetchBatch (C:\Users\LENOVO\OneDrive\Desktop\JWLovers\server\node_modules\mongodb\src\cursor\abstract_cursor.ts:955:7)
    at FindCursor.next (C:\Users\LENOVO\OneDrive\Desktop\JWLovers\server\node_modules\mongodb\src\cursor\abstract_cursor.ts:573:9)
    at FindCursor.[Symbol.asyncIterator] (C:\Users\LENOVO\OneDrive\Desktop\JWLovers\server\node_modules\mongodb\src\cursor\abstract_cursor.ts:492:26)
    at FindCursor.toArray (C:\Users\LENOVO\OneDrive\Desktop\JWLovers\server\node_modules\mongodb\src\cursor\abstract_cursor.ts:661:22)
    at model.Query._find (C:\Users\LENOVO\OneDrive\Desktop\JWLovers\server\node_modules\mongoose\lib\query.js:2473:14)
{
  "errorLabelSet": {},
  "reason": {
    "type": "ReplicaSetNoPrimary",
    "servers": {
      "ac-ycssmpd-shard-00-00.tvw48ir.mongodb.net:27017": {
        "address": "ac-ycssmpd-shard-00-00.tvw48ir.mongodb.net:27017",
        "type": "Unknown",
        "hosts": [],
        "passives": [],
        "arbiters": [],
        "tags": {},
        "minWireVersion": 0,
        "maxWireVersion": 0,
        "roundTripTime": -1,
        "minRoundTripTime": 0,
        "lastUpdateTime": 144275816,
        "lastWriteDate": 0,
        "error": {
          "errorLabelSet": {},
          "beforeHandshake": false
        },
        "topologyVersion": null,
        "setName": null,
        "setVersion": null,
        "electionId": null,
        "logicalSessionTimeoutMinutes": null,
        "maxMessageSizeBytes": null,
        "maxWriteBatchSize": null,
        "maxBsonObjectSize": null,
        "primary": null,
        "me": null,
        "$clusterTime": null,
        "iscryptd": false
      },
      "ac-ycssmpd-shard-00-01.tvw48ir.mongodb.net:27017": {
        "address": "ac-ycssmpd-shard-00-01.tvw48ir.mongodb.net:27017",
        "type": "Unknown",
        "hosts": [],
        "passives": [],
        "arbiters": [],
        "tags": {},
        "minWireVersion": 0,
        "maxWireVersion": 0,
        "roundTripTime": -1,
        "minRoundTripTime": 0,
        "lastUpdateTime": 144275817,
        "lastWriteDate": 0,
        "error": {
          "errorLabelSet": {},
          "beforeHandshake": false
        },
        "topologyVersion": null,
        "setName": null,
        "setVersion": null,
        "electionId": null,
        "logicalSessionTimeoutMinutes": null,
        "maxMessageSizeBytes": null,
        "maxWriteBatchSize": null,
        "maxBsonObjectSize": null,
        "primary": null,
        "me": null,
        "$clusterTime": null,
        "iscryptd": false
      },
      "ac-ycssmpd-shard-00-02.tvw48ir.mongodb.net:27017": {
        "address": "ac-ycssmpd-shard-00-02.tvw48ir.mongodb.net:27017",
        "type": "Unknown",
        "hosts": [],
        "passives": [],
        "arbiters": [],
        "tags": {},
        "minWireVersion": 0,
        "maxWireVersion": 0,
        "roundTripTime": -1,
        "minRoundTripTime": 0,
        "lastUpdateTime": 144275818,
        "lastWriteDate": 0,
        "error": {
          "errorLabelSet": {},
          "beforeHandshake": false
        },
        "topologyVersion": null,
        "setName": null,
        "setVersion": null,
        "electionId": null,
        "logicalSessionTimeoutMinutes": null,
        "maxMessageSizeBytes": null,
        "maxWriteBatchSize": null,
        "maxBsonObjectSize": null,
        "primary": null,
        "me": null,
        "$clusterTime": null,
        "iscryptd": false
      }
    },
    "stale": false,
    "compatible": true,
    "heartbeatFrequencyMS": 10000,
    "localThresholdMS": 15,
    "setName": "atlas-ldvzrz-shard-0",
    "maxElectionId": {
      "$oid": "7fffffff0000000000000096"
    },
    "maxSetVersion": 35,
    "commonWireVersion": 25,
    "logicalSessionTimeoutMinutes": null
  },
  "cause": {
    "errorLabelSet": {},
    "beforeHandshake": false
  }
}
2026-06-27T15:16:08.360Z [error]: Cleanup stale presence error: getaddrinfo ENOTFOUND ac-ycssmpd-shard-00-00.tvw48ir.mongodb.net
MongoServerSelectionError: getaddrinfo ENOTFOUND ac-ycssmpd-shard-00-00.tvw48ir.mongodb.net
    at Topology.selectServer (C:\Users\LENOVO\OneDrive\Desktop\JWLovers\server\node_modules\mongodb\src\sdam\topology.ts:637:30)
    at tryOperation (C:\Users\LENOVO\OneDrive\Desktop\JWLovers\server\node_modules\mongodb\src\operations\execute_operation.ts:206:16)
    at executeOperation (C:\Users\LENOVO\OneDrive\Desktop\JWLovers\server\node_modules\mongodb\src\operations\execute_operation.ts:123:12)
    at FindCursor._initialize (C:\Users\LENOVO\OneDrive\Desktop\JWLovers\server\node_modules\mongodb\src\cursor\find_cursor.ts:92:22)
    at FindCursor.cursorInit (C:\Users\LENOVO\OneDrive\Desktop\JWLovers\server\node_modules\mongodb\src\cursor\abstract_cursor.ts:917:21)
    at FindCursor.fetchBatch (C:\Users\LENOVO\OneDrive\Desktop\JWLovers\server\node_modules\mongodb\src\cursor\abstract_cursor.ts:955:7)
    at FindCursor.next (C:\Users\LENOVO\OneDrive\Desktop\JWLovers\server\node_modules\mongodb\src\cursor\abstract_cursor.ts:573:9)
    at FindCursor.[Symbol.asyncIterator] (C:\Users\LENOVO\OneDrive\Desktop\JWLovers\server\node_modules\mongodb\src\cursor\abstract_cursor.ts:492:26)
    at FindCursor.toArray (C:\Users\LENOVO\OneDrive\Desktop\JWLovers\server\node_modules\mongodb\src\cursor\abstract_cursor.ts:661:22)
    at model.Query._find (C:\Users\LENOVO\OneDrive\Desktop\JWLovers\server\node_modules\mongoose\lib\query.js:2473:14)
{
  "errorLabelSet": {},
  "reason": {
    "type": "ReplicaSetNoPrimary",
    "servers": {
      "ac-ycssmpd-shard-00-00.tvw48ir.mongodb.net:27017": {
        "address": "ac-ycssmpd-shard-00-00.tvw48ir.mongodb.net:27017",
        "type": "Unknown",
        "hosts": [],
        "passives": [],
        "arbiters": [],
        "tags": {},
        "minWireVersion": 0,
        "maxWireVersion": 0,
        "roundTripTime": -1,
        "minRoundTripTime": 0,
        "lastUpdateTime": 144335860,
        "lastWriteDate": 0,
        "error": {
          "errorLabelSet": {},
          "beforeHandshake": false
        },
        "topologyVersion": null,
        "setName": null,
        "setVersion": null,
        "electionId": null,
        "logicalSessionTimeoutMinutes": null,
        "maxMessageSizeBytes": null,
        "maxWriteBatchSize": null,
        "maxBsonObjectSize": null,
        "primary": null,
        "me": null,
        "$clusterTime": null,
        "iscryptd": false
      },
      "ac-ycssmpd-shard-00-01.tvw48ir.mongodb.net:27017": {
        "address": "ac-ycssmpd-shard-00-01.tvw48ir.mongodb.net:27017",
        "type": "Unknown",
        "hosts": [],
        "passives": [],
        "arbiters": [],
        "tags": {},
        "minWireVersion": 0,
        "maxWireVersion": 0,
        "roundTripTime": -1,
        "minRoundTripTime": 0,
        "lastUpdateTime": 144335861,
        "lastWriteDate": 0,
        "error": {
          "errorLabelSet": {},
          "beforeHandshake": false
        },
        "topologyVersion": null,
        "setName": null,
        "setVersion": null,
        "electionId": null,
        "logicalSessionTimeoutMinutes": null,
        "maxMessageSizeBytes": null,
        "maxWriteBatchSize": null,
        "maxBsonObjectSize": null,
        "primary": null,
        "me": null,
        "$clusterTime": null,
        "iscryptd": false
      },
      "ac-ycssmpd-shard-00-02.tvw48ir.mongodb.net:27017": {
        "address": "ac-ycssmpd-shard-00-02.tvw48ir.mongodb.net:27017",
        "type": "Unknown",
        "hosts": [],
        "passives": [],
        "arbiters": [],
        "tags": {},
        "minWireVersion": 0,
        "maxWireVersion": 0,
        "roundTripTime": -1,
        "minRoundTripTime": 0,
        "lastUpdateTime": 144335862,
        "lastWriteDate": 0,
        "error": {
          "errorLabelSet": {},
          "beforeHandshake": false
        },
        "topologyVersion": null,
        "setName": null,
        "setVersion": null,
        "electionId": null,
        "logicalSessionTimeoutMinutes": null,
        "maxMessageSizeBytes": null,
        "maxWriteBatchSize": null,
        "maxBsonObjectSize": null,
        "primary": null,
        "me": null,
        "$clusterTime": null,
        "iscryptd": false
      }
    },
    "stale": false,
    "compatible": true,
    "heartbeatFrequencyMS": 10000,
    "localThresholdMS": 15,
    "setName": "atlas-ldvzrz-shard-0",
    "maxElectionId": {
      "$oid": "7fffffff0000000000000096"
    },
    "maxSetVersion": 35,
    "commonWireVersion": 25,
    "logicalSessionTimeoutMinutes": null
  },
  "cause": {
    "errorLabelSet": {},
    "beforeHandshake": false
  }
}
2026-06-27T15:17:08.394Z [error]: Cleanup stale presence error: getaddrinfo ENOTFOUND ac-ycssmpd-shard-00-00.tvw48ir.mongodb.net
MongoServerSelectionError: getaddrinfo ENOTFOUND ac-ycssmpd-shard-00-00.tvw48ir.mongodb.net
    at Topology.selectServer (C:\Users\LENOVO\OneDrive\Desktop\JWLovers\server\node_modules\mongodb\src\sdam\topology.ts:637:30)
    at tryOperation (C:\Users\LENOVO\OneDrive\Desktop\JWLovers\server\node_modules\mongodb\src\operations\execute_operation.ts:206:16)
    at executeOperation (C:\Users\LENOVO\OneDrive\Desktop\JWLovers\server\node_modules\mongodb\src\operations\execute_operation.ts:123:12)
    at FindCursor._initialize (C:\Users\LENOVO\OneDrive\Desktop\JWLovers\server\node_modules\mongodb\src\cursor\find_cursor.ts:92:22)
    at FindCursor.cursorInit (C:\Users\LENOVO\OneDrive\Desktop\JWLovers\server\node_modules\mongodb\src\cursor\abstract_cursor.ts:917:21)
    at FindCursor.fetchBatch (C:\Users\LENOVO\OneDrive\Desktop\JWLovers\server\node_modules\mongodb\src\cursor\abstract_cursor.ts:955:7)
    at FindCursor.next (C:\Users\LENOVO\OneDrive\Desktop\JWLovers\server\node_modules\mongodb\src\cursor\abstract_cursor.ts:573:9)
    at FindCursor.[Symbol.asyncIterator] (C:\Users\LENOVO\OneDrive\Desktop\JWLovers\server\node_modules\mongodb\src\cursor\abstract_cursor.ts:492:26)
    at FindCursor.toArray (C:\Users\LENOVO\OneDrive\Desktop\JWLovers\server\node_modules\mongodb\src\cursor\abstract_cursor.ts:661:22)
    at model.Query._find (C:\Users\LENOVO\OneDrive\Desktop\JWLovers\server\node_modules\mongoose\lib\query.js:2473:14)
{
  "errorLabelSet": {},
  "reason": {
    "type": "ReplicaSetNoPrimary",
    "servers": {
      "ac-ycssmpd-shard-00-00.tvw48ir.mongodb.net:27017": {
        "address": "ac-ycssmpd-shard-00-00.tvw48ir.mongodb.net:27017",
        "type": "Unknown",
        "hosts": [],
        "passives": [],
        "arbiters": [],
        "tags": {},
        "minWireVersion": 0,
        "maxWireVersion": 0,
        "roundTripTime": -1,
        "minRoundTripTime": 0,
        "lastUpdateTime": 144395897,
        "lastWriteDate": 0,
        "error": {
          "errorLabelSet": {},
          "beforeHandshake": false
        },
        "topologyVersion": null,
        "setName": null,
        "setVersion": null,
        "electionId": null,
        "logicalSessionTimeoutMinutes": null,
        "maxMessageSizeBytes": null,
        "maxWriteBatchSize": null,
        "maxBsonObjectSize": null,
        "primary": null,
        "me": null,
        "$clusterTime": null,
        "iscryptd": false
      },
      "ac-ycssmpd-shard-00-01.tvw48ir.mongodb.net:27017": {
        "address": "ac-ycssmpd-shard-00-01.tvw48ir.mongodb.net:27017",
        "type": "Unknown",
        "hosts": [],
        "passives": [],
        "arbiters": [],
        "tags": {},
        "minWireVersion": 0,
        "maxWireVersion": 0,
        "roundTripTime": -1,
        "minRoundTripTime": 0,
        "lastUpdateTime": 144395898,
        "lastWriteDate": 0,
        "error": {
          "errorLabelSet": {},
          "beforeHandshake": false
        },
        "topologyVersion": null,
        "setName": null,
        "setVersion": null,
        "electionId": null,
        "logicalSessionTimeoutMinutes": null,
        "maxMessageSizeBytes": null,
        "maxWriteBatchSize": null,
        "maxBsonObjectSize": null,
        "primary": null,
        "me": null,
        "$clusterTime": null,
        "iscryptd": false
      },
      "ac-ycssmpd-shard-00-02.tvw48ir.mongodb.net:27017": {
        "address": "ac-ycssmpd-shard-00-02.tvw48ir.mongodb.net:27017",
        "type": "Unknown",
        "hosts": [],
        "passives": [],
        "arbiters": [],
        "tags": {},
        "minWireVersion": 0,
        "maxWireVersion": 0,
        "roundTripTime": -1,
        "minRoundTripTime": 0,
        "lastUpdateTime": 144395899,
        "lastWriteDate": 0,
        "error": {
          "errorLabelSet": {},
          "beforeHandshake": false
        },
        "topologyVersion": null,
        "setName": null,
        "setVersion": null,
        "electionId": null,
        "logicalSessionTimeoutMinutes": null,
        "maxMessageSizeBytes": null,
        "maxWriteBatchSize": null,
        "maxBsonObjectSize": null,
        "primary": null,
        "me": null,
        "$clusterTime": null,
        "iscryptd": false
      }
    },
    "stale": false,
    "compatible": true,
    "heartbeatFrequencyMS": 10000,
    "localThresholdMS": 15,
    "setName": "atlas-ldvzrz-shard-0",
    "maxElectionId": {
      "$oid": "7fffffff0000000000000096"
    },
    "maxSetVersion": 35,
    "commonWireVersion": 25,
    "logicalSessionTimeoutMinutes": null
  },
  "cause": {
    "errorLabelSet": {},
    "beforeHandshake": false
  }
}
2026-06-27T15:18:08.807Z [error]: Cleanup stale presence error: Socket 'secureConnect' timed out after 10083ms (connectTimeoutMS: 10000)
MongoServerSelectionError: Socket 'secureConnect' timed out after 10083ms (connectTimeoutMS: 10000)
    at Topology.selectServer (C:\Users\LENOVO\OneDrive\Desktop\JWLovers\server\node_modules\mongodb\src\sdam\topology.ts:637:30)
    at tryOperation (C:\Users\LENOVO\OneDrive\Desktop\JWLovers\server\node_modules\mongodb\src\operations\execute_operation.ts:206:16)
    at executeOperation (C:\Users\LENOVO\OneDrive\Desktop\JWLovers\server\node_modules\mongodb\src\operations\execute_operation.ts:123:12)
    at FindCursor._initialize (C:\Users\LENOVO\OneDrive\Desktop\JWLovers\server\node_modules\mongodb\src\cursor\find_cursor.ts:92:22)
    at FindCursor.cursorInit (C:\Users\LENOVO\OneDrive\Desktop\JWLovers\server\node_modules\mongodb\src\cursor\abstract_cursor.ts:917:21)
    at FindCursor.fetchBatch (C:\Users\LENOVO\OneDrive\Desktop\JWLovers\server\node_modules\mongodb\src\cursor\abstract_cursor.ts:955:7)
    at FindCursor.next (C:\Users\LENOVO\OneDrive\Desktop\JWLovers\server\node_modules\mongodb\src\cursor\abstract_cursor.ts:573:9)
    at FindCursor.[Symbol.asyncIterator] (C:\Users\LENOVO\OneDrive\Desktop\JWLovers\server\node_modules\mongodb\src\cursor\abstract_cursor.ts:492:26)
    at FindCursor.toArray (C:\Users\LENOVO\OneDrive\Desktop\JWLovers\server\node_modules\mongodb\src\cursor\abstract_cursor.ts:661:22)
    at model.Query._find (C:\Users\LENOVO\OneDrive\Desktop\JWLovers\server\node_modules\mongoose\lib\query.js:2473:14)
{
  "errorLabelSet": {},
  "reason": {
    "type": "ReplicaSetNoPrimary",
    "servers": {
      "ac-ycssmpd-shard-00-00.tvw48ir.mongodb.net:27017": {
        "address": "ac-ycssmpd-shard-00-00.tvw48ir.mongodb.net:27017",
        "type": "Unknown",
        "hosts": [],
        "passives": [],
        "arbiters": [],
        "tags": {},
        "minWireVersion": 0,
        "maxWireVersion": 0,
        "roundTripTime": -1,
        "minRoundTripTime": 0,
        "lastUpdateTime": 144450450,
        "lastWriteDate": 0,
        "error": {
          "errorLabelSet": {},
          "beforeHandshake": false
        },
        "topologyVersion": null,
        "setName": null,
        "setVersion": null,
        "electionId": null,
        "logicalSessionTimeoutMinutes": null,
        "maxMessageSizeBytes": null,
        "maxWriteBatchSize": null,
        "maxBsonObjectSize": null,
        "primary": null,
        "me": null,
        "$clusterTime": null,
        "iscryptd": false
      },
      "ac-ycssmpd-shard-00-01.tvw48ir.mongodb.net:27017": {
        "address": "ac-ycssmpd-shard-00-01.tvw48ir.mongodb.net:27017",
        "type": "Unknown",
        "hosts": [],
        "passives": [],
        "arbiters": [],
        "tags": {},
        "minWireVersion": 0,
        "maxWireVersion": 0,
        "roundTripTime": -1,
        "minRoundTripTime": 0,
        "lastUpdateTime": 144450524,
        "lastWriteDate": 0,
        "error": {
          "errorLabelSet": {},
          "beforeHandshake": false
        },
        "topologyVersion": null,
        "setName": null,
        "setVersion": null,
        "electionId": null,
        "logicalSessionTimeoutMinutes": null,
        "maxMessageSizeBytes": null,
        "maxWriteBatchSize": null,
        "maxBsonObjectSize": null,
        "primary": null,
        "me": null,
        "$clusterTime": null,
        "iscryptd": false
      },
      "ac-ycssmpd-shard-00-02.tvw48ir.mongodb.net:27017": {
        "address": "ac-ycssmpd-shard-00-02.tvw48ir.mongodb.net:27017",
        "type": "Unknown",
        "hosts": [],
        "passives": [],
        "arbiters": [],
        "tags": {},
        "minWireVersion": 0,
        "maxWireVersion": 0,
        "roundTripTime": -1,
        "minRoundTripTime": 0,
        "lastUpdateTime": 144453778,
        "lastWriteDate": 0,
        "error": {
          "errorLabelSet": {},
          "beforeHandshake": false
        },
        "topologyVersion": null,
        "setName": null,
        "setVersion": null,
        "electionId": null,
        "logicalSessionTimeoutMinutes": null,
        "maxMessageSizeBytes": null,
        "maxWriteBatchSize": null,
        "maxBsonObjectSize": null,
        "primary": null,
        "me": null,
        "$clusterTime": null,
        "iscryptd": false
      }
    },
    "stale": false,
    "compatible": true,
    "heartbeatFrequencyMS": 10000,
    "localThresholdMS": 15,
    "setName": "atlas-ldvzrz-shard-0",
    "maxElectionId": {
      "$oid": "7fffffff0000000000000096"
    },
    "maxSetVersion": 35,
    "commonWireVersion": 25,
    "logicalSessionTimeoutMinutes": null
  },
  "cause": {
    "errorLabelSet": {},
    "beforeHandshake": false
  }
}
2026-06-27T17:02:09.656Z [error]: Cleanup stale presence error: getaddrinfo ENOTFOUND ac-ycssmpd-shard-00-00.tvw48ir.mongodb.net
MongoServerSelectionError: getaddrinfo ENOTFOUND ac-ycssmpd-shard-00-00.tvw48ir.mongodb.net
    at Topology.selectServer (C:\Users\LENOVO\OneDrive\Desktop\JWLovers\server\node_modules\mongodb\src\sdam\topology.ts:637:30)
    at tryOperation (C:\Users\LENOVO\OneDrive\Desktop\JWLovers\server\node_modules\mongodb\src\operations\execute_operation.ts:206:16)
    at executeOperation (C:\Users\LENOVO\OneDrive\Desktop\JWLovers\server\node_modules\mongodb\src\operations\execute_operation.ts:123:12)
    at FindCursor._initialize (C:\Users\LENOVO\OneDrive\Desktop\JWLovers\server\node_modules\mongodb\src\cursor\find_cursor.ts:92:22)
    at FindCursor.cursorInit (C:\Users\LENOVO\OneDrive\Desktop\JWLovers\server\node_modules\mongodb\src\cursor\abstract_cursor.ts:917:21)
    at FindCursor.fetchBatch (C:\Users\LENOVO\OneDrive\Desktop\JWLovers\server\node_modules\mongodb\src\cursor\abstract_cursor.ts:955:7)
    at FindCursor.next (C:\Users\LENOVO\OneDrive\Desktop\JWLovers\server\node_modules\mongodb\src\cursor\abstract_cursor.ts:573:9)
    at FindCursor.[Symbol.asyncIterator] (C:\Users\LENOVO\OneDrive\Desktop\JWLovers\server\node_modules\mongodb\src\cursor\abstract_cursor.ts:492:26)
    at FindCursor.toArray (C:\Users\LENOVO\OneDrive\Desktop\JWLovers\server\node_modules\mongodb\src\cursor\abstract_cursor.ts:661:22)
    at model.Query._find (C:\Users\LENOVO\OneDrive\Desktop\JWLovers\server\node_modules\mongoose\lib\query.js:2473:14)
{
  "errorLabelSet": {},
  "reason": {
    "type": "ReplicaSetNoPrimary",
    "servers": {
      "ac-ycssmpd-shard-00-00.tvw48ir.mongodb.net:27017": {
        "address": "ac-ycssmpd-shard-00-00.tvw48ir.mongodb.net:27017",
        "type": "Unknown",
        "hosts": [],
        "passives": [],
        "arbiters": [],
        "tags": {},
        "minWireVersion": 0,
        "maxWireVersion": 0,
        "roundTripTime": -1,
        "minRoundTripTime": 0,
        "lastUpdateTime": 150697088,
        "lastWriteDate": 0,
        "error": {
          "errorLabelSet": {},
          "beforeHandshake": false
        },
        "topologyVersion": null,
        "setName": null,
        "setVersion": null,
        "electionId": null,
        "logicalSessionTimeoutMinutes": null,
        "maxMessageSizeBytes": null,
        "maxWriteBatchSize": null,
        "maxBsonObjectSize": null,
        "primary": null,
        "me": null,
        "$clusterTime": null,
        "iscryptd": false
      },
      "ac-ycssmpd-shard-00-01.tvw48ir.mongodb.net:27017": {
        "address": "ac-ycssmpd-shard-00-01.tvw48ir.mongodb.net:27017",
        "type": "Unknown",
        "hosts": [],
        "passives": [],
        "arbiters": [],
        "tags": {},
        "minWireVersion": 0,
        "maxWireVersion": 0,
        "roundTripTime": -1,
        "minRoundTripTime": 0,
        "lastUpdateTime": 150697476,
        "lastWriteDate": 0,
        "error": {
          "errorLabelSet": {},
          "beforeHandshake": false
        },
        "topologyVersion": null,
        "setName": null,
        "setVersion": null,
        "electionId": null,
        "logicalSessionTimeoutMinutes": null,
        "maxMessageSizeBytes": null,
        "maxWriteBatchSize": null,
        "maxBsonObjectSize": null,
        "primary": null,
        "me": null,
        "$clusterTime": null,
        "iscryptd": false
      },
      "ac-ycssmpd-shard-00-02.tvw48ir.mongodb.net:27017": {
        "address": "ac-ycssmpd-shard-00-02.tvw48ir.mongodb.net:27017",
        "type": "Unknown",
        "hosts": [],
        "passives": [],
        "arbiters": [],
        "tags": {},
        "minWireVersion": 0,
        "maxWireVersion": 0,
        "roundTripTime": -1,
        "minRoundTripTime": 0,
        "lastUpdateTime": 150697089,
        "lastWriteDate": 0,
        "error": {
          "errorLabelSet": {},
          "beforeHandshake": false
        },
        "topologyVersion": null,
        "setName": null,
        "setVersion": null,
        "electionId": null,
        "logicalSessionTimeoutMinutes": null,
        "maxMessageSizeBytes": null,
        "maxWriteBatchSize": null,
        "maxBsonObjectSize": null,
        "primary": null,
        "me": null,
        "$clusterTime": null,
        "iscryptd": false
      }
    },
    "stale": false,
    "compatible": true,
    "heartbeatFrequencyMS": 10000,
    "localThresholdMS": 15,
    "setName": "atlas-ldvzrz-shard-0",
    "maxElectionId": {
      "$oid": "7fffffff0000000000000097"
    },
    "maxSetVersion": 35,
    "commonWireVersion": 25,
    "logicalSessionTimeoutMinutes": null
  },
  "cause": {
    "errorLabelSet": {},
    "beforeHandshake": false
  }
}
2026-06-27T17:03:09.659Z [error]: Cleanup stale presence error: getaddrinfo ENOTFOUND ac-ycssmpd-shard-00-00.tvw48ir.mongodb.net
MongoServerSelectionError: getaddrinfo ENOTFOUND ac-ycssmpd-shard-00-00.tvw48ir.mongodb.net
    at Topology.selectServer (C:\Users\LENOVO\OneDrive\Desktop\JWLovers\server\node_modules\mongodb\src\sdam\topology.ts:637:30)
    at tryOperation (C:\Users\LENOVO\OneDrive\Desktop\JWLovers\server\node_modules\mongodb\src\operations\execute_operation.ts:206:16)
    at executeOperation (C:\Users\LENOVO\OneDrive\Desktop\JWLovers\server\node_modules\mongodb\src\operations\execute_operation.ts:123:12)
    at FindCursor._initialize (C:\Users\LENOVO\OneDrive\Desktop\JWLovers\server\node_modules\mongodb\src\cursor\find_cursor.ts:92:22)
    at FindCursor.cursorInit (C:\Users\LENOVO\OneDrive\Desktop\JWLovers\server\node_modules\mongodb\src\cursor\abstract_cursor.ts:917:21)
    at FindCursor.fetchBatch (C:\Users\LENOVO\OneDrive\Desktop\JWLovers\server\node_modules\mongodb\src\cursor\abstract_cursor.ts:955:7)
    at FindCursor.next (C:\Users\LENOVO\OneDrive\Desktop\JWLovers\server\node_modules\mongodb\src\cursor\abstract_cursor.ts:573:9)
    at FindCursor.[Symbol.asyncIterator] (C:\Users\LENOVO\OneDrive\Desktop\JWLovers\server\node_modules\mongodb\src\cursor\abstract_cursor.ts:492:26)
    at FindCursor.toArray (C:\Users\LENOVO\OneDrive\Desktop\JWLovers\server\node_modules\mongodb\src\cursor\abstract_cursor.ts:661:22)
    at model.Query._find (C:\Users\LENOVO\OneDrive\Desktop\JWLovers\server\node_modules\mongoose\lib\query.js:2473:14)
{
  "errorLabelSet": {},
  "reason": {
    "type": "ReplicaSetNoPrimary",
    "servers": {
      "ac-ycssmpd-shard-00-00.tvw48ir.mongodb.net:27017": {
        "address": "ac-ycssmpd-shard-00-00.tvw48ir.mongodb.net:27017",
        "type": "Unknown",
        "hosts": [],
        "passives": [],
        "arbiters": [],
        "tags": {},
        "minWireVersion": 0,
        "maxWireVersion": 0,
        "roundTripTime": -1,
        "minRoundTripTime": 0,
        "lastUpdateTime": 150757132,
        "lastWriteDate": 0,
        "error": {
          "errorLabelSet": {},
          "beforeHandshake": false
        },
        "topologyVersion": null,
        "setName": null,
        "setVersion": null,
        "electionId": null,
        "logicalSessionTimeoutMinutes": null,
        "maxMessageSizeBytes": null,
        "maxWriteBatchSize": null,
        "maxBsonObjectSize": null,
        "primary": null,
        "me": null,
        "$clusterTime": null,
        "iscryptd": false
      },
      "ac-ycssmpd-shard-00-01.tvw48ir.mongodb.net:27017": {
        "address": "ac-ycssmpd-shard-00-01.tvw48ir.mongodb.net:27017",
        "type": "Unknown",
        "hosts": [],
        "passives": [],
        "arbiters": [],
        "tags": {},
        "minWireVersion": 0,
        "maxWireVersion": 0,
        "roundTripTime": -1,
        "minRoundTripTime": 0,
        "lastUpdateTime": 150757133,
        "lastWriteDate": 0,
        "error": {
          "errorLabelSet": {},
          "beforeHandshake": false
        },
        "topologyVersion": null,
        "setName": null,
        "setVersion": null,
        "electionId": null,
        "logicalSessionTimeoutMinutes": null,
        "maxMessageSizeBytes": null,
        "maxWriteBatchSize": null,
        "maxBsonObjectSize": null,
        "primary": null,
        "me": null,
        "$clusterTime": null,
        "iscryptd": false
      },
      "ac-ycssmpd-shard-00-02.tvw48ir.mongodb.net:27017": {
        "address": "ac-ycssmpd-shard-00-02.tvw48ir.mongodb.net:27017",
        "type": "Unknown",
        "hosts": [],
        "passives": [],
        "arbiters": [],
        "tags": {},
        "minWireVersion": 0,
        "maxWireVersion": 0,
        "roundTripTime": -1,
        "minRoundTripTime": 0,
        "lastUpdateTime": 150757133,
        "lastWriteDate": 0,
        "error": {
          "errorLabelSet": {},
          "beforeHandshake": false
        },
        "topologyVersion": null,
        "setName": null,
        "setVersion": null,
        "electionId": null,
        "logicalSessionTimeoutMinutes": null,
        "maxMessageSizeBytes": null,
        "maxWriteBatchSize": null,
        "maxBsonObjectSize": null,
        "primary": null,
        "me": null,
        "$clusterTime": null,
        "iscryptd": false
      }
    },
    "stale": false,
    "compatible": true,
    "heartbeatFrequencyMS": 10000,
    "localThresholdMS": 15,
    "setName": "atlas-ldvzrz-shard-0",
    "maxElectionId": {
      "$oid": "7fffffff0000000000000097"
    },
    "maxSetVersion": 35,
    "commonWireVersion": 25,
    "logicalSessionTimeoutMinutes": null
  },
  "cause": {
    "errorLabelSet": {},
    "beforeHandshake": false
  }
}
2026-06-27T17:04:09.665Z [error]: Cleanup stale presence error: getaddrinfo ENOTFOUND ac-ycssmpd-shard-00-00.tvw48ir.mongodb.net
MongoServerSelectionError: getaddrinfo ENOTFOUND ac-ycssmpd-shard-00-00.tvw48ir.mongodb.net
    at Topology.selectServer (C:\Users\LENOVO\OneDrive\Desktop\JWLovers\server\node_modules\mongodb\src\sdam\topology.ts:637:30)
    at tryOperation (C:\Users\LENOVO\OneDrive\Desktop\JWLovers\server\node_modules\mongodb\src\operations\execute_operation.ts:206:16)
    at executeOperation (C:\Users\LENOVO\OneDrive\Desktop\JWLovers\server\node_modules\mongodb\src\operations\execute_operation.ts:123:12)
    at FindCursor._initialize (C:\Users\LENOVO\OneDrive\Desktop\JWLovers\server\node_modules\mongodb\src\cursor\find_cursor.ts:92:22)
    at FindCursor.cursorInit (C:\Users\LENOVO\OneDrive\Desktop\JWLovers\server\node_modules\mongodb\src\cursor\abstract_cursor.ts:917:21)
    at FindCursor.fetchBatch (C:\Users\LENOVO\OneDrive\Desktop\JWLovers\server\node_modules\mongodb\src\cursor\abstract_cursor.ts:955:7)
    at FindCursor.next (C:\Users\LENOVO\OneDrive\Desktop\JWLovers\server\node_modules\mongodb\src\cursor\abstract_cursor.ts:573:9)
    at FindCursor.[Symbol.asyncIterator] (C:\Users\LENOVO\OneDrive\Desktop\JWLovers\server\node_modules\mongodb\src\cursor\abstract_cursor.ts:492:26)
    at FindCursor.toArray (C:\Users\LENOVO\OneDrive\Desktop\JWLovers\server\node_modules\mongodb\src\cursor\abstract_cursor.ts:661:22)
    at model.Query._find (C:\Users\LENOVO\OneDrive\Desktop\JWLovers\server\node_modules\mongoose\lib\query.js:2473:14)
{
  "errorLabelSet": {},
  "reason": {
    "type": "ReplicaSetNoPrimary",
    "servers": {
      "ac-ycssmpd-shard-00-00.tvw48ir.mongodb.net:27017": {
        "address": "ac-ycssmpd-shard-00-00.tvw48ir.mongodb.net:27017",
        "type": "Unknown",
        "hosts": [],
        "passives": [],
        "arbiters": [],
        "tags": {},
        "minWireVersion": 0,
        "maxWireVersion": 0,
        "roundTripTime": -1,
        "minRoundTripTime": 0,
        "lastUpdateTime": 150817200,
        "lastWriteDate": 0,
        "error": {
          "errorLabelSet": {},
          "beforeHandshake": false
        },
        "topologyVersion": null,
        "setName": null,
        "setVersion": null,
        "electionId": null,
        "logicalSessionTimeoutMinutes": null,
        "maxMessageSizeBytes": null,
        "maxWriteBatchSize": null,
        "maxBsonObjectSize": null,
        "primary": null,
        "me": null,
        "$clusterTime": null,
        "iscryptd": false
      },
      "ac-ycssmpd-shard-00-01.tvw48ir.mongodb.net:27017": {
        "address": "ac-ycssmpd-shard-00-01.tvw48ir.mongodb.net:27017",
        "type": "Unknown",
        "hosts": [],
        "passives": [],
        "arbiters": [],
        "tags": {},
        "minWireVersion": 0,
        "maxWireVersion": 0,
        "roundTripTime": -1,
        "minRoundTripTime": 0,
        "lastUpdateTime": 150817201,
        "lastWriteDate": 0,
        "error": {
          "errorLabelSet": {},
          "beforeHandshake": false
        },
        "topologyVersion": null,
        "setName": null,
        "setVersion": null,
        "electionId": null,
        "logicalSessionTimeoutMinutes": null,
        "maxMessageSizeBytes": null,
        "maxWriteBatchSize": null,
        "maxBsonObjectSize": null,
        "primary": null,
        "me": null,
        "$clusterTime": null,
        "iscryptd": false
      },
      "ac-ycssmpd-shard-00-02.tvw48ir.mongodb.net:27017": {
        "address": "ac-ycssmpd-shard-00-02.tvw48ir.mongodb.net:27017",
        "type": "Unknown",
        "hosts": [],
        "passives": [],
        "arbiters": [],
        "tags": {},
        "minWireVersion": 0,
        "maxWireVersion": 0,
        "roundTripTime": -1,
        "minRoundTripTime": 0,
        "lastUpdateTime": 150817203,
        "lastWriteDate": 0,
        "error": {
          "errorLabelSet": {},
          "beforeHandshake": false
        },
        "topologyVersion": null,
        "setName": null,
        "setVersion": null,
        "electionId": null,
        "logicalSessionTimeoutMinutes": null,
        "maxMessageSizeBytes": null,
        "maxWriteBatchSize": null,
        "maxBsonObjectSize": null,
        "primary": null,
        "me": null,
        "$clusterTime": null,
        "iscryptd": false
      }
    },
    "stale": false,
    "compatible": true,
    "heartbeatFrequencyMS": 10000,
    "localThresholdMS": 15,
    "setName": "atlas-ldvzrz-shard-0",
    "maxElectionId": {
      "$oid": "7fffffff0000000000000097"
    },
    "maxSetVersion": 35,
    "commonWireVersion": 25,
    "logicalSessionTimeoutMinutes": null
  },
  "cause": {
    "errorLabelSet": {},
    "beforeHandshake": false
  }
}
2026-06-27T17:05:09.758Z [error]: Cleanup stale presence error: getaddrinfo ENOTFOUND ac-ycssmpd-shard-00-00.tvw48ir.mongodb.net
MongoServerSelectionError: getaddrinfo ENOTFOUND ac-ycssmpd-shard-00-00.tvw48ir.mongodb.net
    at Topology.selectServer (C:\Users\LENOVO\OneDrive\Desktop\JWLovers\server\node_modules\mongodb\src\sdam\topology.ts:637:30)
    at tryOperation (C:\Users\LENOVO\OneDrive\Desktop\JWLovers\server\node_modules\mongodb\src\operations\execute_operation.ts:206:16)
    at executeOperation (C:\Users\LENOVO\OneDrive\Desktop\JWLovers\server\node_modules\mongodb\src\operations\execute_operation.ts:123:12)
    at FindCursor._initialize (C:\Users\LENOVO\OneDrive\Desktop\JWLovers\server\node_modules\mongodb\src\cursor\find_cursor.ts:92:22)
    at FindCursor.cursorInit (C:\Users\LENOVO\OneDrive\Desktop\JWLovers\server\node_modules\mongodb\src\cursor\abstract_cursor.ts:917:21)
    at FindCursor.fetchBatch (C:\Users\LENOVO\OneDrive\Desktop\JWLovers\server\node_modules\mongodb\src\cursor\abstract_cursor.ts:955:7)
    at FindCursor.next (C:\Users\LENOVO\OneDrive\Desktop\JWLovers\server\node_modules\mongodb\src\cursor\abstract_cursor.ts:573:9)
    at FindCursor.[Symbol.asyncIterator] (C:\Users\LENOVO\OneDrive\Desktop\JWLovers\server\node_modules\mongodb\src\cursor\abstract_cursor.ts:492:26)
    at FindCursor.toArray (C:\Users\LENOVO\OneDrive\Desktop\JWLovers\server\node_modules\mongodb\src\cursor\abstract_cursor.ts:661:22)
    at model.Query._find (C:\Users\LENOVO\OneDrive\Desktop\JWLovers\server\node_modules\mongoose\lib\query.js:2473:14)
{
  "errorLabelSet": {},
  "reason": {
    "type": "ReplicaSetNoPrimary",
    "servers": {
      "ac-ycssmpd-shard-00-00.tvw48ir.mongodb.net:27017": {
        "address": "ac-ycssmpd-shard-00-00.tvw48ir.mongodb.net:27017",
        "type": "Unknown",
        "hosts": [],
        "passives": [],
        "arbiters": [],
        "tags": {},
        "minWireVersion": 0,
        "maxWireVersion": 0,
        "roundTripTime": -1,
        "minRoundTripTime": 0,
        "lastUpdateTime": 150872529,
        "lastWriteDate": 0,
        "error": {
          "errorLabelSet": {},
          "beforeHandshake": false
        },
        "topologyVersion": null,
        "setName": null,
        "setVersion": null,
        "electionId": null,
        "logicalSessionTimeoutMinutes": null,
        "maxMessageSizeBytes": null,
        "maxWriteBatchSize": null,
        "maxBsonObjectSize": null,
        "primary": null,
        "me": null,
        "$clusterTime": null,
        "iscryptd": false
      },
      "ac-ycssmpd-shard-00-01.tvw48ir.mongodb.net:27017": {
        "address": "ac-ycssmpd-shard-00-01.tvw48ir.mongodb.net:27017",
        "type": "Unknown",
        "hosts": [],
        "passives": [],
        "arbiters": [],
        "tags": {},
        "minWireVersion": 0,
        "maxWireVersion": 0,
        "roundTripTime": -1,
        "minRoundTripTime": 0,
        "lastUpdateTime": 150872530,
        "lastWriteDate": 0,
        "error": {
          "errorLabelSet": {},
          "beforeHandshake": false
        },
        "topologyVersion": null,
        "setName": null,
        "setVersion": null,
        "electionId": null,
        "logicalSessionTimeoutMinutes": null,
        "maxMessageSizeBytes": null,
        "maxWriteBatchSize": null,
        "maxBsonObjectSize": null,
        "primary": null,
        "me": null,
        "$clusterTime": null,
        "iscryptd": false
      },
      "ac-ycssmpd-shard-00-02.tvw48ir.mongodb.net:27017": {
        "address": "ac-ycssmpd-shard-00-02.tvw48ir.mongodb.net:27017",
        "type": "Unknown",
        "hosts": [],
        "passives": [],
        "arbiters": [],
        "tags": {},
        "minWireVersion": 0,
        "maxWireVersion": 0,
        "roundTripTime": -1,
        "minRoundTripTime": 0,
        "lastUpdateTime": 150872532,
        "lastWriteDate": 0,
        "error": {
          "errorLabelSet": {},
          "beforeHandshake": false
        },
        "topologyVersion": null,
        "setName": null,
        "setVersion": null,
        "electionId": null,
        "logicalSessionTimeoutMinutes": null,
        "maxMessageSizeBytes": null,
        "maxWriteBatchSize": null,
        "maxBsonObjectSize": null,
        "primary": null,
        "me": null,
        "$clusterTime": null,
        "iscryptd": false
      }
    },
    "stale": false,
    "compatible": true,
    "heartbeatFrequencyMS": 10000,
    "localThresholdMS": 15,
    "setName": "atlas-ldvzrz-shard-0",
    "maxElectionId": {
      "$oid": "7fffffff0000000000000097"
    },
    "maxSetVersion": 35,
    "commonWireVersion": 25,
    "logicalSessionTimeoutMinutes": null
  },
  "cause": {
    "errorLabelSet": {},
    "beforeHandshake": false
  }
}
2026-06-27T18:29:15.106Z [error]: Cleanup stale presence error: connection <monitor> to 20.49.59.176:27017 timed out
MongoServerSelectionError: connection <monitor> to 20.49.59.176:27017 timed out
    at Topology.selectServer (C:\Users\LENOVO\OneDrive\Desktop\JWLovers\server\node_modules\mongodb\src\sdam\topology.ts:637:30)
    at tryOperation (C:\Users\LENOVO\OneDrive\Desktop\JWLovers\server\node_modules\mongodb\src\operations\execute_operation.ts:206:16)
    at executeOperation (C:\Users\LENOVO\OneDrive\Desktop\JWLovers\server\node_modules\mongodb\src\operations\execute_operation.ts:123:12)
    at FindCursor._initialize (C:\Users\LENOVO\OneDrive\Desktop\JWLovers\server\node_modules\mongodb\src\cursor\find_cursor.ts:92:22)
    at FindCursor.cursorInit (C:\Users\LENOVO\OneDrive\Desktop\JWLovers\server\node_modules\mongodb\src\cursor\abstract_cursor.ts:917:21)
    at FindCursor.fetchBatch (C:\Users\LENOVO\OneDrive\Desktop\JWLovers\server\node_modules\mongodb\src\cursor\abstract_cursor.ts:955:7)
    at FindCursor.next (C:\Users\LENOVO\OneDrive\Desktop\JWLovers\server\node_modules\mongodb\src\cursor\abstract_cursor.ts:573:9)
    at FindCursor.[Symbol.asyncIterator] (C:\Users\LENOVO\OneDrive\Desktop\JWLovers\server\node_modules\mongodb\src\cursor\abstract_cursor.ts:492:26)
    at FindCursor.toArray (C:\Users\LENOVO\OneDrive\Desktop\JWLovers\server\node_modules\mongodb\src\cursor\abstract_cursor.ts:661:22)
    at model.Query._find (C:\Users\LENOVO\OneDrive\Desktop\JWLovers\server\node_modules\mongoose\lib\query.js:2473:14)
{
  "errorLabelSet": {},
  "reason": {
    "type": "ReplicaSetNoPrimary",
    "servers": {
      "ac-ycssmpd-shard-00-00.tvw48ir.mongodb.net:27017": {
        "address": "ac-ycssmpd-shard-00-00.tvw48ir.mongodb.net:27017",
        "type": "Unknown",
        "hosts": [],
        "passives": [],
        "arbiters": [],
        "tags": {},
        "minWireVersion": 0,
        "maxWireVersion": 0,
        "roundTripTime": -1,
        "minRoundTripTime": 0,
        "lastUpdateTime": 155917061,
        "lastWriteDate": 0,
        "error": {
          "errorLabelSet": {},
          "beforeHandshake": false
        },
        "topologyVersion": null,
        "setName": null,
        "setVersion": null,
        "electionId": null,
        "logicalSessionTimeoutMinutes": null,
        "maxMessageSizeBytes": null,
        "maxWriteBatchSize": null,
        "maxBsonObjectSize": null,
        "primary": null,
        "me": null,
        "$clusterTime": null,
        "iscryptd": false
      },
      "ac-ycssmpd-shard-00-01.tvw48ir.mongodb.net:27017": {
        "address": "ac-ycssmpd-shard-00-01.tvw48ir.mongodb.net:27017",
        "type": "Unknown",
        "hosts": [],
        "passives": [],
        "arbiters": [],
        "tags": {},
        "minWireVersion": 0,
        "maxWireVersion": 0,
        "roundTripTime": -1,
        "minRoundTripTime": 0,
        "lastUpdateTime": 155915840,
        "lastWriteDate": 0,
        "error": {
          "errorLabelSet": {},
          "beforeHandshake": false
        },
        "topologyVersion": null,
        "setName": null,
        "setVersion": null,
        "electionId": null,
        "logicalSessionTimeoutMinutes": null,
        "maxMessageSizeBytes": null,
        "maxWriteBatchSize": null,
        "maxBsonObjectSize": null,
        "primary": null,
        "me": null,
        "$clusterTime": null,
        "iscryptd": false
      },
      "ac-ycssmpd-shard-00-02.tvw48ir.mongodb.net:27017": {
        "address": "ac-ycssmpd-shard-00-02.tvw48ir.mongodb.net:27017",
        "type": "Unknown",
        "hosts": [],
        "passives": [],
        "arbiters": [],
        "tags": {},
        "minWireVersion": 0,
        "maxWireVersion": 0,
        "roundTripTime": -1,
        "minRoundTripTime": 0,
        "lastUpdateTime": 155915833,
        "lastWriteDate": 0,
        "error": {
          "errorLabelSet": {},
          "beforeHandshake": false
        },
        "topologyVersion": null,
        "setName": null,
        "setVersion": null,
        "electionId": null,
        "logicalSessionTimeoutMinutes": null,
        "maxMessageSizeBytes": null,
        "maxWriteBatchSize": null,
        "maxBsonObjectSize": null,
        "primary": null,
        "me": null,
        "$clusterTime": null,
        "iscryptd": false
      }
    },
    "stale": false,
    "compatible": true,
    "heartbeatFrequencyMS": 10000,
    "localThresholdMS": 15,
    "setName": "atlas-ldvzrz-shard-0",
    "maxElectionId": {
      "$oid": "7fffffff0000000000000097"
    },
    "maxSetVersion": 35,
    "commonWireVersion": 25,
    "logicalSessionTimeoutMinutes": null
  },
  "cause": {
    "errorLabelSet": {},
    "beforeHandshake": false
  }
}
2026-06-27T18:31:27.992Z [error]: Cleanup stale presence error: connection <monitor> to 20.49.59.176:27017 timed out
MongoServerSelectionError: connection <monitor> to 20.49.59.176:27017 timed out
    at Topology.selectServer (C:\Users\LENOVO\OneDrive\Desktop\JWLovers\server\node_modules\mongodb\src\sdam\topology.ts:637:30)
    at tryOperation (C:\Users\LENOVO\OneDrive\Desktop\JWLovers\server\node_modules\mongodb\src\operations\execute_operation.ts:271:16)
    at executeOperation (C:\Users\LENOVO\OneDrive\Desktop\JWLovers\server\node_modules\mongodb\src\operations\execute_operation.ts:123:12)
    at FindCursor._initialize (C:\Users\LENOVO\OneDrive\Desktop\JWLovers\server\node_modules\mongodb\src\cursor\find_cursor.ts:92:22)
    at FindCursor.cursorInit (C:\Users\LENOVO\OneDrive\Desktop\JWLovers\server\node_modules\mongodb\src\cursor\abstract_cursor.ts:917:21)
    at FindCursor.fetchBatch (C:\Users\LENOVO\OneDrive\Desktop\JWLovers\server\node_modules\mongodb\src\cursor\abstract_cursor.ts:955:7)
    at FindCursor.next (C:\Users\LENOVO\OneDrive\Desktop\JWLovers\server\node_modules\mongodb\src\cursor\abstract_cursor.ts:573:9)
    at FindCursor.[Symbol.asyncIterator] (C:\Users\LENOVO\OneDrive\Desktop\JWLovers\server\node_modules\mongodb\src\cursor\abstract_cursor.ts:492:26)
    at FindCursor.toArray (C:\Users\LENOVO\OneDrive\Desktop\JWLovers\server\node_modules\mongodb\src\cursor\abstract_cursor.ts:661:22)
    at model.Query._find (C:\Users\LENOVO\OneDrive\Desktop\JWLovers\server\node_modules\mongoose\lib\query.js:2473:14)
{
  "errorLabelSet": {},
  "reason": {
    "type": "ReplicaSetNoPrimary",
    "servers": {
      "ac-ycssmpd-shard-00-00.tvw48ir.mongodb.net:27017": {
        "address": "ac-ycssmpd-shard-00-00.tvw48ir.mongodb.net:27017",
        "type": "Unknown",
        "hosts": [],
        "passives": [],
        "arbiters": [],
        "tags": {},
        "minWireVersion": 0,
        "maxWireVersion": 0,
        "roundTripTime": -1,
        "minRoundTripTime": 0,
        "lastUpdateTime": 156050002,
        "lastWriteDate": 0,
        "error": {
          "errorLabelSet": {},
          "beforeHandshake": false
        },
        "topologyVersion": null,
        "setName": null,
        "setVersion": null,
        "electionId": null,
        "logicalSessionTimeoutMinutes": null,
        "maxMessageSizeBytes": null,
        "maxWriteBatchSize": null,
        "maxBsonObjectSize": null,
        "primary": null,
        "me": null,
        "$clusterTime": null,
        "iscryptd": false
      },
      "ac-ycssmpd-shard-00-01.tvw48ir.mongodb.net:27017": {
        "address": "ac-ycssmpd-shard-00-01.tvw48ir.mongodb.net:27017",
        "type": "Unknown",
        "hosts": [],
        "passives": [],
        "arbiters": [],
        "tags": {},
        "minWireVersion": 0,
        "maxWireVersion": 0,
        "roundTripTime": -1,
        "minRoundTripTime": 0,
        "lastUpdateTime": 156050113,
        "lastWriteDate": 0,
        "error": {
          "errorLabelSet": {},
          "beforeHandshake": false
        },
        "topologyVersion": null,
        "setName": null,
        "setVersion": null,
        "electionId": null,
        "logicalSessionTimeoutMinutes": null,
        "maxMessageSizeBytes": null,
        "maxWriteBatchSize": null,
        "maxBsonObjectSize": null,
        "primary": null,
        "me": null,
        "$clusterTime": null,
        "iscryptd": false
      },
      "ac-ycssmpd-shard-00-02.tvw48ir.mongodb.net:27017": {
        "address": "ac-ycssmpd-shard-00-02.tvw48ir.mongodb.net:27017",
        "type": "Unknown",
        "hosts": [],
        "passives": [],
        "arbiters": [],
        "tags": {},
        "minWireVersion": 0,
        "maxWireVersion": 0,
        "roundTripTime": -1,
        "minRoundTripTime": 0,
        "lastUpdateTime": 156050903,
        "lastWriteDate": 0,
        "error": {
          "errorLabelSet": {},
          "beforeHandshake": false
        },
        "topologyVersion": null,
        "setName": null,
        "setVersion": null,
        "electionId": null,
        "logicalSessionTimeoutMinutes": null,
        "maxMessageSizeBytes": null,
        "maxWriteBatchSize": null,
        "maxBsonObjectSize": null,
        "primary": null,
        "me": null,
        "$clusterTime": null,
        "iscryptd": false
      }
    },
    "stale": false,
    "compatible": true,
    "heartbeatFrequencyMS": 10000,
    "localThresholdMS": 15,
    "setName": "atlas-ldvzrz-shard-0",
    "maxElectionId": {
      "$oid": "7fffffff0000000000000097"
    },
    "maxSetVersion": 35,
    "commonWireVersion": 25,
    "logicalSessionTimeoutMinutes": null
  },
  "cause": {
    "errorLabelSet": {},
    "beforeHandshake": false
  }
}
2026-06-27T18:33:15.151Z [error]: Cleanup stale presence error: connection <monitor> to 20.96.187.159:27017 timed out
MongoServerSelectionError: connection <monitor> to 20.96.187.159:27017 timed out
    at Topology.selectServer (C:\Users\LENOVO\OneDrive\Desktop\JWLovers\server\node_modules\mongodb\src\sdam\topology.ts:637:30)
    at tryOperation (C:\Users\LENOVO\OneDrive\Desktop\JWLovers\server\node_modules\mongodb\src\operations\execute_operation.ts:206:16)
    at executeOperation (C:\Users\LENOVO\OneDrive\Desktop\JWLovers\server\node_modules\mongodb\src\operations\execute_operation.ts:123:12)
    at FindCursor._initialize (C:\Users\LENOVO\OneDrive\Desktop\JWLovers\server\node_modules\mongodb\src\cursor\find_cursor.ts:92:22)
    at FindCursor.cursorInit (C:\Users\LENOVO\OneDrive\Desktop\JWLovers\server\node_modules\mongodb\src\cursor\abstract_cursor.ts:917:21)
    at FindCursor.fetchBatch (C:\Users\LENOVO\OneDrive\Desktop\JWLovers\server\node_modules\mongodb\src\cursor\abstract_cursor.ts:955:7)
    at FindCursor.next (C:\Users\LENOVO\OneDrive\Desktop\JWLovers\server\node_modules\mongodb\src\cursor\abstract_cursor.ts:573:9)
    at FindCursor.[Symbol.asyncIterator] (C:\Users\LENOVO\OneDrive\Desktop\JWLovers\server\node_modules\mongodb\src\cursor\abstract_cursor.ts:492:26)
    at FindCursor.toArray (C:\Users\LENOVO\OneDrive\Desktop\JWLovers\server\node_modules\mongodb\src\cursor\abstract_cursor.ts:661:22)
    at model.Query._find (C:\Users\LENOVO\OneDrive\Desktop\JWLovers\server\node_modules\mongoose\lib\query.js:2473:14)
{
  "errorLabelSet": {},
  "reason": {
    "type": "ReplicaSetNoPrimary",
    "servers": {
      "ac-ycssmpd-shard-00-00.tvw48ir.mongodb.net:27017": {
        "address": "ac-ycssmpd-shard-00-00.tvw48ir.mongodb.net:27017",
        "type": "RSSecondary",
        "hosts": [
          "ac-ycssmpd-shard-00-00.tvw48ir.mongodb.net:27017",
          "ac-ycssmpd-shard-00-01.tvw48ir.mongodb.net:27017",
          "ac-ycssmpd-shard-00-02.tvw48ir.mongodb.net:27017"
        ],
        "passives": [],
        "arbiters": [],
        "tags": {
          "nodeType": "ELECTABLE",
          "provider": "AZURE",
          "diskState": "READY",
          "region": "US_EAST_2",
          "workloadType": "OPERATIONAL",
          "availabilityZone": "1",
          "cacheState": "READY"
        },
        "minWireVersion": 0,
        "maxWireVersion": 25,
        "roundTripTime": 199.3,
        "minRoundTripTime": 175,
        "lastUpdateTime": 156143597,
        "lastWriteDate": {
          "$date": "2026-06-27T18:32:53Z"
        },
        "error": null,
        "topologyVersion": {
          "processId": {
            "$oid": "6a3ffb407c7c8c4816db3c85"
          },
          "counter": 4
        },
        "setName": "atlas-ldvzrz-shard-0",
        "setVersion": 35,
        "electionId": null,
        "logicalSessionTimeoutMinutes": 30,
        "maxMessageSizeBytes": 48000000,
        "maxWriteBatchSize": 100000,
        "maxBsonObjectSize": 16777216,
        "primary": "ac-ycssmpd-shard-00-02.tvw48ir.mongodb.net:27017",
        "me": "ac-ycssmpd-shard-00-00.tvw48ir.mongodb.net:27017",
        "$clusterTime": {
          "clusterTime": {
            "$timestamp": {
              "t": 1782585173,
              "i": 2
            }
          },
          "signature": {
            "hash": {
              "$binary": {
                "base64": "0vXQrq44xydXepdXHxkUrhg/KBc=",
                "subType": "00"
              }
            },
            "keyId": 7595688910387151000
          }
        },
        "iscryptd": false
      },
      "ac-ycssmpd-shard-00-01.tvw48ir.mongodb.net:27017": {
        "address": "ac-ycssmpd-shard-00-01.tvw48ir.mongodb.net:27017",
        "type": "Unknown",
        "hosts": [],
        "passives": [],
        "arbiters": [],
        "tags": {},
        "minWireVersion": 0,
        "maxWireVersion": 0,
        "roundTripTime": -1,
        "minRoundTripTime": 0,
        "lastUpdateTime": 156153939,
        "lastWriteDate": 0,
        "error": {
          "errorLabelSet": {},
          "beforeHandshake": false
        },
        "topologyVersion": null,
        "setName": null,
        "setVersion": null,
        "electionId": null,
        "logicalSessionTimeoutMinutes": null,
        "maxMessageSizeBytes": null,
        "maxWriteBatchSize": null,
        "maxBsonObjectSize": null,
        "primary": null,
        "me": null,
        "$clusterTime": null,
        "iscryptd": false
      },
      "ac-ycssmpd-shard-00-02.tvw48ir.mongodb.net:27017": {
        "address": "ac-ycssmpd-shard-00-02.tvw48ir.mongodb.net:27017",
        "type": "Unknown",
        "hosts": [],
        "passives": [],
        "arbiters": [],
        "tags": {},
        "minWireVersion": 0,
        "maxWireVersion": 0,
        "roundTripTime": -1,
        "minRoundTripTime": 0,
        "lastUpdateTime": 156154476,
        "lastWriteDate": 0,
        "error": {
          "errorLabelSet": {},
          "beforeHandshake": false
        },
        "topologyVersion": null,
        "setName": null,
        "setVersion": null,
        "electionId": null,
        "logicalSessionTimeoutMinutes": null,
        "maxMessageSizeBytes": null,
        "maxWriteBatchSize": null,
        "maxBsonObjectSize": null,
        "primary": null,
        "me": null,
        "$clusterTime": null,
        "iscryptd": false
      }
    },
    "stale": false,
    "compatible": true,
    "heartbeatFrequencyMS": 10000,
    "localThresholdMS": 15,
    "setName": "atlas-ldvzrz-shard-0",
    "maxElectionId": {
      "$oid": "7fffffff0000000000000097"
    },
    "maxSetVersion": 35,
    "commonWireVersion": 25,
    "logicalSessionTimeoutMinutes": 30
  },
  "cause": {
    "errorLabelSet": {},
    "beforeHandshake": false
  }
}
2026-06-27T18:34:15.148Z [error]: Cleanup stale presence error: getaddrinfo ENOTFOUND ac-ycssmpd-shard-00-00.tvw48ir.mongodb.net
MongoServerSelectionError: getaddrinfo ENOTFOUND ac-ycssmpd-shard-00-00.tvw48ir.mongodb.net
    at Topology.selectServer (C:\Users\LENOVO\OneDrive\Desktop\JWLovers\server\node_modules\mongodb\src\sdam\topology.ts:637:30)
    at tryOperation (C:\Users\LENOVO\OneDrive\Desktop\JWLovers\server\node_modules\mongodb\src\operations\execute_operation.ts:206:16)
    at executeOperation (C:\Users\LENOVO\OneDrive\Desktop\JWLovers\server\node_modules\mongodb\src\operations\execute_operation.ts:123:12)
    at FindCursor._initialize (C:\Users\LENOVO\OneDrive\Desktop\JWLovers\server\node_modules\mongodb\src\cursor\find_cursor.ts:92:22)
    at FindCursor.cursorInit (C:\Users\LENOVO\OneDrive\Desktop\JWLovers\server\node_modules\mongodb\src\cursor\abstract_cursor.ts:917:21)
    at FindCursor.fetchBatch (C:\Users\LENOVO\OneDrive\Desktop\JWLovers\server\node_modules\mongodb\src\cursor\abstract_cursor.ts:955:7)
    at FindCursor.next (C:\Users\LENOVO\OneDrive\Desktop\JWLovers\server\node_modules\mongodb\src\cursor\abstract_cursor.ts:573:9)
    at FindCursor.[Symbol.asyncIterator] (C:\Users\LENOVO\OneDrive\Desktop\JWLovers\server\node_modules\mongodb\src\cursor\abstract_cursor.ts:492:26)
    at FindCursor.toArray (C:\Users\LENOVO\OneDrive\Desktop\JWLovers\server\node_modules\mongodb\src\cursor\abstract_cursor.ts:661:22)
    at model.Query._find (C:\Users\LENOVO\OneDrive\Desktop\JWLovers\server\node_modules\mongoose\lib\query.js:2473:14)
{
  "errorLabelSet": {},
  "reason": {
    "type": "ReplicaSetNoPrimary",
    "servers": {
      "ac-ycssmpd-shard-00-00.tvw48ir.mongodb.net:27017": {
        "address": "ac-ycssmpd-shard-00-00.tvw48ir.mongodb.net:27017",
        "type": "Unknown",
        "hosts": [],
        "passives": [],
        "arbiters": [],
        "tags": {},
        "minWireVersion": 0,
        "maxWireVersion": 0,
        "roundTripTime": -1,
        "minRoundTripTime": 0,
        "lastUpdateTime": 156222691,
        "lastWriteDate": 0,
        "error": {
          "errorLabelSet": {},
          "beforeHandshake": false
        },
        "topologyVersion": null,
        "setName": null,
        "setVersion": null,
        "electionId": null,
        "logicalSessionTimeoutMinutes": null,
        "maxMessageSizeBytes": null,
        "maxWriteBatchSize": null,
        "maxBsonObjectSize": null,
        "primary": null,
        "me": null,
        "$clusterTime": null,
        "iscryptd": false
      },
      "ac-ycssmpd-shard-00-01.tvw48ir.mongodb.net:27017": {
        "address": "ac-ycssmpd-shard-00-01.tvw48ir.mongodb.net:27017",
        "type": "Unknown",
        "hosts": [],
        "passives": [],
        "arbiters": [],
        "tags": {},
        "minWireVersion": 0,
        "maxWireVersion": 0,
        "roundTripTime": -1,
        "minRoundTripTime": 0,
        "lastUpdateTime": 156222691,
        "lastWriteDate": 0,
        "error": {
          "errorLabelSet": {},
          "beforeHandshake": false
        },
        "topologyVersion": null,
        "setName": null,
        "setVersion": null,
        "electionId": null,
        "logicalSessionTimeoutMinutes": null,
        "maxMessageSizeBytes": null,
        "maxWriteBatchSize": null,
        "maxBsonObjectSize": null,
        "primary": null,
        "me": null,
        "$clusterTime": null,
        "iscryptd": false
      },
      "ac-ycssmpd-shard-00-02.tvw48ir.mongodb.net:27017": {
        "address": "ac-ycssmpd-shard-00-02.tvw48ir.mongodb.net:27017",
        "type": "Unknown",
        "hosts": [],
        "passives": [],
        "arbiters": [],
        "tags": {},
        "minWireVersion": 0,
        "maxWireVersion": 0,
        "roundTripTime": -1,
        "minRoundTripTime": 0,
        "lastUpdateTime": 156222692,
        "lastWriteDate": 0,
        "error": {
          "errorLabelSet": {},
          "beforeHandshake": false
        },
        "topologyVersion": null,
        "setName": null,
        "setVersion": null,
        "electionId": null,
        "logicalSessionTimeoutMinutes": null,
        "maxMessageSizeBytes": null,
        "maxWriteBatchSize": null,
        "maxBsonObjectSize": null,
        "primary": null,
        "me": null,
        "$clusterTime": null,
        "iscryptd": false
      }
    },
    "stale": false,
    "compatible": true,
    "heartbeatFrequencyMS": 10000,
    "localThresholdMS": 15,
    "setName": "atlas-ldvzrz-shard-0",
    "maxElectionId": {
      "$oid": "7fffffff0000000000000097"
    },
    "maxSetVersion": 35,
    "commonWireVersion": 25,
    "logicalSessionTimeoutMinutes": null
  },
  "cause": {
    "errorLabelSet": {},
    "beforeHandshake": false
  }
}
2026-06-27T18:35:15.160Z [error]: Cleanup stale presence error: getaddrinfo ENOTFOUND ac-ycssmpd-shard-00-00.tvw48ir.mongodb.net
MongoServerSelectionError: getaddrinfo ENOTFOUND ac-ycssmpd-shard-00-00.tvw48ir.mongodb.net
    at Topology.selectServer (C:\Users\LENOVO\OneDrive\Desktop\JWLovers\server\node_modules\mongodb\src\sdam\topology.ts:637:30)
    at tryOperation (C:\Users\LENOVO\OneDrive\Desktop\JWLovers\server\node_modules\mongodb\src\operations\execute_operation.ts:206:16)
    at executeOperation (C:\Users\LENOVO\OneDrive\Desktop\JWLovers\server\node_modules\mongodb\src\operations\execute_operation.ts:123:12)
    at FindCursor._initialize (C:\Users\LENOVO\OneDrive\Desktop\JWLovers\server\node_modules\mongodb\src\cursor\find_cursor.ts:92:22)
    at FindCursor.cursorInit (C:\Users\LENOVO\OneDrive\Desktop\JWLovers\server\node_modules\mongodb\src\cursor\abstract_cursor.ts:917:21)
    at FindCursor.fetchBatch (C:\Users\LENOVO\OneDrive\Desktop\JWLovers\server\node_modules\mongodb\src\cursor\abstract_cursor.ts:955:7)
    at FindCursor.next (C:\Users\LENOVO\OneDrive\Desktop\JWLovers\server\node_modules\mongodb\src\cursor\abstract_cursor.ts:573:9)
    at FindCursor.[Symbol.asyncIterator] (C:\Users\LENOVO\OneDrive\Desktop\JWLovers\server\node_modules\mongodb\src\cursor\abstract_cursor.ts:492:26)
    at FindCursor.toArray (C:\Users\LENOVO\OneDrive\Desktop\JWLovers\server\node_modules\mongodb\src\cursor\abstract_cursor.ts:661:22)
    at model.Query._find (C:\Users\LENOVO\OneDrive\Desktop\JWLovers\server\node_modules\mongoose\lib\query.js:2473:14)
{
  "errorLabelSet": {},
  "reason": {
    "type": "ReplicaSetNoPrimary",
    "servers": {
      "ac-ycssmpd-shard-00-00.tvw48ir.mongodb.net:27017": {
        "address": "ac-ycssmpd-shard-00-00.tvw48ir.mongodb.net:27017",
        "type": "Unknown",
        "hosts": [],
        "passives": [],
        "arbiters": [],
        "tags": {},
        "minWireVersion": 0,
        "maxWireVersion": 0,
        "roundTripTime": -1,
        "minRoundTripTime": 0,
        "lastUpdateTime": 156282737,
        "lastWriteDate": 0,
        "error": {
          "errorLabelSet": {},
          "beforeHandshake": false
        },
        "topologyVersion": null,
        "setName": null,
        "setVersion": null,
        "electionId": null,
        "logicalSessionTimeoutMinutes": null,
        "maxMessageSizeBytes": null,
        "maxWriteBatchSize": null,
        "maxBsonObjectSize": null,
        "primary": null,
        "me": null,
        "$clusterTime": null,
        "iscryptd": false
      },
      "ac-ycssmpd-shard-00-01.tvw48ir.mongodb.net:27017": {
        "address": "ac-ycssmpd-shard-00-01.tvw48ir.mongodb.net:27017",
        "type": "Unknown",
        "hosts": [],
        "passives": [],
        "arbiters": [],
        "tags": {},
        "minWireVersion": 0,
        "maxWireVersion": 0,
        "roundTripTime": -1,
        "minRoundTripTime": 0,
        "lastUpdateTime": 156282738,
        "lastWriteDate": 0,
        "error": {
          "errorLabelSet": {},
          "beforeHandshake": false
        },
        "topologyVersion": null,
        "setName": null,
        "setVersion": null,
        "electionId": null,
        "logicalSessionTimeoutMinutes": null,
        "maxMessageSizeBytes": null,
        "maxWriteBatchSize": null,
        "maxBsonObjectSize": null,
        "primary": null,
        "me": null,
        "$clusterTime": null,
        "iscryptd": false
      },
      "ac-ycssmpd-shard-00-02.tvw48ir.mongodb.net:27017": {
        "address": "ac-ycssmpd-shard-00-02.tvw48ir.mongodb.net:27017",
        "type": "Unknown",
        "hosts": [],
        "passives": [],
        "arbiters": [],
        "tags": {},
        "minWireVersion": 0,
        "maxWireVersion": 0,
        "roundTripTime": -1,
        "minRoundTripTime": 0,
        "lastUpdateTime": 156282739,
        "lastWriteDate": 0,
        "error": {
          "errorLabelSet": {},
          "beforeHandshake": false
        },
        "topologyVersion": null,
        "setName": null,
        "setVersion": null,
        "electionId": null,
        "logicalSessionTimeoutMinutes": null,
        "maxMessageSizeBytes": null,
        "maxWriteBatchSize": null,
        "maxBsonObjectSize": null,
        "primary": null,
        "me": null,
        "$clusterTime": null,
        "iscryptd": false
      }
    },
    "stale": false,
    "compatible": true,
    "heartbeatFrequencyMS": 10000,
    "localThresholdMS": 15,
    "setName": "atlas-ldvzrz-shard-0",
    "maxElectionId": {
      "$oid": "7fffffff0000000000000097"
    },
    "maxSetVersion": 35,
    "commonWireVersion": 25,
    "logicalSessionTimeoutMinutes": null
  },
  "cause": {
    "errorLabelSet": {},
    "beforeHandshake": false
  }
}
2026-06-27T18:48:15.240Z [error]: Cleanup stale presence error: connection <monitor> to 20.49.59.176:27017 timed out
MongoServerSelectionError: connection <monitor> to 20.49.59.176:27017 timed out
    at Topology.selectServer (C:\Users\LENOVO\OneDrive\Desktop\JWLovers\server\node_modules\mongodb\src\sdam\topology.ts:637:30)
    at tryOperation (C:\Users\LENOVO\OneDrive\Desktop\JWLovers\server\node_modules\mongodb\src\operations\execute_operation.ts:206:16)
    at executeOperation (C:\Users\LENOVO\OneDrive\Desktop\JWLovers\server\node_modules\mongodb\src\operations\execute_operation.ts:123:12)
    at FindCursor._initialize (C:\Users\LENOVO\OneDrive\Desktop\JWLovers\server\node_modules\mongodb\src\cursor\find_cursor.ts:92:22)
    at FindCursor.cursorInit (C:\Users\LENOVO\OneDrive\Desktop\JWLovers\server\node_modules\mongodb\src\cursor\abstract_cursor.ts:917:21)
    at FindCursor.fetchBatch (C:\Users\LENOVO\OneDrive\Desktop\JWLovers\server\node_modules\mongodb\src\cursor\abstract_cursor.ts:955:7)
    at FindCursor.next (C:\Users\LENOVO\OneDrive\Desktop\JWLovers\server\node_modules\mongodb\src\cursor\abstract_cursor.ts:573:9)
    at FindCursor.[Symbol.asyncIterator] (C:\Users\LENOVO\OneDrive\Desktop\JWLovers\server\node_modules\mongodb\src\cursor\abstract_cursor.ts:492:26)
    at FindCursor.toArray (C:\Users\LENOVO\OneDrive\Desktop\JWLovers\server\node_modules\mongodb\src\cursor\abstract_cursor.ts:661:22)
    at model.Query._find (C:\Users\LENOVO\OneDrive\Desktop\JWLovers\server\node_modules\mongoose\lib\query.js:2473:14)
{
  "errorLabelSet": {},
  "reason": {
    "type": "ReplicaSetNoPrimary",
    "servers": {
      "ac-ycssmpd-shard-00-00.tvw48ir.mongodb.net:27017": {
        "address": "ac-ycssmpd-shard-00-00.tvw48ir.mongodb.net:27017",
        "type": "Unknown",
        "hosts": [],
        "passives": [],
        "arbiters": [],
        "tags": {},
        "minWireVersion": 0,
        "maxWireVersion": 0,
        "roundTripTime": -1,
        "minRoundTripTime": 0,
        "lastUpdateTime": 157055314,
        "lastWriteDate": 0,
        "error": {
          "errorLabelSet": {},
          "beforeHandshake": false
        },
        "topologyVersion": null,
        "setName": null,
        "setVersion": null,
        "electionId": null,
        "logicalSessionTimeoutMinutes": null,
        "maxMessageSizeBytes": null,
        "maxWriteBatchSize": null,
        "maxBsonObjectSize": null,
        "primary": null,
        "me": null,
        "$clusterTime": null,
        "iscryptd": false
      },
      "ac-ycssmpd-shard-00-01.tvw48ir.mongodb.net:27017": {
        "address": "ac-ycssmpd-shard-00-01.tvw48ir.mongodb.net:27017",
        "type": "Unknown",
        "hosts": [],
        "passives": [],
        "arbiters": [],
        "tags": {},
        "minWireVersion": 0,
        "maxWireVersion": 0,
        "roundTripTime": -1,
        "minRoundTripTime": 0,
        "lastUpdateTime": 157055377,
        "lastWriteDate": 0,
        "error": {
          "errorLabelSet": {},
          "beforeHandshake": false
        },
        "topologyVersion": null,
        "setName": null,
        "setVersion": null,
        "electionId": null,
        "logicalSessionTimeoutMinutes": null,
        "maxMessageSizeBytes": null,
        "maxWriteBatchSize": null,
        "maxBsonObjectSize": null,
        "primary": null,
        "me": null,
        "$clusterTime": null,
        "iscryptd": false
      },
      "ac-ycssmpd-shard-00-02.tvw48ir.mongodb.net:27017": {
        "address": "ac-ycssmpd-shard-00-02.tvw48ir.mongodb.net:27017",
        "type": "Unknown",
        "hosts": [],
        "passives": [],
        "arbiters": [],
        "tags": {},
        "minWireVersion": 0,
        "maxWireVersion": 0,
        "roundTripTime": -1,
        "minRoundTripTime": 0,
        "lastUpdateTime": 157055914,
        "lastWriteDate": 0,
        "error": {
          "errorLabelSet": {},
          "beforeHandshake": false
        },
        "topologyVersion": null,
        "setName": null,
        "setVersion": null,
        "electionId": null,
        "logicalSessionTimeoutMinutes": null,
        "maxMessageSizeBytes": null,
        "maxWriteBatchSize": null,
        "maxBsonObjectSize": null,
        "primary": null,
        "me": null,
        "$clusterTime": null,
        "iscryptd": false
      }
    },
    "stale": false,
    "compatible": true,
    "heartbeatFrequencyMS": 10000,
    "localThresholdMS": 15,
    "setName": "atlas-ldvzrz-shard-0",
    "maxElectionId": {
      "$oid": "7fffffff0000000000000097"
    },
    "maxSetVersion": 35,
    "commonWireVersion": 25,
    "logicalSessionTimeoutMinutes": null
  },
  "cause": {
    "errorLabelSet": {},
    "beforeHandshake": false
  }
}
2026-06-27T18:49:15.265Z [error]: Cleanup stale presence error: getaddrinfo ENOTFOUND ac-ycssmpd-shard-00-00.tvw48ir.mongodb.net
MongoServerSelectionError: getaddrinfo ENOTFOUND ac-ycssmpd-shard-00-00.tvw48ir.mongodb.net
    at Topology.selectServer (C:\Users\LENOVO\OneDrive\Desktop\JWLovers\server\node_modules\mongodb\src\sdam\topology.ts:637:30)
    at tryOperation (C:\Users\LENOVO\OneDrive\Desktop\JWLovers\server\node_modules\mongodb\src\operations\execute_operation.ts:206:16)
    at executeOperation (C:\Users\LENOVO\OneDrive\Desktop\JWLovers\server\node_modules\mongodb\src\operations\execute_operation.ts:123:12)
    at FindCursor._initialize (C:\Users\LENOVO\OneDrive\Desktop\JWLovers\server\node_modules\mongodb\src\cursor\find_cursor.ts:92:22)
    at FindCursor.cursorInit (C:\Users\LENOVO\OneDrive\Desktop\JWLovers\server\node_modules\mongodb\src\cursor\abstract_cursor.ts:917:21)
    at FindCursor.fetchBatch (C:\Users\LENOVO\OneDrive\Desktop\JWLovers\server\node_modules\mongodb\src\cursor\abstract_cursor.ts:955:7)
    at FindCursor.next (C:\Users\LENOVO\OneDrive\Desktop\JWLovers\server\node_modules\mongodb\src\cursor\abstract_cursor.ts:573:9)
    at FindCursor.[Symbol.asyncIterator] (C:\Users\LENOVO\OneDrive\Desktop\JWLovers\server\node_modules\mongodb\src\cursor\abstract_cursor.ts:492:26)
    at FindCursor.toArray (C:\Users\LENOVO\OneDrive\Desktop\JWLovers\server\node_modules\mongodb\src\cursor\abstract_cursor.ts:661:22)
    at model.Query._find (C:\Users\LENOVO\OneDrive\Desktop\JWLovers\server\node_modules\mongoose\lib\query.js:2473:14)
{
  "errorLabelSet": {},
  "reason": {
    "type": "ReplicaSetNoPrimary",
    "servers": {
      "ac-ycssmpd-shard-00-00.tvw48ir.mongodb.net:27017": {
        "address": "ac-ycssmpd-shard-00-00.tvw48ir.mongodb.net:27017",
        "type": "Unknown",
        "hosts": [],
        "passives": [],
        "arbiters": [],
        "tags": {},
        "minWireVersion": 0,
        "maxWireVersion": 0,
        "roundTripTime": -1,
        "minRoundTripTime": 0,
        "lastUpdateTime": 157122764,
        "lastWriteDate": 0,
        "error": {
          "errorLabelSet": {},
          "beforeHandshake": false
        },
        "topologyVersion": null,
        "setName": null,
        "setVersion": null,
        "electionId": null,
        "logicalSessionTimeoutMinutes": null,
        "maxMessageSizeBytes": null,
        "maxWriteBatchSize": null,
        "maxBsonObjectSize": null,
        "primary": null,
        "me": null,
        "$clusterTime": null,
        "iscryptd": false
      },
      "ac-ycssmpd-shard-00-01.tvw48ir.mongodb.net:27017": {
        "address": "ac-ycssmpd-shard-00-01.tvw48ir.mongodb.net:27017",
        "type": "Unknown",
        "hosts": [],
        "passives": [],
        "arbiters": [],
        "tags": {},
        "minWireVersion": 0,
        "maxWireVersion": 0,
        "roundTripTime": -1,
        "minRoundTripTime": 0,
        "lastUpdateTime": 157122765,
        "lastWriteDate": 0,
        "error": {
          "errorLabelSet": {},
          "beforeHandshake": false
        },
        "topologyVersion": null,
        "setName": null,
        "setVersion": null,
        "electionId": null,
        "logicalSessionTimeoutMinutes": null,
        "maxMessageSizeBytes": null,
        "maxWriteBatchSize": null,
        "maxBsonObjectSize": null,
        "primary": null,
        "me": null,
        "$clusterTime": null,
        "iscryptd": false
      },
      "ac-ycssmpd-shard-00-02.tvw48ir.mongodb.net:27017": {
        "address": "ac-ycssmpd-shard-00-02.tvw48ir.mongodb.net:27017",
        "type": "Unknown",
        "hosts": [],
        "passives": [],
        "arbiters": [],
        "tags": {},
        "minWireVersion": 0,
        "maxWireVersion": 0,
        "roundTripTime": -1,
        "minRoundTripTime": 0,
        "lastUpdateTime": 157122766,
        "lastWriteDate": 0,
        "error": {
          "errorLabelSet": {},
          "beforeHandshake": false
        },
        "topologyVersion": null,
        "setName": null,
        "setVersion": null,
        "electionId": null,
        "logicalSessionTimeoutMinutes": null,
        "maxMessageSizeBytes": null,
        "maxWriteBatchSize": null,
        "maxBsonObjectSize": null,
        "primary": null,
        "me": null,
        "$clusterTime": null,
        "iscryptd": false
      }
    },
    "stale": false,
    "compatible": true,
    "heartbeatFrequencyMS": 10000,
    "localThresholdMS": 15,
    "setName": "atlas-ldvzrz-shard-0",
    "maxElectionId": {
      "$oid": "7fffffff0000000000000097"
    },
    "maxSetVersion": 35,
    "commonWireVersion": 25,
    "logicalSessionTimeoutMinutes": null
  },
  "cause": {
    "errorLabelSet": {},
    "beforeHandshake": false
  }
}
2026-06-27T18:50:15.276Z [error]: Cleanup stale presence error: getaddrinfo ENOTFOUND ac-ycssmpd-shard-00-00.tvw48ir.mongodb.net
MongoServerSelectionError: getaddrinfo ENOTFOUND ac-ycssmpd-shard-00-00.tvw48ir.mongodb.net
    at Topology.selectServer (C:\Users\LENOVO\OneDrive\Desktop\JWLovers\server\node_modules\mongodb\src\sdam\topology.ts:637:30)
    at tryOperation (C:\Users\LENOVO\OneDrive\Desktop\JWLovers\server\node_modules\mongodb\src\operations\execute_operation.ts:206:16)
    at executeOperation (C:\Users\LENOVO\OneDrive\Desktop\JWLovers\server\node_modules\mongodb\src\operations\execute_operation.ts:123:12)
    at FindCursor._initialize (C:\Users\LENOVO\OneDrive\Desktop\JWLovers\server\node_modules\mongodb\src\cursor\find_cursor.ts:92:22)
    at FindCursor.cursorInit (C:\Users\LENOVO\OneDrive\Desktop\JWLovers\server\node_modules\mongodb\src\cursor\abstract_cursor.ts:917:21)
    at FindCursor.fetchBatch (C:\Users\LENOVO\OneDrive\Desktop\JWLovers\server\node_modules\mongodb\src\cursor\abstract_cursor.ts:955:7)
    at FindCursor.next (C:\Users\LENOVO\OneDrive\Desktop\JWLovers\server\node_modules\mongodb\src\cursor\abstract_cursor.ts:573:9)
    at FindCursor.[Symbol.asyncIterator] (C:\Users\LENOVO\OneDrive\Desktop\JWLovers\server\node_modules\mongodb\src\cursor\abstract_cursor.ts:492:26)
    at FindCursor.toArray (C:\Users\LENOVO\OneDrive\Desktop\JWLovers\server\node_modules\mongodb\src\cursor\abstract_cursor.ts:661:22)
    at model.Query._find (C:\Users\LENOVO\OneDrive\Desktop\JWLovers\server\node_modules\mongoose\lib\query.js:2473:14)
{
  "errorLabelSet": {},
  "reason": {
    "type": "ReplicaSetNoPrimary",
    "servers": {
      "ac-ycssmpd-shard-00-00.tvw48ir.mongodb.net:27017": {
        "address": "ac-ycssmpd-shard-00-00.tvw48ir.mongodb.net:27017",
        "type": "Unknown",
        "hosts": [],
        "passives": [],
        "arbiters": [],
        "tags": {},
        "minWireVersion": 0,
        "maxWireVersion": 0,
        "roundTripTime": -1,
        "minRoundTripTime": 0,
        "lastUpdateTime": 157182771,
        "lastWriteDate": 0,
        "error": {
          "errorLabelSet": {},
          "beforeHandshake": false
        },
        "topologyVersion": null,
        "setName": null,
        "setVersion": null,
        "electionId": null,
        "logicalSessionTimeoutMinutes": null,
        "maxMessageSizeBytes": null,
        "maxWriteBatchSize": null,
        "maxBsonObjectSize": null,
        "primary": null,
        "me": null,
        "$clusterTime": null,
        "iscryptd": false
      },
      "ac-ycssmpd-shard-00-01.tvw48ir.mongodb.net:27017": {
        "address": "ac-ycssmpd-shard-00-01.tvw48ir.mongodb.net:27017",
        "type": "Unknown",
        "hosts": [],
        "passives": [],
        "arbiters": [],
        "tags": {},
        "minWireVersion": 0,
        "maxWireVersion": 0,
        "roundTripTime": -1,
        "minRoundTripTime": 0,
        "lastUpdateTime": 157182772,
        "lastWriteDate": 0,
        "error": {
          "errorLabelSet": {},
          "beforeHandshake": false
        },
        "topologyVersion": null,
        "setName": null,
        "setVersion": null,
        "electionId": null,
        "logicalSessionTimeoutMinutes": null,
        "maxMessageSizeBytes": null,
        "maxWriteBatchSize": null,
        "maxBsonObjectSize": null,
        "primary": null,
        "me": null,
        "$clusterTime": null,
        "iscryptd": false
      },
      "ac-ycssmpd-shard-00-02.tvw48ir.mongodb.net:27017": {
        "address": "ac-ycssmpd-shard-00-02.tvw48ir.mongodb.net:27017",
        "type": "Unknown",
        "hosts": [],
        "passives": [],
        "arbiters": [],
        "tags": {},
        "minWireVersion": 0,
        "maxWireVersion": 0,
        "roundTripTime": -1,
        "minRoundTripTime": 0,
        "lastUpdateTime": 157182773,
        "lastWriteDate": 0,
        "error": {
          "errorLabelSet": {},
          "beforeHandshake": false
        },
        "topologyVersion": null,
        "setName": null,
        "setVersion": null,
        "electionId": null,
        "logicalSessionTimeoutMinutes": null,
        "maxMessageSizeBytes": null,
        "maxWriteBatchSize": null,
        "maxBsonObjectSize": null,
        "primary": null,
        "me": null,
        "$clusterTime": null,
        "iscryptd": false
      }
    },
    "stale": false,
    "compatible": true,
    "heartbeatFrequencyMS": 10000,
    "localThresholdMS": 15,
    "setName": "atlas-ldvzrz-shard-0",
    "maxElectionId": {
      "$oid": "7fffffff0000000000000097"
    },
    "maxSetVersion": 35,
    "commonWireVersion": 25,
    "logicalSessionTimeoutMinutes": null
  },
  "cause": {
    "errorLabelSet": {},
    "beforeHandshake": false
  }
}
2026-06-27T18:51:15.279Z [error]: Cleanup stale presence error: Socket 'secureConnect' timed out after 10014ms (connectTimeoutMS: 10000)
MongoServerSelectionError: Socket 'secureConnect' timed out after 10014ms (connectTimeoutMS: 10000)
    at Topology.selectServer (C:\Users\LENOVO\OneDrive\Desktop\JWLovers\server\node_modules\mongodb\src\sdam\topology.ts:637:30)
    at tryOperation (C:\Users\LENOVO\OneDrive\Desktop\JWLovers\server\node_modules\mongodb\src\operations\execute_operation.ts:206:16)
    at executeOperation (C:\Users\LENOVO\OneDrive\Desktop\JWLovers\server\node_modules\mongodb\src\operations\execute_operation.ts:123:12)
    at FindCursor._initialize (C:\Users\LENOVO\OneDrive\Desktop\JWLovers\server\node_modules\mongodb\src\cursor\find_cursor.ts:92:22)
    at FindCursor.cursorInit (C:\Users\LENOVO\OneDrive\Desktop\JWLovers\server\node_modules\mongodb\src\cursor\abstract_cursor.ts:917:21)
    at FindCursor.fetchBatch (C:\Users\LENOVO\OneDrive\Desktop\JWLovers\server\node_modules\mongodb\src\cursor\abstract_cursor.ts:955:7)
    at FindCursor.next (C:\Users\LENOVO\OneDrive\Desktop\JWLovers\server\node_modules\mongodb\src\cursor\abstract_cursor.ts:573:9)
    at FindCursor.[Symbol.asyncIterator] (C:\Users\LENOVO\OneDrive\Desktop\JWLovers\server\node_modules\mongodb\src\cursor\abstract_cursor.ts:492:26)
    at FindCursor.toArray (C:\Users\LENOVO\OneDrive\Desktop\JWLovers\server\node_modules\mongodb\src\cursor\abstract_cursor.ts:661:22)
    at model.Query._find (C:\Users\LENOVO\OneDrive\Desktop\JWLovers\server\node_modules\mongoose\lib\query.js:2473:14)
{
  "errorLabelSet": {},
  "reason": {
    "type": "ReplicaSetNoPrimary",
    "servers": {
      "ac-ycssmpd-shard-00-00.tvw48ir.mongodb.net:27017": {
        "address": "ac-ycssmpd-shard-00-00.tvw48ir.mongodb.net:27017",
        "type": "Unknown",
        "hosts": [],
        "passives": [],
        "arbiters": [],
        "tags": {},
        "minWireVersion": 0,
        "maxWireVersion": 0,
        "roundTripTime": -1,
        "minRoundTripTime": 0,
        "lastUpdateTime": 157224516,
        "lastWriteDate": 0,
        "error": {
          "errorLabelSet": {},
          "beforeHandshake": false
        },
        "topologyVersion": null,
        "setName": null,
        "setVersion": null,
        "electionId": null,
        "logicalSessionTimeoutMinutes": null,
        "maxMessageSizeBytes": null,
        "maxWriteBatchSize": null,
        "maxBsonObjectSize": null,
        "primary": null,
        "me": null,
        "$clusterTime": null,
        "iscryptd": false
      },
      "ac-ycssmpd-shard-00-01.tvw48ir.mongodb.net:27017": {
        "address": "ac-ycssmpd-shard-00-01.tvw48ir.mongodb.net:27017",
        "type": "Unknown",
        "hosts": [],
        "passives": [],
        "arbiters": [],
        "tags": {},
        "minWireVersion": 0,
        "maxWireVersion": 0,
        "roundTripTime": -1,
        "minRoundTripTime": 0,
        "lastUpdateTime": 157223325,
        "lastWriteDate": 0,
        "error": {
          "errorLabelSet": {},
          "beforeHandshake": false
        },
        "topologyVersion": null,
        "setName": null,
        "setVersion": null,
        "electionId": null,
        "logicalSessionTimeoutMinutes": null,
        "maxMessageSizeBytes": null,
        "maxWriteBatchSize": null,
        "maxBsonObjectSize": null,
        "primary": null,
        "me": null,
        "$clusterTime": null,
        "iscryptd": false
      },
      "ac-ycssmpd-shard-00-02.tvw48ir.mongodb.net:27017": {
        "address": "ac-ycssmpd-shard-00-02.tvw48ir.mongodb.net:27017",
        "type": "Unknown",
        "hosts": [],
        "passives": [],
        "arbiters": [],
        "tags": {},
        "minWireVersion": 0,
        "maxWireVersion": 0,
        "roundTripTime": -1,
        "minRoundTripTime": 0,
        "lastUpdateTime": 157224517,
        "lastWriteDate": 0,
        "error": {
          "errorLabelSet": {},
          "beforeHandshake": false
        },
        "topologyVersion": null,
        "setName": null,
        "setVersion": null,
        "electionId": null,
        "logicalSessionTimeoutMinutes": null,
        "maxMessageSizeBytes": null,
        "maxWriteBatchSize": null,
        "maxBsonObjectSize": null,
        "primary": null,
        "me": null,
        "$clusterTime": null,
        "iscryptd": false
      }
    },
    "stale": false,
    "compatible": true,
    "heartbeatFrequencyMS": 10000,
    "localThresholdMS": 15,
    "setName": "atlas-ldvzrz-shard-0",
    "maxElectionId": {
      "$oid": "7fffffff0000000000000097"
    },
    "maxSetVersion": 35,
    "commonWireVersion": 25,
    "logicalSessionTimeoutMinutes": null
  },
  "cause": {
    "errorLabelSet": {},
    "beforeHandshake": false
  }
}
2026-06-27T18:52:15.283Z [error]: Cleanup stale presence error: getaddrinfo ENOTFOUND ac-ycssmpd-shard-00-00.tvw48ir.mongodb.net
MongoServerSelectionError: getaddrinfo ENOTFOUND ac-ycssmpd-shard-00-00.tvw48ir.mongodb.net
    at Topology.selectServer (C:\Users\LENOVO\OneDrive\Desktop\JWLovers\server\node_modules\mongodb\src\sdam\topology.ts:637:30)
    at tryOperation (C:\Users\LENOVO\OneDrive\Desktop\JWLovers\server\node_modules\mongodb\src\operations\execute_operation.ts:206:16)
    at executeOperation (C:\Users\LENOVO\OneDrive\Desktop\JWLovers\server\node_modules\mongodb\src\operations\execute_operation.ts:123:12)
    at FindCursor._initialize (C:\Users\LENOVO\OneDrive\Desktop\JWLovers\server\node_modules\mongodb\src\cursor\find_cursor.ts:92:22)
    at FindCursor.cursorInit (C:\Users\LENOVO\OneDrive\Desktop\JWLovers\server\node_modules\mongodb\src\cursor\abstract_cursor.ts:917:21)
    at FindCursor.fetchBatch (C:\Users\LENOVO\OneDrive\Desktop\JWLovers\server\node_modules\mongodb\src\cursor\abstract_cursor.ts:955:7)
    at FindCursor.next (C:\Users\LENOVO\OneDrive\Desktop\JWLovers\server\node_modules\mongodb\src\cursor\abstract_cursor.ts:573:9)
    at FindCursor.[Symbol.asyncIterator] (C:\Users\LENOVO\OneDrive\Desktop\JWLovers\server\node_modules\mongodb\src\cursor\abstract_cursor.ts:492:26)
    at FindCursor.toArray (C:\Users\LENOVO\OneDrive\Desktop\JWLovers\server\node_modules\mongodb\src\cursor\abstract_cursor.ts:661:22)
    at model.Query._find (C:\Users\LENOVO\OneDrive\Desktop\JWLovers\server\node_modules\mongoose\lib\query.js:2473:14)
{
  "errorLabelSet": {},
  "reason": {
    "type": "ReplicaSetNoPrimary",
    "servers": {
      "ac-ycssmpd-shard-00-00.tvw48ir.mongodb.net:27017": {
        "address": "ac-ycssmpd-shard-00-00.tvw48ir.mongodb.net:27017",
        "type": "Unknown",
        "hosts": [],
        "passives": [],
        "arbiters": [],
        "tags": {},
        "minWireVersion": 0,
        "maxWireVersion": 0,
        "roundTripTime": -1,
        "minRoundTripTime": 0,
        "lastUpdateTime": 157284595,
        "lastWriteDate": 0,
        "error": {
          "errorLabelSet": {},
          "beforeHandshake": false
        },
        "topologyVersion": null,
        "setName": null,
        "setVersion": null,
        "electionId": null,
        "logicalSessionTimeoutMinutes": null,
        "maxMessageSizeBytes": null,
        "maxWriteBatchSize": null,
        "maxBsonObjectSize": null,
        "primary": null,
        "me": null,
        "$clusterTime": null,
        "iscryptd": false
      },
      "ac-ycssmpd-shard-00-01.tvw48ir.mongodb.net:27017": {
        "address": "ac-ycssmpd-shard-00-01.tvw48ir.mongodb.net:27017",
        "type": "Unknown",
        "hosts": [],
        "passives": [],
        "arbiters": [],
        "tags": {},
        "minWireVersion": 0,
        "maxWireVersion": 0,
        "roundTripTime": -1,
        "minRoundTripTime": 0,
        "lastUpdateTime": 157302935,
        "lastWriteDate": 0,
        "error": {
          "errorLabelSet": {},
          "beforeHandshake": false
        },
        "topologyVersion": null,
        "setName": null,
        "setVersion": null,
        "electionId": null,
        "logicalSessionTimeoutMinutes": null,
        "maxMessageSizeBytes": null,
        "maxWriteBatchSize": null,
        "maxBsonObjectSize": null,
        "primary": null,
        "me": null,
        "$clusterTime": null,
        "iscryptd": false
      },
      "ac-ycssmpd-shard-00-02.tvw48ir.mongodb.net:27017": {
        "address": "ac-ycssmpd-shard-00-02.tvw48ir.mongodb.net:27017",
        "type": "Unknown",
        "hosts": [],
        "passives": [],
        "arbiters": [],
        "tags": {},
        "minWireVersion": 0,
        "maxWireVersion": 0,
        "roundTripTime": -1,
        "minRoundTripTime": 0,
        "lastUpdateTime": 157302936,
        "lastWriteDate": 0,
        "error": {
          "errorLabelSet": {},
          "beforeHandshake": false
        },
        "topologyVersion": null,
        "setName": null,
        "setVersion": null,
        "electionId": null,
        "logicalSessionTimeoutMinutes": null,
        "maxMessageSizeBytes": null,
        "maxWriteBatchSize": null,
        "maxBsonObjectSize": null,
        "primary": null,
        "me": null,
        "$clusterTime": null,
        "iscryptd": false
      }
    },
    "stale": false,
    "compatible": true,
    "heartbeatFrequencyMS": 10000,
    "localThresholdMS": 15,
    "setName": "atlas-ldvzrz-shard-0",
    "maxElectionId": {
      "$oid": "7fffffff0000000000000097"
    },
    "maxSetVersion": 35,
    "commonWireVersion": 25,
    "logicalSessionTimeoutMinutes": null
  },
  "cause": {
    "errorLabelSet": {},
    "beforeHandshake": false
  }
}
2026-06-27T18:53:15.284Z [error]: Cleanup stale presence error: getaddrinfo ENOTFOUND ac-ycssmpd-shard-00-00.tvw48ir.mongodb.net
MongoServerSelectionError: getaddrinfo ENOTFOUND ac-ycssmpd-shard-00-00.tvw48ir.mongodb.net
    at Topology.selectServer (C:\Users\LENOVO\OneDrive\Desktop\JWLovers\server\node_modules\mongodb\src\sdam\topology.ts:637:30)
    at tryOperation (C:\Users\LENOVO\OneDrive\Desktop\JWLovers\server\node_modules\mongodb\src\operations\execute_operation.ts:206:16)
    at executeOperation (C:\Users\LENOVO\OneDrive\Desktop\JWLovers\server\node_modules\mongodb\src\operations\execute_operation.ts:123:12)
    at FindCursor._initialize (C:\Users\LENOVO\OneDrive\Desktop\JWLovers\server\node_modules\mongodb\src\cursor\find_cursor.ts:92:22)
    at FindCursor.cursorInit (C:\Users\LENOVO\OneDrive\Desktop\JWLovers\server\node_modules\mongodb\src\cursor\abstract_cursor.ts:917:21)
    at FindCursor.fetchBatch (C:\Users\LENOVO\OneDrive\Desktop\JWLovers\server\node_modules\mongodb\src\cursor\abstract_cursor.ts:955:7)
    at FindCursor.next (C:\Users\LENOVO\OneDrive\Desktop\JWLovers\server\node_modules\mongodb\src\cursor\abstract_cursor.ts:573:9)
    at FindCursor.[Symbol.asyncIterator] (C:\Users\LENOVO\OneDrive\Desktop\JWLovers\server\node_modules\mongodb\src\cursor\abstract_cursor.ts:492:26)
    at FindCursor.toArray (C:\Users\LENOVO\OneDrive\Desktop\JWLovers\server\node_modules\mongodb\src\cursor\abstract_cursor.ts:661:22)
    at model.Query._find (C:\Users\LENOVO\OneDrive\Desktop\JWLovers\server\node_modules\mongoose\lib\query.js:2473:14)
{
  "errorLabelSet": {},
  "reason": {
    "type": "ReplicaSetNoPrimary",
    "servers": {
      "ac-ycssmpd-shard-00-00.tvw48ir.mongodb.net:27017": {
        "address": "ac-ycssmpd-shard-00-00.tvw48ir.mongodb.net:27017",
        "type": "Unknown",
        "hosts": [],
        "passives": [],
        "arbiters": [],
        "tags": {},
        "minWireVersion": 0,
        "maxWireVersion": 0,
        "roundTripTime": -1,
        "minRoundTripTime": 0,
        "lastUpdateTime": 157362774,
        "lastWriteDate": 0,
        "error": {
          "errorLabelSet": {},
          "beforeHandshake": false
        },
        "topologyVersion": null,
        "setName": null,
        "setVersion": null,
        "electionId": null,
        "logicalSessionTimeoutMinutes": null,
        "maxMessageSizeBytes": null,
        "maxWriteBatchSize": null,
        "maxBsonObjectSize": null,
        "primary": null,
        "me": null,
        "$clusterTime": null,
        "iscryptd": false
      },
      "ac-ycssmpd-shard-00-01.tvw48ir.mongodb.net:27017": {
        "address": "ac-ycssmpd-shard-00-01.tvw48ir.mongodb.net:27017",
        "type": "Unknown",
        "hosts": [],
        "passives": [],
        "arbiters": [],
        "tags": {},
        "minWireVersion": 0,
        "maxWireVersion": 0,
        "roundTripTime": -1,
        "minRoundTripTime": 0,
        "lastUpdateTime": 157362777,
        "lastWriteDate": 0,
        "error": {
          "errorLabelSet": {},
          "beforeHandshake": false
        },
        "topologyVersion": null,
        "setName": null,
        "setVersion": null,
        "electionId": null,
        "logicalSessionTimeoutMinutes": null,
        "maxMessageSizeBytes": null,
        "maxWriteBatchSize": null,
        "maxBsonObjectSize": null,
        "primary": null,
        "me": null,
        "$clusterTime": null,
        "iscryptd": false
      },
      "ac-ycssmpd-shard-00-02.tvw48ir.mongodb.net:27017": {
        "address": "ac-ycssmpd-shard-00-02.tvw48ir.mongodb.net:27017",
        "type": "Unknown",
        "hosts": [],
        "passives": [],
        "arbiters": [],
        "tags": {},
        "minWireVersion": 0,
        "maxWireVersion": 0,
        "roundTripTime": -1,
        "minRoundTripTime": 0,
        "lastUpdateTime": 157343475,
        "lastWriteDate": 0,
        "error": {
          "errorLabelSet": {},
          "beforeHandshake": false
        },
        "topologyVersion": null,
        "setName": null,
        "setVersion": null,
        "electionId": null,
        "logicalSessionTimeoutMinutes": null,
        "maxMessageSizeBytes": null,
        "maxWriteBatchSize": null,
        "maxBsonObjectSize": null,
        "primary": null,
        "me": null,
        "$clusterTime": null,
        "iscryptd": false
      }
    },
    "stale": false,
    "compatible": true,
    "heartbeatFrequencyMS": 10000,
    "localThresholdMS": 15,
    "setName": "atlas-ldvzrz-shard-0",
    "maxElectionId": {
      "$oid": "7fffffff0000000000000097"
    },
    "maxSetVersion": 35,
    "commonWireVersion": 25,
    "logicalSessionTimeoutMinutes": null
  },
  "cause": {
    "errorLabelSet": {},
    "beforeHandshake": false
  }
}
2026-06-27T20:38:50.706Z [error]: Cleanup stale presence error: Socket 'secureConnect' timed out after 6300324ms (connectTimeoutMS: 10000)
MongoServerSelectionError: Socket 'secureConnect' timed out after 6300324ms (connectTimeoutMS: 10000)
    at Topology.selectServer (C:\Users\LENOVO\OneDrive\Desktop\JWLovers\server\node_modules\mongodb\src\sdam\topology.ts:637:30)
    at tryOperation (C:\Users\LENOVO\OneDrive\Desktop\JWLovers\server\node_modules\mongodb\src\operations\execute_operation.ts:206:16)
    at executeOperation (C:\Users\LENOVO\OneDrive\Desktop\JWLovers\server\node_modules\mongodb\src\operations\execute_operation.ts:123:12)
    at FindCursor._initialize (C:\Users\LENOVO\OneDrive\Desktop\JWLovers\server\node_modules\mongodb\src\cursor\find_cursor.ts:92:22)
    at FindCursor.cursorInit (C:\Users\LENOVO\OneDrive\Desktop\JWLovers\server\node_modules\mongodb\src\cursor\abstract_cursor.ts:917:21)
    at FindCursor.fetchBatch (C:\Users\LENOVO\OneDrive\Desktop\JWLovers\server\node_modules\mongodb\src\cursor\abstract_cursor.ts:955:7)
    at FindCursor.next (C:\Users\LENOVO\OneDrive\Desktop\JWLovers\server\node_modules\mongodb\src\cursor\abstract_cursor.ts:573:9)
    at FindCursor.[Symbol.asyncIterator] (C:\Users\LENOVO\OneDrive\Desktop\JWLovers\server\node_modules\mongodb\src\cursor\abstract_cursor.ts:492:26)
    at FindCursor.toArray (C:\Users\LENOVO\OneDrive\Desktop\JWLovers\server\node_modules\mongodb\src\cursor\abstract_cursor.ts:661:22)
    at model.Query._find (C:\Users\LENOVO\OneDrive\Desktop\JWLovers\server\node_modules\mongoose\lib\query.js:2473:14)
{
  "errorLabelSet": {},
  "reason": {
    "type": "ReplicaSetNoPrimary",
    "servers": {
      "ac-ycssmpd-shard-00-00.tvw48ir.mongodb.net:27017": {
        "address": "ac-ycssmpd-shard-00-00.tvw48ir.mongodb.net:27017",
        "type": "Unknown",
        "hosts": [],
        "passives": [],
        "arbiters": [],
        "tags": {},
        "minWireVersion": 0,
        "maxWireVersion": 0,
        "roundTripTime": -1,
        "minRoundTripTime": 0,
        "lastUpdateTime": 163693642,
        "lastWriteDate": 0,
        "error": {
          "errorLabelSet": {},
          "beforeHandshake": false
        },
        "topologyVersion": null,
        "setName": null,
        "setVersion": null,
        "electionId": null,
        "logicalSessionTimeoutMinutes": null,
        "maxMessageSizeBytes": null,
        "maxWriteBatchSize": null,
        "maxBsonObjectSize": null,
        "primary": null,
        "me": null,
        "$clusterTime": null,
        "iscryptd": false
      },
      "ac-ycssmpd-shard-00-01.tvw48ir.mongodb.net:27017": {
        "address": "ac-ycssmpd-shard-00-01.tvw48ir.mongodb.net:27017",
        "type": "Unknown",
        "hosts": [],
        "passives": [],
        "arbiters": [],
        "tags": {},
        "minWireVersion": 0,
        "maxWireVersion": 0,
        "roundTripTime": -1,
        "minRoundTripTime": 0,
        "lastUpdateTime": 163693643,
        "lastWriteDate": 0,
        "error": {
          "errorLabelSet": {},
          "beforeHandshake": false
        },
        "topologyVersion": null,
        "setName": null,
        "setVersion": null,
        "electionId": null,
        "logicalSessionTimeoutMinutes": null,
        "maxMessageSizeBytes": null,
        "maxWriteBatchSize": null,
        "maxBsonObjectSize": null,
        "primary": null,
        "me": null,
        "$clusterTime": null,
        "iscryptd": false
      },
      "ac-ycssmpd-shard-00-02.tvw48ir.mongodb.net:27017": {
        "address": "ac-ycssmpd-shard-00-02.tvw48ir.mongodb.net:27017",
        "type": "Unknown",
        "hosts": [],
        "passives": [],
        "arbiters": [],
        "tags": {},
        "minWireVersion": 0,
        "maxWireVersion": 0,
        "roundTripTime": -1,
        "minRoundTripTime": 0,
        "lastUpdateTime": 163693643,
        "lastWriteDate": 0,
        "error": {
          "errorLabelSet": {},
          "beforeHandshake": false
        },
        "topologyVersion": null,
        "setName": null,
        "setVersion": null,
        "electionId": null,
        "logicalSessionTimeoutMinutes": null,
        "maxMessageSizeBytes": null,
        "maxWriteBatchSize": null,
        "maxBsonObjectSize": null,
        "primary": null,
        "me": null,
        "$clusterTime": null,
        "iscryptd": false
      }
    },
    "stale": false,
    "compatible": true,
    "heartbeatFrequencyMS": 10000,
    "localThresholdMS": 15,
    "setName": "atlas-ldvzrz-shard-0",
    "maxElectionId": {
      "$oid": "7fffffff0000000000000097"
    },
    "maxSetVersion": 35,
    "commonWireVersion": 25,
    "logicalSessionTimeoutMinutes": null
  },
  "cause": {
    "errorLabelSet": {},
    "beforeHandshake": false
  }
}
2026-06-27T21:59:37.637Z [error]: Cleanup stale presence error: connection <monitor> to 20.49.59.176:27017 timed out
MongoServerSelectionError: connection <monitor> to 20.49.59.176:27017 timed out
    at Topology.selectServer (C:\Users\LENOVO\OneDrive\Desktop\JWLovers\server\node_modules\mongodb\src\sdam\topology.ts:637:30)
    at tryOperation (C:\Users\LENOVO\OneDrive\Desktop\JWLovers\server\node_modules\mongodb\src\operations\execute_operation.ts:271:16)
    at executeOperation (C:\Users\LENOVO\OneDrive\Desktop\JWLovers\server\node_modules\mongodb\src\operations\execute_operation.ts:123:12)
    at FindCursor._initialize (C:\Users\LENOVO\OneDrive\Desktop\JWLovers\server\node_modules\mongodb\src\cursor\find_cursor.ts:92:22)
    at FindCursor.cursorInit (C:\Users\LENOVO\OneDrive\Desktop\JWLovers\server\node_modules\mongodb\src\cursor\abstract_cursor.ts:917:21)
    at FindCursor.fetchBatch (C:\Users\LENOVO\OneDrive\Desktop\JWLovers\server\node_modules\mongodb\src\cursor\abstract_cursor.ts:955:7)
    at FindCursor.next (C:\Users\LENOVO\OneDrive\Desktop\JWLovers\server\node_modules\mongodb\src\cursor\abstract_cursor.ts:573:9)
    at FindCursor.[Symbol.asyncIterator] (C:\Users\LENOVO\OneDrive\Desktop\JWLovers\server\node_modules\mongodb\src\cursor\abstract_cursor.ts:492:26)
    at FindCursor.toArray (C:\Users\LENOVO\OneDrive\Desktop\JWLovers\server\node_modules\mongodb\src\cursor\abstract_cursor.ts:661:22)
    at model.Query._find (C:\Users\LENOVO\OneDrive\Desktop\JWLovers\server\node_modules\mongoose\lib\query.js:2473:14)
{
  "errorLabelSet": {},
  "reason": {
    "type": "ReplicaSetNoPrimary",
    "servers": {
      "ac-ycssmpd-shard-00-00.tvw48ir.mongodb.net:27017": {
        "address": "ac-ycssmpd-shard-00-00.tvw48ir.mongodb.net:27017",
        "type": "Unknown",
        "hosts": [],
        "passives": [],
        "arbiters": [],
        "tags": {},
        "minWireVersion": 0,
        "maxWireVersion": 0,
        "roundTripTime": -1,
        "minRoundTripTime": 0,
        "lastUpdateTime": 168540657,
        "lastWriteDate": 0,
        "error": {
          "errorLabelSet": {},
          "beforeHandshake": false
        },
        "topologyVersion": null,
        "setName": null,
        "setVersion": null,
        "electionId": null,
        "logicalSessionTimeoutMinutes": null,
        "maxMessageSizeBytes": null,
        "maxWriteBatchSize": null,
        "maxBsonObjectSize": null,
        "primary": null,
        "me": null,
        "$clusterTime": null,
        "iscryptd": false
      },
      "ac-ycssmpd-shard-00-01.tvw48ir.mongodb.net:27017": {
        "address": "ac-ycssmpd-shard-00-01.tvw48ir.mongodb.net:27017",
        "type": "Unknown",
        "hosts": [],
        "passives": [],
        "arbiters": [],
        "tags": {},
        "minWireVersion": 0,
        "maxWireVersion": 0,
        "roundTripTime": -1,
        "minRoundTripTime": 0,
        "lastUpdateTime": 168540659,
        "lastWriteDate": 0,
        "error": {
          "errorLabelSet": {},
          "beforeHandshake": false
        },
        "topologyVersion": null,
        "setName": null,
        "setVersion": null,
        "electionId": null,
        "logicalSessionTimeoutMinutes": null,
        "maxMessageSizeBytes": null,
        "maxWriteBatchSize": null,
        "maxBsonObjectSize": null,
        "primary": null,
        "me": null,
        "$clusterTime": null,
        "iscryptd": false
      },
      "ac-ycssmpd-shard-00-02.tvw48ir.mongodb.net:27017": {
        "address": "ac-ycssmpd-shard-00-02.tvw48ir.mongodb.net:27017",
        "type": "Unknown",
        "hosts": [],
        "passives": [],
        "arbiters": [],
        "tags": {},
        "minWireVersion": 0,
        "maxWireVersion": 0,
        "roundTripTime": -1,
        "minRoundTripTime": 0,
        "lastUpdateTime": 168540659,
        "lastWriteDate": 0,
        "error": {
          "errorLabelSet": {},
          "beforeHandshake": false
        },
        "topologyVersion": null,
        "setName": null,
        "setVersion": null,
        "electionId": null,
        "logicalSessionTimeoutMinutes": null,
        "maxMessageSizeBytes": null,
        "maxWriteBatchSize": null,
        "maxBsonObjectSize": null,
        "primary": null,
        "me": null,
        "$clusterTime": null,
        "iscryptd": false
      }
    },
    "stale": false,
    "compatible": true,
    "heartbeatFrequencyMS": 10000,
    "localThresholdMS": 15,
    "setName": "atlas-ldvzrz-shard-0",
    "maxElectionId": {
      "$oid": "7fffffff0000000000000097"
    },
    "maxSetVersion": 35,
    "commonWireVersion": 25,
    "logicalSessionTimeoutMinutes": null
  },
  "cause": {
    "errorLabelSet": {},
    "beforeHandshake": false
  }
}
2026-06-28T02:45:44.602Z [error]: Cleanup stale presence error: connection <monitor> to 20.36.142.157:27017 timed out
MongoServerSelectionError: connection <monitor> to 20.36.142.157:27017 timed out
    at Topology.selectServer (C:\Users\LENOVO\OneDrive\Desktop\JWLovers\server\node_modules\mongodb\src\sdam\topology.ts:637:30)
    at tryOperation (C:\Users\LENOVO\OneDrive\Desktop\JWLovers\server\node_modules\mongodb\src\operations\execute_operation.ts:271:16)
    at executeOperation (C:\Users\LENOVO\OneDrive\Desktop\JWLovers\server\node_modules\mongodb\src\operations\execute_operation.ts:123:12)
    at FindCursor._initialize (C:\Users\LENOVO\OneDrive\Desktop\JWLovers\server\node_modules\mongodb\src\cursor\find_cursor.ts:92:22)
    at FindCursor.cursorInit (C:\Users\LENOVO\OneDrive\Desktop\JWLovers\server\node_modules\mongodb\src\cursor\abstract_cursor.ts:917:21)
    at FindCursor.fetchBatch (C:\Users\LENOVO\OneDrive\Desktop\JWLovers\server\node_modules\mongodb\src\cursor\abstract_cursor.ts:955:7)
    at FindCursor.next (C:\Users\LENOVO\OneDrive\Desktop\JWLovers\server\node_modules\mongodb\src\cursor\abstract_cursor.ts:573:9)
    at FindCursor.[Symbol.asyncIterator] (C:\Users\LENOVO\OneDrive\Desktop\JWLovers\server\node_modules\mongodb\src\cursor\abstract_cursor.ts:492:26)
    at FindCursor.toArray (C:\Users\LENOVO\OneDrive\Desktop\JWLovers\server\node_modules\mongodb\src\cursor\abstract_cursor.ts:661:22)
    at model.Query._find (C:\Users\LENOVO\OneDrive\Desktop\JWLovers\server\node_modules\mongoose\lib\query.js:2473:14)
{
  "errorLabelSet": {},
  "reason": {
    "type": "ReplicaSetNoPrimary",
    "servers": {
      "ac-ycssmpd-shard-00-00.tvw48ir.mongodb.net:27017": {
        "address": "ac-ycssmpd-shard-00-00.tvw48ir.mongodb.net:27017",
        "type": "RSSecondary",
        "hosts": [
          "ac-ycssmpd-shard-00-00.tvw48ir.mongodb.net:27017",
          "ac-ycssmpd-shard-00-01.tvw48ir.mongodb.net:27017",
          "ac-ycssmpd-shard-00-02.tvw48ir.mongodb.net:27017"
        ],
        "passives": [],
        "arbiters": [],
        "tags": {
          "diskState": "READY",
          "workloadType": "OPERATIONAL",
          "provider": "AZURE",
          "cacheState": "READY",
          "region": "US_EAST_2",
          "nodeType": "ELECTABLE",
          "availabilityZone": "1"
        },
        "minWireVersion": 0,
        "maxWireVersion": 25,
        "roundTripTime": 176.7,
        "minRoundTripTime": 175,
        "lastUpdateTime": 185712246,
        "lastWriteDate": {
          "$date": "2026-06-28T02:45:40Z"
        },
        "error": null,
        "topologyVersion": {
          "processId": {
            "$oid": "6a3ffb407c7c8c4816db3c85"
          },
          "counter": 4
        },
        "setName": "atlas-ldvzrz-shard-0",
        "setVersion": 35,
        "electionId": null,
        "logicalSessionTimeoutMinutes": 30,
        "maxMessageSizeBytes": 48000000,
        "maxWriteBatchSize": 100000,
        "maxBsonObjectSize": 16777216,
        "primary": "ac-ycssmpd-shard-00-02.tvw48ir.mongodb.net:27017",
        "me": "ac-ycssmpd-shard-00-00.tvw48ir.mongodb.net:27017",
        "$clusterTime": {
          "clusterTime": {
            "$timestamp": {
              "t": 1782614740,
              "i": 1
            }
          },
          "signature": {
            "hash": {
              "0": 208,
              "1": 201,
              "2": 59,
              "3": 6,
              "4": 142,
              "5": 40,
              "6": 83,
              "7": 4,
              "8": 194,
              "9": 142,
              "10": 167,
              "11": 68,
              "12": 170,
              "13": 57,
              "14": 171,
              "15": 144,
              "16": 98,
              "17": 86,
              "18": 160,
              "19": 159
            },
            "keyId": 7595688910387151000
          }
        },
        "iscryptd": false
      },
      "ac-ycssmpd-shard-00-01.tvw48ir.mongodb.net:27017": {
        "address": "ac-ycssmpd-shard-00-01.tvw48ir.mongodb.net:27017",
        "type": "RSSecondary",
        "hosts": [
          "ac-ycssmpd-shard-00-00.tvw48ir.mongodb.net:27017",
          "ac-ycssmpd-shard-00-01.tvw48ir.mongodb.net:27017",
          "ac-ycssmpd-shard-00-02.tvw48ir.mongodb.net:27017"
        ],
        "passives": [],
        "arbiters": [],
        "tags": {
          "diskState": "READY",
          "provider": "AZURE",
          "nodeType": "ELECTABLE",
          "availabilityZone": "2",
          "region": "US_EAST_2",
          "cacheState": "READY",
          "workloadType": "OPERATIONAL"
        },
        "minWireVersion": 0,
        "maxWireVersion": 25,
        "roundTripTime": 189.6,
        "minRoundTripTime": 186,
        "lastUpdateTime": 185712377,
        "lastWriteDate": {
          "$date": "2026-06-28T02:45:40Z"
        },
        "error": null,
        "topologyVersion": {
          "processId": {
            "$oid": "6a3ffcaeced9b0d270220973"
          },
          "counter": 3
        },
        "setName": "atlas-ldvzrz-shard-0",
        "setVersion": 35,
        "electionId": null,
        "logicalSessionTimeoutMinutes": 30,
        "maxMessageSizeBytes": 48000000,
        "maxWriteBatchSize": 100000,
        "maxBsonObjectSize": 16777216,
        "primary": "ac-ycssmpd-shard-00-02.tvw48ir.mongodb.net:27017",
        "me": "ac-ycssmpd-shard-00-01.tvw48ir.mongodb.net:27017",
        "$clusterTime": {
          "clusterTime": {
            "$timestamp": {
              "t": 1782614740,
              "i": 1
            }
          },
          "signature": {
            "hash": {
              "0": 208,
              "1": 201,
              "2": 59,
              "3": 6,
              "4": 142,
              "5": 40,
              "6": 83,
              "7": 4,
              "8": 194,
              "9": 142,
              "10": 167,
              "11": 68,
              "12": 170,
              "13": 57,
              "14": 171,
              "15": 144,
              "16": 98,
              "17": 86,
              "18": 160,
              "19": 159
            },
            "keyId": 7595688910387151000
          }
        },
        "iscryptd": false
      },
      "ac-ycssmpd-shard-00-02.tvw48ir.mongodb.net:27017": {
        "address": "ac-ycssmpd-shard-00-02.tvw48ir.mongodb.net:27017",
        "type": "Unknown",
        "hosts": [],
        "passives": [],
        "arbiters": [],
        "tags": {},
        "minWireVersion": 0,
        "maxWireVersion": 0,
        "roundTripTime": -1,
        "minRoundTripTime": 0,
        "lastUpdateTime": 185707878,
        "lastWriteDate": 0,
        "error": {
          "errorLabelSet": {},
          "beforeHandshake": false
        },
        "topologyVersion": null,
        "setName": null,
        "setVersion": null,
        "electionId": null,
        "logicalSessionTimeoutMinutes": null,
        "maxMessageSizeBytes": null,
        "maxWriteBatchSize": null,
        "maxBsonObjectSize": null,
        "primary": null,
        "me": null,
        "$clusterTime": null,
        "iscryptd": false
      }
    },
    "stale": false,
    "compatible": true,
    "heartbeatFrequencyMS": 10000,
    "localThresholdMS": 15,
    "setName": "atlas-ldvzrz-shard-0",
    "maxElectionId": {
      "$oid": "7fffffff0000000000000097"
    },
    "maxSetVersion": 35,
    "commonWireVersion": 25,
    "logicalSessionTimeoutMinutes": 30
  },
  "cause": {
    "errorLabelSet": {},
    "beforeHandshake": false
  }
}
2026-06-28T20:53:58.501Z [error]: Cleanup stale presence error: Socket 'secureConnect' timed out after 10016ms (connectTimeoutMS: 10000)
MongoNetworkTimeoutError: Socket 'secureConnect' timed out after 10016ms (connectTimeoutMS: 10000)
    at TLSSocket.<anonymous> (C:\Users\LENOVO\OneDrive\Desktop\JWLovers\server\node_modules\mongodb\src\cmap\connect.ts:432:11)
    at Object.onceWrapper (node:events:633:28)
    at TLSSocket.emit (node:events:519:28)
    at TLSSocket.Socket._onTimeout (node:net:604:8)
    at listOnTimeout (node:internal/timers:588:17)
    at processTimers (node:internal/timers:523:7)
{
  "errorLabelSet": {},
  "beforeHandshake": false,
  "connectionGeneration": 398
}
2026-06-29T09:30:39.638Z [error]: Cleanup stale presence error: connection <monitor> to 20.49.59.176:27017 timed out
MongoServerSelectionError: connection <monitor> to 20.49.59.176:27017 timed out
    at Topology.selectServer (C:\Users\LENOVO\OneDrive\Desktop\JWLovers\server\node_modules\mongodb\src\sdam\topology.ts:637:30)
    at tryOperation (C:\Users\LENOVO\OneDrive\Desktop\JWLovers\server\node_modules\mongodb\src\operations\execute_operation.ts:271:16)
    at executeOperation (C:\Users\LENOVO\OneDrive\Desktop\JWLovers\server\node_modules\mongodb\src\operations\execute_operation.ts:123:12)
    at FindCursor._initialize (C:\Users\LENOVO\OneDrive\Desktop\JWLovers\server\node_modules\mongodb\src\cursor\find_cursor.ts:92:22)
    at FindCursor.cursorInit (C:\Users\LENOVO\OneDrive\Desktop\JWLovers\server\node_modules\mongodb\src\cursor\abstract_cursor.ts:917:21)
    at FindCursor.fetchBatch (C:\Users\LENOVO\OneDrive\Desktop\JWLovers\server\node_modules\mongodb\src\cursor\abstract_cursor.ts:955:7)
    at FindCursor.next (C:\Users\LENOVO\OneDrive\Desktop\JWLovers\server\node_modules\mongodb\src\cursor\abstract_cursor.ts:573:9)
    at FindCursor.[Symbol.asyncIterator] (C:\Users\LENOVO\OneDrive\Desktop\JWLovers\server\node_modules\mongodb\src\cursor\abstract_cursor.ts:492:26)
    at FindCursor.toArray (C:\Users\LENOVO\OneDrive\Desktop\JWLovers\server\node_modules\mongodb\src\cursor\abstract_cursor.ts:661:22)
    at model.Query._find (C:\Users\LENOVO\OneDrive\Desktop\JWLovers\server\node_modules\mongoose\lib\query.js:2473:14)
{
  "errorLabelSet": {},
  "reason": {
    "type": "ReplicaSetNoPrimary",
    "servers": {
      "ac-ycssmpd-shard-00-00.tvw48ir.mongodb.net:27017": {
        "address": "ac-ycssmpd-shard-00-00.tvw48ir.mongodb.net:27017",
        "type": "Unknown",
        "hosts": [],
        "passives": [],
        "arbiters": [],
        "tags": {},
        "minWireVersion": 0,
        "maxWireVersion": 0,
        "roundTripTime": -1,
        "minRoundTripTime": 0,
        "lastUpdateTime": 296419666,
        "lastWriteDate": 0,
        "error": {
          "errorLabelSet": {},
          "beforeHandshake": false
        },
        "topologyVersion": null,
        "setName": null,
        "setVersion": null,
        "electionId": null,
        "logicalSessionTimeoutMinutes": null,
        "maxMessageSizeBytes": null,
        "maxWriteBatchSize": null,
        "maxBsonObjectSize": null,
        "primary": null,
        "me": null,
        "$clusterTime": null,
        "iscryptd": false
      },
      "ac-ycssmpd-shard-00-01.tvw48ir.mongodb.net:27017": {
        "address": "ac-ycssmpd-shard-00-01.tvw48ir.mongodb.net:27017",
        "type": "Unknown",
        "hosts": [],
        "passives": [],
        "arbiters": [],
        "tags": {},
        "minWireVersion": 0,
        "maxWireVersion": 0,
        "roundTripTime": -1,
        "minRoundTripTime": 0,
        "lastUpdateTime": 296419730,
        "lastWriteDate": 0,
        "error": {
          "errorLabelSet": {},
          "beforeHandshake": false
        },
        "topologyVersion": null,
        "setName": null,
        "setVersion": null,
        "electionId": null,
        "logicalSessionTimeoutMinutes": null,
        "maxMessageSizeBytes": null,
        "maxWriteBatchSize": null,
        "maxBsonObjectSize": null,
        "primary": null,
        "me": null,
        "$clusterTime": null,
        "iscryptd": false
      },
      "ac-ycssmpd-shard-00-02.tvw48ir.mongodb.net:27017": {
        "address": "ac-ycssmpd-shard-00-02.tvw48ir.mongodb.net:27017",
        "type": "Unknown",
        "hosts": [],
        "passives": [],
        "arbiters": [],
        "tags": {},
        "minWireVersion": 0,
        "maxWireVersion": 0,
        "roundTripTime": -1,
        "minRoundTripTime": 0,
        "lastUpdateTime": 296419710,
        "lastWriteDate": 0,
        "error": {
          "errorLabelSet": {},
          "beforeHandshake": false
        },
        "topologyVersion": null,
        "setName": null,
        "setVersion": null,
        "electionId": null,
        "logicalSessionTimeoutMinutes": null,
        "maxMessageSizeBytes": null,
        "maxWriteBatchSize": null,
        "maxBsonObjectSize": null,
        "primary": null,
        "me": null,
        "$clusterTime": null,
        "iscryptd": false
      }
    },
    "stale": false,
    "compatible": true,
    "heartbeatFrequencyMS": 10000,
    "localThresholdMS": 15,
    "setName": "atlas-ldvzrz-shard-0",
    "maxElectionId": {
      "$oid": "7fffffff0000000000000097"
    },
    "maxSetVersion": 35,
    "commonWireVersion": 25,
    "logicalSessionTimeoutMinutes": null
  },
  "cause": {
    "errorLabelSet": {},
    "beforeHandshake": false
  }
}
2026-06-29T16:15:59.934Z [error]: Cleanup stale presence error: connection <monitor> to 20.49.59.176:27017 timed out
MongoServerSelectionError: connection <monitor> to 20.49.59.176:27017 timed out
    at Topology.selectServer (C:\Users\LENOVO\OneDrive\Desktop\JWLovers\server\node_modules\mongodb\src\sdam\topology.ts:637:30)
    at tryOperation (C:\Users\LENOVO\OneDrive\Desktop\JWLovers\server\node_modules\mongodb\src\operations\execute_operation.ts:271:16)
    at executeOperation (C:\Users\LENOVO\OneDrive\Desktop\JWLovers\server\node_modules\mongodb\src\operations\execute_operation.ts:123:12)
    at FindCursor._initialize (C:\Users\LENOVO\OneDrive\Desktop\JWLovers\server\node_modules\mongodb\src\cursor\find_cursor.ts:92:22)
    at FindCursor.cursorInit (C:\Users\LENOVO\OneDrive\Desktop\JWLovers\server\node_modules\mongodb\src\cursor\abstract_cursor.ts:917:21)
    at FindCursor.fetchBatch (C:\Users\LENOVO\OneDrive\Desktop\JWLovers\server\node_modules\mongodb\src\cursor\abstract_cursor.ts:955:7)
    at FindCursor.next (C:\Users\LENOVO\OneDrive\Desktop\JWLovers\server\node_modules\mongodb\src\cursor\abstract_cursor.ts:573:9)
    at FindCursor.[Symbol.asyncIterator] (C:\Users\LENOVO\OneDrive\Desktop\JWLovers\server\node_modules\mongodb\src\cursor\abstract_cursor.ts:492:26)
    at FindCursor.toArray (C:\Users\LENOVO\OneDrive\Desktop\JWLovers\server\node_modules\mongodb\src\cursor\abstract_cursor.ts:661:22)
    at model.Query._find (C:\Users\LENOVO\OneDrive\Desktop\JWLovers\server\node_modules\mongoose\lib\query.js:2473:14)
{
  "errorLabelSet": {},
  "reason": {
    "type": "ReplicaSetNoPrimary",
    "servers": {
      "ac-ycssmpd-shard-00-00.tvw48ir.mongodb.net:27017": {
        "address": "ac-ycssmpd-shard-00-00.tvw48ir.mongodb.net:27017",
        "type": "Unknown",
        "hosts": [],
        "passives": [],
        "arbiters": [],
        "tags": {},
        "minWireVersion": 0,
        "maxWireVersion": 0,
        "roundTripTime": -1,
        "minRoundTripTime": 0,
        "lastUpdateTime": 320740413,
        "lastWriteDate": 0,
        "error": {
          "errorLabelSet": {},
          "beforeHandshake": false
        },
        "topologyVersion": null,
        "setName": null,
        "setVersion": null,
        "electionId": null,
        "logicalSessionTimeoutMinutes": null,
        "maxMessageSizeBytes": null,
        "maxWriteBatchSize": null,
        "maxBsonObjectSize": null,
        "primary": null,
        "me": null,
        "$clusterTime": null,
        "iscryptd": false
      },
      "ac-ycssmpd-shard-00-01.tvw48ir.mongodb.net:27017": {
        "address": "ac-ycssmpd-shard-00-01.tvw48ir.mongodb.net:27017",
        "type": "Unknown",
        "hosts": [],
        "passives": [],
        "arbiters": [],
        "tags": {},
        "minWireVersion": 0,
        "maxWireVersion": 0,
        "roundTripTime": -1,
        "minRoundTripTime": 0,
        "lastUpdateTime": 320740013,
        "lastWriteDate": 0,
        "error": {
          "errorLabelSet": {},
          "beforeHandshake": false
        },
        "topologyVersion": null,
        "setName": null,
        "setVersion": null,
        "electionId": null,
        "logicalSessionTimeoutMinutes": null,
        "maxMessageSizeBytes": null,
        "maxWriteBatchSize": null,
        "maxBsonObjectSize": null,
        "primary": null,
        "me": null,
        "$clusterTime": null,
        "iscryptd": false
      },
      "ac-ycssmpd-shard-00-02.tvw48ir.mongodb.net:27017": {
        "address": "ac-ycssmpd-shard-00-02.tvw48ir.mongodb.net:27017",
        "type": "Unknown",
        "hosts": [],
        "passives": [],
        "arbiters": [],
        "tags": {},
        "minWireVersion": 0,
        "maxWireVersion": 0,
        "roundTripTime": -1,
        "minRoundTripTime": 0,
        "lastUpdateTime": 320740004,
        "lastWriteDate": 0,
        "error": {
          "errorLabelSet": {},
          "beforeHandshake": false
        },
        "topologyVersion": null,
        "setName": null,
        "setVersion": null,
        "electionId": null,
        "logicalSessionTimeoutMinutes": null,
        "maxMessageSizeBytes": null,
        "maxWriteBatchSize": null,
        "maxBsonObjectSize": null,
        "primary": null,
        "me": null,
        "$clusterTime": null,
        "iscryptd": false
      }
    },
    "stale": false,
    "compatible": true,
    "heartbeatFrequencyMS": 10000,
    "localThresholdMS": 15,
    "setName": "atlas-ldvzrz-shard-0",
    "maxElectionId": {
      "$oid": "7fffffff0000000000000097"
    },
    "maxSetVersion": 35,
    "commonWireVersion": 25,
    "logicalSessionTimeoutMinutes": null
  },
  "cause": {
    "errorLabelSet": {},
    "beforeHandshake": false
  }
}
2026-06-29T17:47:54.102Z [error]: Cleanup stale presence error: getaddrinfo ENOTFOUND ac-ycssmpd-shard-00-00.tvw48ir.mongodb.net
MongoServerSelectionError: getaddrinfo ENOTFOUND ac-ycssmpd-shard-00-00.tvw48ir.mongodb.net
    at Topology.selectServer (C:\Users\LENOVO\OneDrive\Desktop\JWLovers\server\node_modules\mongodb\src\sdam\topology.ts:637:30)
    at tryOperation (C:\Users\LENOVO\OneDrive\Desktop\JWLovers\server\node_modules\mongodb\src\operations\execute_operation.ts:271:16)
    at executeOperation (C:\Users\LENOVO\OneDrive\Desktop\JWLovers\server\node_modules\mongodb\src\operations\execute_operation.ts:123:12)
    at FindCursor._initialize (C:\Users\LENOVO\OneDrive\Desktop\JWLovers\server\node_modules\mongodb\src\cursor\find_cursor.ts:92:22)
    at FindCursor.cursorInit (C:\Users\LENOVO\OneDrive\Desktop\JWLovers\server\node_modules\mongodb\src\cursor\abstract_cursor.ts:917:21)
    at FindCursor.fetchBatch (C:\Users\LENOVO\OneDrive\Desktop\JWLovers\server\node_modules\mongodb\src\cursor\abstract_cursor.ts:955:7)
    at FindCursor.next (C:\Users\LENOVO\OneDrive\Desktop\JWLovers\server\node_modules\mongodb\src\cursor\abstract_cursor.ts:573:9)
    at FindCursor.[Symbol.asyncIterator] (C:\Users\LENOVO\OneDrive\Desktop\JWLovers\server\node_modules\mongodb\src\cursor\abstract_cursor.ts:492:26)
    at FindCursor.toArray (C:\Users\LENOVO\OneDrive\Desktop\JWLovers\server\node_modules\mongodb\src\cursor\abstract_cursor.ts:661:22)
    at model.Query._find (C:\Users\LENOVO\OneDrive\Desktop\JWLovers\server\node_modules\mongoose\lib\query.js:2473:14)
{
  "errorLabelSet": {},
  "reason": {
    "type": "ReplicaSetNoPrimary",
    "servers": {
      "ac-ycssmpd-shard-00-00.tvw48ir.mongodb.net:27017": {
        "address": "ac-ycssmpd-shard-00-00.tvw48ir.mongodb.net:27017",
        "type": "Unknown",
        "hosts": [],
        "passives": [],
        "arbiters": [],
        "tags": {},
        "minWireVersion": 0,
        "maxWireVersion": 0,
        "roundTripTime": -1,
        "minRoundTripTime": 0,
        "lastUpdateTime": 326258779,
        "lastWriteDate": 0,
        "error": {
          "errorLabelSet": {},
          "beforeHandshake": false
        },
        "topologyVersion": null,
        "setName": null,
        "setVersion": null,
        "electionId": null,
        "logicalSessionTimeoutMinutes": null,
        "maxMessageSizeBytes": null,
        "maxWriteBatchSize": null,
        "maxBsonObjectSize": null,
        "primary": null,
        "me": null,
        "$clusterTime": null,
        "iscryptd": false
      },
      "ac-ycssmpd-shard-00-01.tvw48ir.mongodb.net:27017": {
        "address": "ac-ycssmpd-shard-00-01.tvw48ir.mongodb.net:27017",
        "type": "Unknown",
        "hosts": [],
        "passives": [],
        "arbiters": [],
        "tags": {},
        "minWireVersion": 0,
        "maxWireVersion": 0,
        "roundTripTime": -1,
        "minRoundTripTime": 0,
        "lastUpdateTime": 326259186,
        "lastWriteDate": 0,
        "error": {
          "errorLabelSet": {},
          "beforeHandshake": false
        },
        "topologyVersion": null,
        "setName": null,
        "setVersion": null,
        "electionId": null,
        "logicalSessionTimeoutMinutes": null,
        "maxMessageSizeBytes": null,
        "maxWriteBatchSize": null,
        "maxBsonObjectSize": null,
        "primary": null,
        "me": null,
        "$clusterTime": null,
        "iscryptd": false
      },
      "ac-ycssmpd-shard-00-02.tvw48ir.mongodb.net:27017": {
        "address": "ac-ycssmpd-shard-00-02.tvw48ir.mongodb.net:27017",
        "type": "Unknown",
        "hosts": [],
        "passives": [],
        "arbiters": [],
        "tags": {},
        "minWireVersion": 0,
        "maxWireVersion": 0,
        "roundTripTime": -1,
        "minRoundTripTime": 0,
        "lastUpdateTime": 326258778,
        "lastWriteDate": 0,
        "error": {
          "errorLabelSet": {},
          "beforeHandshake": false
        },
        "topologyVersion": null,
        "setName": null,
        "setVersion": null,
        "electionId": null,
        "logicalSessionTimeoutMinutes": null,
        "maxMessageSizeBytes": null,
        "maxWriteBatchSize": null,
        "maxBsonObjectSize": null,
        "primary": null,
        "me": null,
        "$clusterTime": null,
        "iscryptd": false
      }
    },
    "stale": false,
    "compatible": true,
    "heartbeatFrequencyMS": 10000,
    "localThresholdMS": 15,
    "setName": "atlas-ldvzrz-shard-0",
    "maxElectionId": {
      "$oid": "7fffffff0000000000000097"
    },
    "maxSetVersion": 35,
    "commonWireVersion": 25,
    "logicalSessionTimeoutMinutes": null
  },
  "cause": {
    "errorLabelSet": {},
    "beforeHandshake": false
  }
}
2026-06-29T17:48:43.268Z [error]: Cleanup stale presence error: getaddrinfo ENOTFOUND ac-ycssmpd-shard-00-00.tvw48ir.mongodb.net
MongoServerSelectionError: getaddrinfo ENOTFOUND ac-ycssmpd-shard-00-00.tvw48ir.mongodb.net
    at Topology.selectServer (C:\Users\LENOVO\OneDrive\Desktop\JWLovers\server\node_modules\mongodb\src\sdam\topology.ts:637:30)
    at tryOperation (C:\Users\LENOVO\OneDrive\Desktop\JWLovers\server\node_modules\mongodb\src\operations\execute_operation.ts:206:16)
    at executeOperation (C:\Users\LENOVO\OneDrive\Desktop\JWLovers\server\node_modules\mongodb\src\operations\execute_operation.ts:123:12)
    at FindCursor._initialize (C:\Users\LENOVO\OneDrive\Desktop\JWLovers\server\node_modules\mongodb\src\cursor\find_cursor.ts:92:22)
    at FindCursor.cursorInit (C:\Users\LENOVO\OneDrive\Desktop\JWLovers\server\node_modules\mongodb\src\cursor\abstract_cursor.ts:917:21)
    at FindCursor.fetchBatch (C:\Users\LENOVO\OneDrive\Desktop\JWLovers\server\node_modules\mongodb\src\cursor\abstract_cursor.ts:955:7)
    at FindCursor.next (C:\Users\LENOVO\OneDrive\Desktop\JWLovers\server\node_modules\mongodb\src\cursor\abstract_cursor.ts:573:9)
    at FindCursor.[Symbol.asyncIterator] (C:\Users\LENOVO\OneDrive\Desktop\JWLovers\server\node_modules\mongodb\src\cursor\abstract_cursor.ts:492:26)
    at FindCursor.toArray (C:\Users\LENOVO\OneDrive\Desktop\JWLovers\server\node_modules\mongodb\src\cursor\abstract_cursor.ts:661:22)
    at model.Query._find (C:\Users\LENOVO\OneDrive\Desktop\JWLovers\server\node_modules\mongoose\lib\query.js:2473:14)
{
  "errorLabelSet": {},
  "reason": {
    "type": "ReplicaSetNoPrimary",
    "servers": {
      "ac-ycssmpd-shard-00-00.tvw48ir.mongodb.net:27017": {
        "address": "ac-ycssmpd-shard-00-00.tvw48ir.mongodb.net:27017",
        "type": "Unknown",
        "hosts": [],
        "passives": [],
        "arbiters": [],
        "tags": {},
        "minWireVersion": 0,
        "maxWireVersion": 0,
        "roundTripTime": -1,
        "minRoundTripTime": 0,
        "lastUpdateTime": 326307959,
        "lastWriteDate": 0,
        "error": {
          "errorLabelSet": {},
          "beforeHandshake": false
        },
        "topologyVersion": null,
        "setName": null,
        "setVersion": null,
        "electionId": null,
        "logicalSessionTimeoutMinutes": null,
        "maxMessageSizeBytes": null,
        "maxWriteBatchSize": null,
        "maxBsonObjectSize": null,
        "primary": null,
        "me": null,
        "$clusterTime": null,
        "iscryptd": false
      },
      "ac-ycssmpd-shard-00-01.tvw48ir.mongodb.net:27017": {
        "address": "ac-ycssmpd-shard-00-01.tvw48ir.mongodb.net:27017",
        "type": "Unknown",
        "hosts": [],
        "passives": [],
        "arbiters": [],
        "tags": {},
        "minWireVersion": 0,
        "maxWireVersion": 0,
        "roundTripTime": -1,
        "minRoundTripTime": 0,
        "lastUpdateTime": 326307959,
        "lastWriteDate": 0,
        "error": {
          "errorLabelSet": {},
          "beforeHandshake": false
        },
        "topologyVersion": null,
        "setName": null,
        "setVersion": null,
        "electionId": null,
        "logicalSessionTimeoutMinutes": null,
        "maxMessageSizeBytes": null,
        "maxWriteBatchSize": null,
        "maxBsonObjectSize": null,
        "primary": null,
        "me": null,
        "$clusterTime": null,
        "iscryptd": false
      },
      "ac-ycssmpd-shard-00-02.tvw48ir.mongodb.net:27017": {
        "address": "ac-ycssmpd-shard-00-02.tvw48ir.mongodb.net:27017",
        "type": "Unknown",
        "hosts": [],
        "passives": [],
        "arbiters": [],
        "tags": {},
        "minWireVersion": 0,
        "maxWireVersion": 0,
        "roundTripTime": -1,
        "minRoundTripTime": 0,
        "lastUpdateTime": 326307960,
        "lastWriteDate": 0,
        "error": {
          "errorLabelSet": {},
          "beforeHandshake": false
        },
        "topologyVersion": null,
        "setName": null,
        "setVersion": null,
        "electionId": null,
        "logicalSessionTimeoutMinutes": null,
        "maxMessageSizeBytes": null,
        "maxWriteBatchSize": null,
        "maxBsonObjectSize": null,
        "primary": null,
        "me": null,
        "$clusterTime": null,
        "iscryptd": false
      }
    },
    "stale": false,
    "compatible": true,
    "heartbeatFrequencyMS": 10000,
    "localThresholdMS": 15,
    "setName": "atlas-ldvzrz-shard-0",
    "maxElectionId": {
      "$oid": "7fffffff0000000000000097"
    },
    "maxSetVersion": 35,
    "commonWireVersion": 25,
    "logicalSessionTimeoutMinutes": null
  },
  "cause": {
    "errorLabelSet": {},
    "beforeHandshake": false
  }
}
2026-06-29T18:45:39.374Z [info]: User 69907e9d150b6be44b648051 (DatingUser) went offline
2026-06-29T18:45:39.386Z [debug]: Broadcasted status update for user 69907e9d150b6be44b648051: offline
2026-06-29T18:45:39.386Z [info]: Cleaned up stale presence for user 69907e9d150b6be44b648051 (DatingUser)
2026-06-29T20:34:44.488Z [error]: Cleanup stale presence error: connection <monitor> to 20.49.59.176:27017 timed out
MongoServerSelectionError: connection <monitor> to 20.49.59.176:27017 timed out
    at Topology.selectServer (C:\Users\LENOVO\OneDrive\Desktop\JWLovers\server\node_modules\mongodb\src\sdam\topology.ts:637:30)
    at tryOperation (C:\Users\LENOVO\OneDrive\Desktop\JWLovers\server\node_modules\mongodb\src\operations\execute_operation.ts:206:16)
    at executeOperation (C:\Users\LENOVO\OneDrive\Desktop\JWLovers\server\node_modules\mongodb\src\operations\execute_operation.ts:123:12)
    at FindCursor._initialize (C:\Users\LENOVO\OneDrive\Desktop\JWLovers\server\node_modules\mongodb\src\cursor\find_cursor.ts:92:22)
    at FindCursor.cursorInit (C:\Users\LENOVO\OneDrive\Desktop\JWLovers\server\node_modules\mongodb\src\cursor\abstract_cursor.ts:917:21)
    at FindCursor.fetchBatch (C:\Users\LENOVO\OneDrive\Desktop\JWLovers\server\node_modules\mongodb\src\cursor\abstract_cursor.ts:955:7)
    at FindCursor.next (C:\Users\LENOVO\OneDrive\Desktop\JWLovers\server\node_modules\mongodb\src\cursor\abstract_cursor.ts:573:9)
    at FindCursor.[Symbol.asyncIterator] (C:\Users\LENOVO\OneDrive\Desktop\JWLovers\server\node_modules\mongodb\src\cursor\abstract_cursor.ts:492:26)
    at FindCursor.toArray (C:\Users\LENOVO\OneDrive\Desktop\JWLovers\server\node_modules\mongodb\src\cursor\abstract_cursor.ts:661:22)
    at model.Query._find (C:\Users\LENOVO\OneDrive\Desktop\JWLovers\server\node_modules\mongoose\lib\query.js:2473:14)
{
  "errorLabelSet": {},
  "reason": {
    "type": "ReplicaSetNoPrimary",
    "servers": {
      "ac-ycssmpd-shard-00-00.tvw48ir.mongodb.net:27017": {
        "address": "ac-ycssmpd-shard-00-00.tvw48ir.mongodb.net:27017",
        "type": "Unknown",
        "hosts": [],
        "passives": [],
        "arbiters": [],
        "tags": {},
        "minWireVersion": 0,
        "maxWireVersion": 0,
        "roundTripTime": -1,
        "minRoundTripTime": 0,
        "lastUpdateTime": 336267817,
        "lastWriteDate": 0,
        "error": {
          "errorLabelSet": {},
          "beforeHandshake": false
        },
        "topologyVersion": null,
        "setName": null,
        "setVersion": null,
        "electionId": null,
        "logicalSessionTimeoutMinutes": null,
        "maxMessageSizeBytes": null,
        "maxWriteBatchSize": null,
        "maxBsonObjectSize": null,
        "primary": null,
        "me": null,
        "$clusterTime": null,
        "iscryptd": false
      },
      "ac-ycssmpd-shard-00-01.tvw48ir.mongodb.net:27017": {
        "address": "ac-ycssmpd-shard-00-01.tvw48ir.mongodb.net:27017",
        "type": "Unknown",
        "hosts": [],
        "passives": [],
        "arbiters": [],
        "tags": {},
        "minWireVersion": 0,
        "maxWireVersion": 0,
        "roundTripTime": -1,
        "minRoundTripTime": 0,
        "lastUpdateTime": 336267818,
        "lastWriteDate": 0,
        "error": {
          "errorLabelSet": {},
          "beforeHandshake": false
        },
        "topologyVersion": null,
        "setName": null,
        "setVersion": null,
        "electionId": null,
        "logicalSessionTimeoutMinutes": null,
        "maxMessageSizeBytes": null,
        "maxWriteBatchSize": null,
        "maxBsonObjectSize": null,
        "primary": null,
        "me": null,
        "$clusterTime": null,
        "iscryptd": false
      },
      "ac-ycssmpd-shard-00-02.tvw48ir.mongodb.net:27017": {
        "address": "ac-ycssmpd-shard-00-02.tvw48ir.mongodb.net:27017",
        "type": "Unknown",
        "hosts": [],
        "passives": [],
        "arbiters": [],
        "tags": {},
        "minWireVersion": 0,
        "maxWireVersion": 0,
        "roundTripTime": -1,
        "minRoundTripTime": 0,
        "lastUpdateTime": 336260302,
        "lastWriteDate": 0,
        "error": {
          "errorLabelSet": {},
          "beforeHandshake": false
        },
        "topologyVersion": null,
        "setName": null,
        "setVersion": null,
        "electionId": null,
        "logicalSessionTimeoutMinutes": null,
        "maxMessageSizeBytes": null,
        "maxWriteBatchSize": null,
        "maxBsonObjectSize": null,
        "primary": null,
        "me": null,
        "$clusterTime": null,
        "iscryptd": false
      }
    },
    "stale": false,
    "compatible": true,
    "heartbeatFrequencyMS": 10000,
    "localThresholdMS": 15,
    "setName": "atlas-ldvzrz-shard-0",
    "maxElectionId": {
      "$oid": "7fffffff0000000000000097"
    },
    "maxSetVersion": 35,
    "commonWireVersion": 25,
    "logicalSessionTimeoutMinutes": null
  },
  "cause": {
    "errorLabelSet": {},
    "beforeHandshake": false
  }
}
2026-06-30T05:49:47.366Z [error]: Cleanup stale presence error: Connection to ac-ycssmpd-shard-00-02.tvw48ir.mongodb.net:27017 interrupted due to server monitor timeout
PoolClearedOnNetworkError: Connection to ac-ycssmpd-shard-00-02.tvw48ir.mongodb.net:27017 interrupted due to server monitor timeout
    at ConnectionPool.interruptInUseConnections (C:\Users\LENOVO\OneDrive\Desktop\JWLovers\server\node_modules\mongodb\src\cmap\connection_pool.ts:478:28)
    at C:\Users\LENOVO\OneDrive\Desktop\JWLovers\server\node_modules\mongodb\src\cmap\connection_pool.ts:464:33
    at node:internal/process/task_queues:151:7
    at AsyncResource.runInAsyncScope (node:async_hooks:214:14)
    at AsyncResource.runMicrotask (node:internal/process/task_queues:148:8)
    at processTicksAndRejections (node:internal/process/task_queues:105:5)
    at runNextTicks (node:internal/process/task_queues:69:3)
    at listOnTimeout (node:internal/timers:549:9)
    at processTimers (node:internal/timers:523:7)
{
  "errorLabelSet": {},
  "beforeHandshake": false,
  "address": "ac-ycssmpd-shard-00-02.tvw48ir.mongodb.net:27017",
  "cause": {
    "errorLabelSet": {},
    "beforeHandshake": false
  }
}
2026-06-30T10:08:02.468Z [debug]: Rate limit skipped for whitelisted IP: 127.0.0.1
2026-06-30T10:08:02.521Z [debug]: Rate limit skipped for whitelisted IP: 127.0.0.1
2026-06-30T10:08:06.707Z [debug]: Rate limit skipped for whitelisted IP: 127.0.0.1
2026-06-30T10:08:06.734Z [debug]: Rate limit skipped for whitelisted IP: 127.0.0.1
2026-06-30T10:08:08.092Z [debug]: Rate limit skipped for whitelisted IP: 127.0.0.1
2026-06-30T10:08:08.102Z [debug]: Rate limit skipped for whitelisted IP: 127.0.0.1
2026-06-30T10:08:09.131Z [debug]: Rate limit skipped for whitelisted IP: 127.0.0.1
2026-06-30T10:08:09.142Z [debug]: Rate limit skipped for whitelisted IP: 127.0.0.1
2026-06-30T10:08:10.074Z [debug]: Rate limit skipped for whitelisted IP: 127.0.0.1
2026-06-30T10:08:10.086Z [debug]: Rate limit skipped for whitelisted IP: 127.0.0.1
2026-06-30T10:08:11.079Z [debug]: Rate limit skipped for whitelisted IP: 127.0.0.1
2026-06-30T10:08:11.093Z [debug]: Rate limit skipped for whitelisted IP: 127.0.0.1
2026-06-30T10:08:19.707Z [debug]: Rate limit skipped for whitelisted IP: 127.0.0.1
2026-06-30T10:08:19.729Z [debug]: Rate limit skipped for whitelisted IP: 127.0.0.1
2026-06-30T10:08:21.164Z [debug]: Rate limit skipped for whitelisted IP: 127.0.0.1
2026-06-30T10:08:21.178Z [debug]: Rate limit skipped for whitelisted IP: 127.0.0.1
2026-06-30T10:08:21.432Z [debug]: Rate limit skipped for whitelisted IP: 127.0.0.1
2026-06-30T10:08:21.454Z [debug]: Rate limit skipped for whitelisted IP: 127.0.0.1
2026-06-30T10:08:21.740Z [debug]: Rate limit skipped for whitelisted IP: 127.0.0.1
2026-06-30T10:08:21.752Z [debug]: Rate limit skipped for whitelisted IP: 127.0.0.1
2026-06-30T10:08:22.052Z [debug]: Rate limit skipped for whitelisted IP: 127.0.0.1
2026-06-30T10:08:22.063Z [debug]: Rate limit skipped for whitelisted IP: 127.0.0.1
2026-06-30T10:08:22.431Z [debug]: Rate limit skipped for whitelisted IP: 127.0.0.1
2026-06-30T10:08:22.449Z [debug]: Rate limit skipped for whitelisted IP: 127.0.0.1
2026-06-30T10:38:21.557Z [debug]: Rate limit skipped for whitelisted IP: 127.0.0.1
2026-06-30T10:38:21.582Z [debug]: Rate limit skipped for whitelisted IP: 127.0.0.1
2026-06-30T10:44:43.589Z [debug]: Rate limit skipped for whitelisted IP: 127.0.0.1
2026-06-30T10:44:43.621Z [debug]: Rate limit skipped for whitelisted IP: 127.0.0.1
2026-06-30T14:49:03.374Z [error]: Cleanup stale presence error: connection <monitor> to 20.49.59.176:27017 timed out
MongoServerSelectionError: connection <monitor> to 20.49.59.176:27017 timed out
    at Topology.selectServer (C:\Users\LENOVO\OneDrive\Desktop\JWLovers\server\node_modules\mongodb\src\sdam\topology.ts:637:30)
    at tryOperation (C:\Users\LENOVO\OneDrive\Desktop\JWLovers\server\node_modules\mongodb\src\operations\execute_operation.ts:271:16)
    at executeOperation (C:\Users\LENOVO\OneDrive\Desktop\JWLovers\server\node_modules\mongodb\src\operations\execute_operation.ts:123:12)
    at FindCursor._initialize (C:\Users\LENOVO\OneDrive\Desktop\JWLovers\server\node_modules\mongodb\src\cursor\find_cursor.ts:92:22)
    at FindCursor.cursorInit (C:\Users\LENOVO\OneDrive\Desktop\JWLovers\server\node_modules\mongodb\src\cursor\abstract_cursor.ts:917:21)
    at FindCursor.fetchBatch (C:\Users\LENOVO\OneDrive\Desktop\JWLovers\server\node_modules\mongodb\src\cursor\abstract_cursor.ts:955:7)
    at FindCursor.next (C:\Users\LENOVO\OneDrive\Desktop\JWLovers\server\node_modules\mongodb\src\cursor\abstract_cursor.ts:573:9)
    at FindCursor.[Symbol.asyncIterator] (C:\Users\LENOVO\OneDrive\Desktop\JWLovers\server\node_modules\mongodb\src\cursor\abstract_cursor.ts:492:26)
    at FindCursor.toArray (C:\Users\LENOVO\OneDrive\Desktop\JWLovers\server\node_modules\mongodb\src\cursor\abstract_cursor.ts:661:22)
    at model.Query._find (C:\Users\LENOVO\OneDrive\Desktop\JWLovers\server\node_modules\mongoose\lib\query.js:2473:14)
{
  "errorLabelSet": {},
  "reason": {
    "type": "ReplicaSetNoPrimary",
    "servers": {
      "ac-ycssmpd-shard-00-00.tvw48ir.mongodb.net:27017": {
        "address": "ac-ycssmpd-shard-00-00.tvw48ir.mongodb.net:27017",
        "type": "Unknown",
        "hosts": [],
        "passives": [],
        "arbiters": [],
        "tags": {},
        "minWireVersion": 0,
        "maxWireVersion": 0,
        "roundTripTime": -1,
        "minRoundTripTime": 0,
        "lastUpdateTime": 401931068,
        "lastWriteDate": 0,
        "error": {
          "errorLabelSet": {},
          "beforeHandshake": false
        },
        "topologyVersion": null,
        "setName": null,
        "setVersion": null,
        "electionId": null,
        "logicalSessionTimeoutMinutes": null,
        "maxMessageSizeBytes": null,
        "maxWriteBatchSize": null,
        "maxBsonObjectSize": null,
        "primary": null,
        "me": null,
        "$clusterTime": null,
        "iscryptd": false
      },
      "ac-ycssmpd-shard-00-01.tvw48ir.mongodb.net:27017": {
        "address": "ac-ycssmpd-shard-00-01.tvw48ir.mongodb.net:27017",
        "type": "Unknown",
        "hosts": [],
        "passives": [],
        "arbiters": [],
        "tags": {},
        "minWireVersion": 0,
        "maxWireVersion": 0,
        "roundTripTime": -1,
        "minRoundTripTime": 0,
        "lastUpdateTime": 401931067,
        "lastWriteDate": 0,
        "error": {
          "errorLabelSet": {},
          "beforeHandshake": false
        },
        "topologyVersion": null,
        "setName": null,
        "setVersion": null,
        "electionId": null,
        "logicalSessionTimeoutMinutes": null,
        "maxMessageSizeBytes": null,
        "maxWriteBatchSize": null,
        "maxBsonObjectSize": null,
        "primary": null,
        "me": null,
        "$clusterTime": null,
        "iscryptd": false
      },
      "ac-ycssmpd-shard-00-02.tvw48ir.mongodb.net:27017": {
        "address": "ac-ycssmpd-shard-00-02.tvw48ir.mongodb.net:27017",
        "type": "Unknown",
        "hosts": [],
        "passives": [],
        "arbiters": [],
        "tags": {},
        "minWireVersion": 0,
        "maxWireVersion": 0,
        "roundTripTime": -1,
        "minRoundTripTime": 0,
        "lastUpdateTime": 401931051,
        "lastWriteDate": 0,
        "error": {
          "errorLabelSet": {},
          "beforeHandshake": false
        },
        "topologyVersion": null,
        "setName": null,
        "setVersion": null,
        "electionId": null,
        "logicalSessionTimeoutMinutes": null,
        "maxMessageSizeBytes": null,
        "maxWriteBatchSize": null,
        "maxBsonObjectSize": null,
        "primary": null,
        "me": null,
        "$clusterTime": null,
        "iscryptd": false
      }
    },
    "stale": false,
    "compatible": true,
    "heartbeatFrequencyMS": 10000,
    "localThresholdMS": 15,
    "setName": "atlas-ldvzrz-shard-0",
    "maxElectionId": {
      "$oid": "7fffffff0000000000000097"
    },
    "maxSetVersion": 35,
    "commonWireVersion": 25,
    "logicalSessionTimeoutMinutes": null
  },
  "cause": {
    "errorLabelSet": {},
    "beforeHandshake": false
  }
}
