{"level":"info","message":"✅ Security headers enabled","timestamp":"2026-02-04T21:50:11.862Z"}
2026-02-04T21:50:11.835Z [info]: 📊 Rate limit config loaded for development environment
{"level":"info","message":"✅ Trust proxy configured: 1","timestamp":"2026-02-04T21:50:11.864Z"}
{"level":"info","message":"✅ Compression enabled","timestamp":"2026-02-04T21:50:11.865Z"}
2026-02-04T21:50:11.838Z [info]:    API: 100 requests/15 minutes
{"level":"info","message":"✅ CORS configured for origins: http://localhost:3000, http://localhost:3001, http://localhost:5173","timestamp":"2026-02-04T21:50:11.867Z"}
{"level":"info","message":"✅ Request logging enabled","timestamp":"2026-02-04T21:50:11.868Z"}
2026-02-04T21:50:11.839Z [info]:    Auth: 10 requests/1 hours
2026-02-04T21:50:11.839Z [info]:    Messages: 60 messages/minute
2026-02-04T21:50:11.840Z [info]:    Registration: 5 registrations/24 hours
2026-02-04T21:50:11.841Z [info]: 📊 Rate limit config loaded for development environment
{"level":"info","message":"✅ Performance logging enabled","timestamp":"2026-02-04T21:50:11.869Z"}
2026-02-04T21:50:11.841Z [info]:    API: 100 requests/15 minutes
{"level":"info","message":"============================================================","timestamp":"2026-02-04T21:50:11.871Z"}
2026-02-04T21:50:11.841Z [info]:    Auth: 10 requests/1 hours
{"level":"info","message":"🚀 Starting JWLoversMatch Server","timestamp":"2026-02-04T21:50:11.871Z"}
2026-02-04T21:50:11.842Z [info]:    Messages: 60 messages/minute
{"level":"info","message":"📦 Version: 1.0.0","timestamp":"2026-02-04T21:50:11.872Z"}
2026-02-04T21:50:11.843Z [info]:    Registration: 5 registrations/24 hours
{"level":"info","message":"🌐 Environment: development","timestamp":"2026-02-04T21:50:11.872Z"}
2026-02-04T21:50:11.843Z [info]: 📊 Rate limit config loaded for development environment
{"level":"info","message":"============================================================","timestamp":"2026-02-04T21:50:11.873Z"}
2026-02-04T21:50:11.844Z [info]:    API: 100 requests/15 minutes
{"level":"info","message":"==================================================","timestamp":"2026-02-04T21:50:11.873Z"}
2026-02-04T21:50:11.844Z [info]:    Auth: 10 requests/1 hours
{"level":"info","message":"📊 Rate Limiting System","timestamp":"2026-02-04T21:50:11.874Z"}
2026-02-04T21:50:11.845Z [info]:    Messages: 60 messages/minute
{"level":"info","message":"==================================================","timestamp":"2026-02-04T21:50:11.874Z"}
2026-02-04T21:50:11.845Z [info]:    Registration: 5 registrations/24 hours
{"level":"info","message":"✅ Rate limiting ENABLED for development environment","timestamp":"2026-02-04T21:50:11.874Z"}
2026-02-04T21:50:11.845Z [info]: 📊 Rate limit config loaded for development environment
{"level":"info","message":"🔧 Storage: Redis with memory fallback","timestamp":"2026-02-04T21:50:11.875Z"}
2026-02-04T21:50:11.846Z [info]:    API: 100 requests/15 minutes
{"level":"info","message":"⚡ Circuit Breaker: Disabled","timestamp":"2026-02-04T21:50:11.875Z"}
2026-02-04T21:50:11.846Z [info]:    Auth: 10 requests/1 hours
{"level":"info","message":"📈 Limits:","timestamp":"2026-02-04T21:50:11.875Z"}
2026-02-04T21:50:11.846Z [info]:    Messages: 60 messages/minute
{"level":"info","message":"   - API: 100 requests/15 minutes","timestamp":"2026-02-04T21:50:11.876Z"}
2026-02-04T21:50:11.847Z [info]:    Registration: 5 registrations/24 hours
{"level":"info","message":"   - Auth: 10 requests/1 hours","timestamp":"2026-02-04T21:50:11.876Z"}
2026-02-04T21:50:11.847Z [warn]: Redis not available, using memory store for rate limiting
{"level":"info","message":"   - Messages: 60 messages/minute","timestamp":"2026-02-04T21:50:11.876Z"}
{"level":"info","message":"   - Registration: 5 registrations/24 hours","timestamp":"2026-02-04T21:50:11.877Z"}
{"level":"info","message":"   - Socket: 120 events/minute","timestamp":"2026-02-04T21:50:11.877Z"}
{"level":"info","message":"   - Search: 30 searches/minute","timestamp":"2026-02-04T21:50:11.878Z"}
{"level":"info","message":"   - Upload: 50 uploads/hour","timestamp":"2026-02-04T21:50:11.878Z"}
{"level":"info","message":"   - Profile Views: 60 views/minute","timestamp":"2026-02-04T21:50:11.878Z"}
{"level":"info","message":"💡 Development mode: Limits are 10x higher","timestamp":"2026-02-04T21:50:11.879Z"}
{"level":"info","message":"💡 Localhost requests are exempt from rate limiting","timestamp":"2026-02-04T21:50:11.879Z"}
{"level":"info","message":"==================================================","timestamp":"2026-02-04T21:50:11.880Z"}
{"level":"info","message":"🔄 Initializing Encryption Service...","timestamp":"2026-02-04T21:50:11.880Z"}
{"level":"info","message":"🔐 Encryption salt: 4fbdf60f...","timestamp":"2026-02-04T21:50:11.881Z"}
{"level":"info","message":"✅ Encryption Service initialized","timestamp":"2026-02-04T21:50:12.025Z"}
{"level":"info","message":"🔄 Initializing Redis...","timestamp":"2026-02-04T21:50:12.028Z"}
{"level":"info","message":"🔄 Initializing Redis connections...","timestamp":"2026-02-04T21:50:12.029Z"}
{"level":"info","message":"✅ Redis Sub Client connected","timestamp":"2026-02-04T21:50:12.088Z"}
{"level":"info","message":"✅ Redis Pub Client connected","timestamp":"2026-02-04T21:50:12.093Z"}
{"level":"info","message":"✅ Redis connection test successful","timestamp":"2026-02-04T21:50:12.106Z"}
{"level":"info","message":"✅ Security headers enabled","timestamp":"2026-02-04T21:52:17.063Z"}
2026-02-04T21:52:17.032Z [info]: 📊 Rate limit config loaded for development environment
{"level":"info","message":"✅ Trust proxy configured: 1","timestamp":"2026-02-04T21:52:17.065Z"}
2026-02-04T21:52:17.037Z [info]:    API: 100 requests/15 minutes
{"level":"info","message":"✅ Compression enabled","timestamp":"2026-02-04T21:52:17.066Z"}
2026-02-04T21:52:17.038Z [info]:    Auth: 10 requests/1 hours
{"level":"info","message":"✅ CORS configured for origins: http://localhost:3000, http://localhost:3001, http://localhost:5173","timestamp":"2026-02-04T21:52:17.068Z"}
2026-02-04T21:52:17.039Z [info]:    Messages: 60 messages/minute
{"level":"info","message":"✅ Request logging enabled","timestamp":"2026-02-04T21:52:17.069Z"}
2026-02-04T21:52:17.039Z [info]:    Registration: 5 registrations/24 hours
{"level":"info","message":"✅ Performance logging enabled","timestamp":"2026-02-04T21:52:17.070Z"}
{"level":"info","message":"============================================================","timestamp":"2026-02-04T21:52:17.072Z"}
2026-02-04T21:52:17.040Z [info]: 📊 Rate limit config loaded for development environment
{"level":"info","message":"🚀 Starting JWLoversMatch Server","timestamp":"2026-02-04T21:52:17.072Z"}
2026-02-04T21:52:17.040Z [info]:    API: 100 requests/15 minutes
{"level":"info","message":"📦 Version: 1.0.0","timestamp":"2026-02-04T21:52:17.073Z"}
{"level":"info","message":"🌐 Environment: development","timestamp":"2026-02-04T21:52:17.074Z"}
2026-02-04T21:52:17.041Z [info]:    Auth: 10 requests/1 hours
{"level":"info","message":"============================================================","timestamp":"2026-02-04T21:52:17.074Z"}
2026-02-04T21:52:17.041Z [info]:    Messages: 60 messages/minute
{"level":"info","message":"==================================================","timestamp":"2026-02-04T21:52:17.075Z"}
2026-02-04T21:52:17.042Z [info]:    Registration: 5 registrations/24 hours
{"level":"info","message":"📊 Rate Limiting System","timestamp":"2026-02-04T21:52:17.076Z"}
2026-02-04T21:52:17.042Z [info]: 📊 Rate limit config loaded for development environment
{"level":"info","message":"==================================================","timestamp":"2026-02-04T21:52:17.076Z"}
2026-02-04T21:52:17.042Z [info]:    API: 100 requests/15 minutes
2026-02-04T21:52:17.043Z [info]:    Auth: 10 requests/1 hours
2026-02-04T21:52:17.043Z [info]:    Messages: 60 messages/minute
{"level":"info","message":"✅ Rate limiting ENABLED for development environment","timestamp":"2026-02-04T21:52:17.076Z"}
2026-02-04T21:52:17.043Z [info]:    Registration: 5 registrations/24 hours
2026-02-04T21:52:17.044Z [info]: 📊 Rate limit config loaded for development environment
{"level":"info","message":"🔧 Storage: Redis with memory fallback","timestamp":"2026-02-04T21:52:17.077Z"}
2026-02-04T21:52:17.044Z [info]:    API: 100 requests/15 minutes
{"level":"info","message":"⚡ Circuit Breaker: Disabled","timestamp":"2026-02-04T21:52:17.077Z"}
{"level":"info","message":"📈 Limits:","timestamp":"2026-02-04T21:52:17.078Z"}
{"level":"info","message":"   - API: 100 requests/15 minutes","timestamp":"2026-02-04T21:52:17.078Z"}
2026-02-04T21:52:17.044Z [info]:    Auth: 10 requests/1 hours
{"level":"info","message":"   - Auth: 10 requests/1 hours","timestamp":"2026-02-04T21:52:17.079Z"}
2026-02-04T21:52:17.044Z [info]:    Messages: 60 messages/minute
{"level":"info","message":"   - Messages: 60 messages/minute","timestamp":"2026-02-04T21:52:17.079Z"}
2026-02-04T21:52:17.045Z [info]:    Registration: 5 registrations/24 hours
{"level":"info","message":"   - Registration: 5 registrations/24 hours","timestamp":"2026-02-04T21:52:17.080Z"}
{"level":"info","message":"   - Socket: 120 events/minute","timestamp":"2026-02-04T21:52:17.080Z"}
2026-02-04T21:52:17.045Z [warn]: Redis not available, using memory store for rate limiting
{"level":"info","message":"   - Search: 30 searches/minute","timestamp":"2026-02-04T21:52:17.080Z"}
{"level":"info","message":"   - Upload: 50 uploads/hour","timestamp":"2026-02-04T21:52:17.081Z"}
{"level":"info","message":"   - Profile Views: 60 views/minute","timestamp":"2026-02-04T21:52:17.081Z"}
{"level":"info","message":"💡 Development mode: Limits are 10x higher","timestamp":"2026-02-04T21:52:17.081Z"}
{"level":"info","message":"💡 Localhost requests are exempt from rate limiting","timestamp":"2026-02-04T21:52:17.082Z"}
{"level":"info","message":"==================================================","timestamp":"2026-02-04T21:52:17.082Z"}
{"level":"info","message":"🔄 Initializing Encryption Service...","timestamp":"2026-02-04T21:52:17.083Z"}
{"level":"info","message":"🔐 Encryption salt: 4fbdf60f...","timestamp":"2026-02-04T21:52:17.083Z"}
{"level":"info","message":"✅ Encryption Service initialized","timestamp":"2026-02-04T21:52:17.311Z"}
{"level":"info","message":"🔄 Initializing Redis...","timestamp":"2026-02-04T21:52:17.313Z"}
{"level":"info","message":"🔄 Initializing Redis connections...","timestamp":"2026-02-04T21:52:17.314Z"}
{"level":"info","message":"✅ Redis Sub Client connected","timestamp":"2026-02-04T21:52:17.355Z"}
{"level":"info","message":"✅ Redis Pub Client connected","timestamp":"2026-02-04T21:52:17.356Z"}
{"level":"info","message":"✅ Redis connection test successful","timestamp":"2026-02-04T21:52:17.366Z"}
{"level":"info","message":"✅ Redis connected: PONG","timestamp":"2026-02-04T21:52:17.367Z"}
{"level":"info","message":"✅ Redis client made globally available","timestamp":"2026-02-04T21:52:17.367Z"}
{"level":"info","message":"🔄 Connecting to MongoDB...","timestamp":"2026-02-04T21:52:17.367Z"}
{"level":"warn","message":"Retrying connection (attempt 1/3) in 2000ms","timestamp":"2026-02-04T21:52:17.380Z"}
{"level":"warn","message":"Retrying connection (attempt 2/3) in 4000ms","timestamp":"2026-02-04T21:52:19.398Z"}
{"attempt":1,"error":"option sslvalidate is not supported","level":"error","message":"❌ MongoDB connection failed","timestamp":"2026-02-04T21:52:23.412Z"}
{"level":"info","message":"✅ Security headers enabled","timestamp":"2026-02-04T21:54:03.669Z"}
2026-02-04T21:54:03.626Z [info]: 📊 Rate limit config loaded for development environment
{"level":"info","message":"✅ Trust proxy configured: 1","timestamp":"2026-02-04T21:54:03.671Z"}
{"level":"info","message":"✅ Compression enabled","timestamp":"2026-02-04T21:54:03.673Z"}
{"level":"info","message":"✅ CORS configured for origins: http://localhost:3000, http://localhost:3001, http://localhost:5173","timestamp":"2026-02-04T21:54:03.677Z"}
{"level":"info","message":"✅ Request logging enabled","timestamp":"2026-02-04T21:54:03.678Z"}
2026-02-04T21:54:03.632Z [info]:    API: 100 requests/15 minutes
{"level":"info","message":"✅ Performance logging enabled","timestamp":"2026-02-04T21:54:03.679Z"}
2026-02-04T21:54:03.633Z [info]:    Auth: 10 requests/1 hours
{"level":"info","message":"============================================================","timestamp":"2026-02-04T21:54:03.681Z"}
2026-02-04T21:54:03.634Z [info]:    Messages: 60 messages/minute
{"level":"info","message":"🚀 Starting JWLoversMatch Server","timestamp":"2026-02-04T21:54:03.682Z"}
2026-02-04T21:54:03.634Z [info]:    Registration: 5 registrations/24 hours
{"level":"info","message":"📦 Version: 1.0.0","timestamp":"2026-02-04T21:54:03.683Z"}
2026-02-04T21:54:03.635Z [info]: 📊 Rate limit config loaded for development environment
{"level":"info","message":"🌐 Environment: development","timestamp":"2026-02-04T21:54:03.683Z"}
2026-02-04T21:54:03.636Z [info]:    API: 100 requests/15 minutes
{"level":"info","message":"============================================================","timestamp":"2026-02-04T21:54:03.684Z"}
2026-02-04T21:54:03.637Z [info]:    Auth: 10 requests/1 hours
{"level":"info","message":"==================================================","timestamp":"2026-02-04T21:54:03.685Z"}
2026-02-04T21:54:03.638Z [info]:    Messages: 60 messages/minute
{"level":"info","message":"📊 Rate Limiting System","timestamp":"2026-02-04T21:54:03.685Z"}
2026-02-04T21:54:03.639Z [info]:    Registration: 5 registrations/24 hours
{"level":"info","message":"==================================================","timestamp":"2026-02-04T21:54:03.686Z"}
2026-02-04T21:54:03.640Z [info]: 📊 Rate limit config loaded for development environment
{"level":"info","message":"✅ Rate limiting ENABLED for development environment","timestamp":"2026-02-04T21:54:03.686Z"}
2026-02-04T21:54:03.641Z [info]:    API: 100 requests/15 minutes
{"level":"info","message":"🔧 Storage: Redis with memory fallback","timestamp":"2026-02-04T21:54:03.686Z"}
2026-02-04T21:54:03.641Z [info]:    Auth: 10 requests/1 hours
{"level":"info","message":"⚡ Circuit Breaker: Disabled","timestamp":"2026-02-04T21:54:03.687Z"}
2026-02-04T21:54:03.642Z [info]:    Messages: 60 messages/minute
{"level":"info","message":"📈 Limits:","timestamp":"2026-02-04T21:54:03.687Z"}
2026-02-04T21:54:03.642Z [info]:    Registration: 5 registrations/24 hours
{"level":"info","message":"   - API: 100 requests/15 minutes","timestamp":"2026-02-04T21:54:03.687Z"}
2026-02-04T21:54:03.643Z [info]: 📊 Rate limit config loaded for development environment
{"level":"info","message":"   - Auth: 10 requests/1 hours","timestamp":"2026-02-04T21:54:03.688Z"}
2026-02-04T21:54:03.643Z [info]:    API: 100 requests/15 minutes
{"level":"info","message":"   - Messages: 60 messages/minute","timestamp":"2026-02-04T21:54:03.688Z"}
2026-02-04T21:54:03.644Z [info]:    Auth: 10 requests/1 hours
{"level":"info","message":"   - Registration: 5 registrations/24 hours","timestamp":"2026-02-04T21:54:03.688Z"}
2026-02-04T21:54:03.644Z [info]:    Messages: 60 messages/minute
{"level":"info","message":"   - Socket: 120 events/minute","timestamp":"2026-02-04T21:54:03.689Z"}
2026-02-04T21:54:03.644Z [info]:    Registration: 5 registrations/24 hours
{"level":"info","message":"   - Search: 30 searches/minute","timestamp":"2026-02-04T21:54:03.689Z"}
2026-02-04T21:54:03.645Z [warn]: Redis not available, using memory store for rate limiting
{"level":"info","message":"   - Upload: 50 uploads/hour","timestamp":"2026-02-04T21:54:03.689Z"}
{"level":"info","message":"   - Profile Views: 60 views/minute","timestamp":"2026-02-04T21:54:03.690Z"}
{"level":"info","message":"💡 Development mode: Limits are 10x higher","timestamp":"2026-02-04T21:54:03.690Z"}
{"level":"info","message":"💡 Localhost requests are exempt from rate limiting","timestamp":"2026-02-04T21:54:03.690Z"}
{"level":"info","message":"==================================================","timestamp":"2026-02-04T21:54:03.691Z"}
{"level":"info","message":"🔄 Initializing Encryption Service...","timestamp":"2026-02-04T21:54:03.692Z"}
{"level":"info","message":"🔐 Encryption salt: 4fbdf60f...","timestamp":"2026-02-04T21:54:03.692Z"}
{"level":"info","message":"✅ Encryption Service initialized","timestamp":"2026-02-04T21:54:03.812Z"}
{"level":"info","message":"🔄 Initializing Redis...","timestamp":"2026-02-04T21:54:03.813Z"}
{"level":"info","message":"🔄 Initializing Redis connections...","timestamp":"2026-02-04T21:54:03.814Z"}
{"level":"info","message":"✅ Redis Pub Client connected","timestamp":"2026-02-04T21:54:03.853Z"}
{"level":"info","message":"✅ Redis Sub Client connected","timestamp":"2026-02-04T21:54:03.855Z"}
{"level":"info","message":"✅ Redis connection test successful","timestamp":"2026-02-04T21:54:03.864Z"}
{"level":"info","message":"✅ Redis connected: PONG","timestamp":"2026-02-04T21:54:03.865Z"}
{"level":"info","message":"✅ Redis client made globally available","timestamp":"2026-02-04T21:54:03.865Z"}
{"level":"info","message":"🔄 Connecting to MongoDB...","timestamp":"2026-02-04T21:54:03.866Z"}
{"level":"info","message":"🔄 Connecting to MongoDB...","timestamp":"2026-02-04T21:54:03.868Z"}
{"level":"info","message":"✅ Redis Sub Client ready","timestamp":"2026-02-04T21:54:03.889Z"}
{"level":"warn","message":"Retrying connection (attempt 1/3) in 2000ms","timestamp":"2026-02-04T21:54:06.969Z"}
{"level":"warn","message":"Retrying connection (attempt 2/3) in 4000ms","timestamp":"2026-02-04T21:54:11.996Z"}
{"level":"error","message":"❌ Failed to start server: Timeout","stack":"Error: Timeout\n    at Timeout._onTimeout (C:\\Users\\LENOVO\\OneDrive\\Desktop\\JWLovers\\server\\config\\database.js:31:35)\n    at listOnTimeout (node:internal/timers:588:17)\n    at processTimers (node:internal/timers:523:7)","timestamp":"2026-02-04T21:54:13.895Z"}
{"level":"info","message":"✅ Security headers enabled","timestamp":"2026-02-04T21:54:25.967Z"}
2026-02-04T21:54:25.945Z [info]: 📊 Rate limit config loaded for development environment
{"level":"info","message":"✅ Trust proxy configured: 1","timestamp":"2026-02-04T21:54:25.969Z"}
{"level":"info","message":"✅ Compression enabled","timestamp":"2026-02-04T21:54:25.970Z"}
{"level":"info","message":"✅ CORS configured for origins: http://localhost:3000, http://localhost:3001, http://localhost:5173","timestamp":"2026-02-04T21:54:25.973Z"}
{"level":"info","message":"✅ Request logging enabled","timestamp":"2026-02-04T21:54:25.974Z"}
{"level":"info","message":"✅ Performance logging enabled","timestamp":"2026-02-04T21:54:25.975Z"}
{"level":"info","message":"============================================================","timestamp":"2026-02-04T21:54:25.977Z"}
{"level":"info","message":"🚀 Starting JWLoversMatch Server","timestamp":"2026-02-04T21:54:25.977Z"}
{"level":"info","message":"📦 Version: 1.0.0","timestamp":"2026-02-04T21:54:25.977Z"}
{"level":"info","message":"🌐 Environment: development","timestamp":"2026-02-04T21:54:25.978Z"}
{"level":"info","message":"============================================================","timestamp":"2026-02-04T21:54:25.978Z"}
2026-02-04T21:54:25.947Z [info]:    API: 100 requests/15 minutes
{"level":"info","message":"==================================================","timestamp":"2026-02-04T21:54:25.979Z"}
{"level":"info","message":"📊 Rate Limiting System","timestamp":"2026-02-04T21:54:25.980Z"}
{"level":"info","message":"==================================================","timestamp":"2026-02-04T21:54:25.980Z"}
2026-02-04T21:54:25.948Z [info]:    Auth: 10 requests/1 hours
{"level":"info","message":"✅ Rate limiting ENABLED for development environment","timestamp":"2026-02-04T21:54:25.987Z"}
2026-02-04T21:54:25.948Z [info]:    Messages: 60 messages/minute
{"level":"info","message":"🔧 Storage: Redis with memory fallback","timestamp":"2026-02-04T21:54:25.988Z"}
2026-02-04T21:54:25.949Z [info]:    Registration: 5 registrations/24 hours
{"level":"info","message":"⚡ Circuit Breaker: Disabled","timestamp":"2026-02-04T21:54:25.988Z"}
2026-02-04T21:54:25.949Z [info]: 📊 Rate limit config loaded for development environment
{"level":"info","message":"📈 Limits:","timestamp":"2026-02-04T21:54:25.989Z"}
2026-02-04T21:54:25.949Z [info]:    API: 100 requests/15 minutes
{"level":"info","message":"   - API: 100 requests/15 minutes","timestamp":"2026-02-04T21:54:25.989Z"}
2026-02-04T21:54:25.950Z [info]:    Auth: 10 requests/1 hours
{"level":"info","message":"   - Auth: 10 requests/1 hours","timestamp":"2026-02-04T21:54:25.989Z"}
2026-02-04T21:54:25.950Z [info]:    Messages: 60 messages/minute
{"level":"info","message":"   - Messages: 60 messages/minute","timestamp":"2026-02-04T21:54:25.990Z"}
2026-02-04T21:54:25.951Z [info]:    Registration: 5 registrations/24 hours
{"level":"info","message":"   - Registration: 5 registrations/24 hours","timestamp":"2026-02-04T21:54:25.990Z"}
2026-02-04T21:54:25.951Z [info]: 📊 Rate limit config loaded for development environment
{"level":"info","message":"   - Socket: 120 events/minute","timestamp":"2026-02-04T21:54:25.990Z"}
2026-02-04T21:54:25.952Z [info]:    API: 100 requests/15 minutes
{"level":"info","message":"   - Search: 30 searches/minute","timestamp":"2026-02-04T21:54:25.991Z"}
2026-02-04T21:54:25.952Z [info]:    Auth: 10 requests/1 hours
{"level":"info","message":"   - Upload: 50 uploads/hour","timestamp":"2026-02-04T21:54:25.991Z"}
2026-02-04T21:54:25.952Z [info]:    Messages: 60 messages/minute
{"level":"info","message":"   - Profile Views: 60 views/minute","timestamp":"2026-02-04T21:54:25.991Z"}
2026-02-04T21:54:25.953Z [info]:    Registration: 5 registrations/24 hours
{"level":"info","message":"💡 Development mode: Limits are 10x higher","timestamp":"2026-02-04T21:54:25.992Z"}
2026-02-04T21:54:25.953Z [info]: 📊 Rate limit config loaded for development environment
{"level":"info","message":"💡 Localhost requests are exempt from rate limiting","timestamp":"2026-02-04T21:54:25.992Z"}
2026-02-04T21:54:25.953Z [info]:    API: 100 requests/15 minutes
{"level":"info","message":"==================================================","timestamp":"2026-02-04T21:54:25.992Z"}
2026-02-04T21:54:25.954Z [info]:    Auth: 10 requests/1 hours
{"level":"info","message":"🔄 Initializing Encryption Service...","timestamp":"2026-02-04T21:54:25.993Z"}
2026-02-04T21:54:25.954Z [info]:    Messages: 60 messages/minute
{"level":"info","message":"🔐 Encryption salt: 4fbdf60f...","timestamp":"2026-02-04T21:54:25.993Z"}
2026-02-04T21:54:25.954Z [info]:    Registration: 5 registrations/24 hours
{"level":"info","message":"✅ Encryption Service initialized","timestamp":"2026-02-04T21:54:26.114Z"}
2026-02-04T21:54:25.954Z [warn]: Redis not available, using memory store for rate limiting
{"level":"info","message":"🔄 Initializing Redis...","timestamp":"2026-02-04T21:54:26.116Z"}
{"level":"info","message":"🔄 Initializing Redis connections...","timestamp":"2026-02-04T21:54:26.116Z"}
{"level":"info","message":"✅ Redis Sub Client connected","timestamp":"2026-02-04T21:54:26.151Z"}
{"level":"info","message":"✅ Redis Pub Client connected","timestamp":"2026-02-04T21:54:26.153Z"}
{"level":"info","message":"✅ Redis connection test successful","timestamp":"2026-02-04T21:54:26.161Z"}
{"level":"info","message":"✅ Redis connected: PONG","timestamp":"2026-02-04T21:54:26.163Z"}
{"level":"info","message":"✅ Redis client made globally available","timestamp":"2026-02-04T21:54:26.163Z"}
{"level":"info","message":"🔄 Connecting to MongoDB...","timestamp":"2026-02-04T21:54:26.164Z"}
{"level":"warn","message":"Retrying connection (attempt 1/3) in 2000ms","timestamp":"2026-02-04T21:54:26.175Z"}
{"level":"warn","message":"Retrying connection (attempt 2/3) in 4000ms","timestamp":"2026-02-04T21:54:28.183Z"}
{"attempt":1,"error":"option sslvalidate is not supported","level":"error","message":"❌ MongoDB connection failed","timestamp":"2026-02-04T21:54:32.204Z"}
{"level":"info","message":"✅ Security headers enabled","timestamp":"2026-02-04T21:56:35.051Z"}
2026-02-04T21:56:35.029Z [info]: 📊 Rate limit config loaded for development environment
{"level":"info","message":"✅ Trust proxy configured: 1","timestamp":"2026-02-04T21:56:35.053Z"}
{"level":"info","message":"✅ Compression enabled","timestamp":"2026-02-04T21:56:35.054Z"}
{"level":"info","message":"✅ CORS configured for origins: http://localhost:3000, http://localhost:3001, http://localhost:5173","timestamp":"2026-02-04T21:56:35.057Z"}
{"level":"info","message":"✅ Request logging enabled","timestamp":"2026-02-04T21:56:35.057Z"}
{"level":"info","message":"✅ Performance logging enabled","timestamp":"2026-02-04T21:56:35.058Z"}
{"level":"info","message":"============================================================","timestamp":"2026-02-04T21:56:35.061Z"}
{"level":"info","message":"🚀 Starting JWLoversMatch Server","timestamp":"2026-02-04T21:56:35.061Z"}
{"level":"info","message":"📦 Version: 1.0.0","timestamp":"2026-02-04T21:56:35.062Z"}
{"level":"info","message":"🌐 Environment: development","timestamp":"2026-02-04T21:56:35.063Z"}
{"level":"info","message":"============================================================","timestamp":"2026-02-04T21:56:35.063Z"}
{"level":"info","message":"==================================================","timestamp":"2026-02-04T21:56:35.064Z"}
{"level":"info","message":"📊 Rate Limiting System","timestamp":"2026-02-04T21:56:35.064Z"}
{"level":"info","message":"==================================================","timestamp":"2026-02-04T21:56:35.064Z"}
{"level":"info","message":"✅ Rate limiting ENABLED for development environment","timestamp":"2026-02-04T21:56:35.065Z"}
{"level":"info","message":"🔧 Storage: Redis with memory fallback","timestamp":"2026-02-04T21:56:35.065Z"}
{"level":"info","message":"⚡ Circuit Breaker: Disabled","timestamp":"2026-02-04T21:56:35.065Z"}
{"level":"info","message":"📈 Limits:","timestamp":"2026-02-04T21:56:35.066Z"}
{"level":"info","message":"   - API: 100 requests/15 minutes","timestamp":"2026-02-04T21:56:35.066Z"}
{"level":"info","message":"   - Auth: 10 requests/1 hours","timestamp":"2026-02-04T21:56:35.066Z"}
{"level":"info","message":"   - Messages: 60 messages/minute","timestamp":"2026-02-04T21:56:35.067Z"}
2026-02-04T21:56:35.031Z [info]:    API: 100 requests/15 minutes
{"level":"info","message":"   - Registration: 5 registrations/24 hours","timestamp":"2026-02-04T21:56:35.067Z"}
{"level":"info","message":"   - Socket: 120 events/minute","timestamp":"2026-02-04T21:56:35.067Z"}
2026-02-04T21:56:35.032Z [info]:    Auth: 10 requests/1 hours
{"level":"info","message":"   - Search: 30 searches/minute","timestamp":"2026-02-04T21:56:35.068Z"}
2026-02-04T21:56:35.033Z [info]:    Messages: 60 messages/minute
{"level":"info","message":"   - Upload: 50 uploads/hour","timestamp":"2026-02-04T21:56:35.068Z"}
2026-02-04T21:56:35.033Z [info]:    Registration: 5 registrations/24 hours
{"level":"info","message":"   - Profile Views: 60 views/minute","timestamp":"2026-02-04T21:56:35.068Z"}
2026-02-04T21:56:35.034Z [info]: 📊 Rate limit config loaded for development environment
{"level":"info","message":"💡 Development mode: Limits are 10x higher","timestamp":"2026-02-04T21:56:35.069Z"}
2026-02-04T21:56:35.034Z [info]:    API: 100 requests/15 minutes
{"level":"info","message":"💡 Localhost requests are exempt from rate limiting","timestamp":"2026-02-04T21:56:35.069Z"}
2026-02-04T21:56:35.034Z [info]:    Auth: 10 requests/1 hours
{"level":"info","message":"==================================================","timestamp":"2026-02-04T21:56:35.069Z"}
2026-02-04T21:56:35.035Z [info]:    Messages: 60 messages/minute
{"level":"info","message":"🔄 Initializing Encryption Service...","timestamp":"2026-02-04T21:56:35.070Z"}
2026-02-04T21:56:35.035Z [info]:    Registration: 5 registrations/24 hours
2026-02-04T21:56:35.036Z [info]: 📊 Rate limit config loaded for development environment
{"level":"info","message":"🔐 Encryption salt: 4fbdf60f...","timestamp":"2026-02-04T21:56:35.070Z"}
2026-02-04T21:56:35.036Z [info]:    API: 100 requests/15 minutes
{"level":"info","message":"✅ Encryption Service initialized","timestamp":"2026-02-04T21:56:35.184Z"}
2026-02-04T21:56:35.037Z [info]:    Auth: 10 requests/1 hours
{"level":"info","message":"🔄 Initializing Redis...","timestamp":"2026-02-04T21:56:35.186Z"}
2026-02-04T21:56:35.037Z [info]:    Messages: 60 messages/minute
{"level":"info","message":"🔄 Initializing Redis connections...","timestamp":"2026-02-04T21:56:35.187Z"}
2026-02-04T21:56:35.037Z [info]:    Registration: 5 registrations/24 hours
2026-02-04T21:56:35.038Z [info]: 📊 Rate limit config loaded for development environment
2026-02-04T21:56:35.038Z [info]:    API: 100 requests/15 minutes
2026-02-04T21:56:35.038Z [info]:    Auth: 10 requests/1 hours
2026-02-04T21:56:35.038Z [info]:    Messages: 60 messages/minute
2026-02-04T21:56:35.039Z [info]:    Registration: 5 registrations/24 hours
2026-02-04T21:56:35.039Z [warn]: Redis not available, using memory store for rate limiting
{"level":"info","message":"✅ Redis Sub Client connected","timestamp":"2026-02-04T21:56:35.225Z"}
{"level":"info","message":"✅ Redis Pub Client connected","timestamp":"2026-02-04T21:56:35.227Z"}
{"level":"info","message":"✅ Redis connection test successful","timestamp":"2026-02-04T21:56:35.235Z"}
{"level":"info","message":"✅ Redis connected: PONG","timestamp":"2026-02-04T21:56:35.237Z"}
{"level":"info","message":"✅ Redis client made globally available","timestamp":"2026-02-04T21:56:35.237Z"}
{"level":"info","message":"🔄 Connecting to MongoDB...","timestamp":"2026-02-04T21:56:35.238Z"}
{"level":"info","message":"✅ MongoDB Connected: ac-ycssmpd-shard-00-02.tvw48ir.mongodb.net","timestamp":"2026-02-04T21:56:37.375Z"}
2026-02-04T21:56:38.212Z [info]: ✅ PresenceService initialized with optimizations
{"level":"info","message":"📊 Database: jwlovers_match","timestamp":"2026-02-04T21:56:37.376Z"}
{"level":"info","message":"🔄 Starting background index creation...","timestamp":"2026-02-04T21:56:37.377Z"}
{"level":"info","message":"✅ MongoDB connected","timestamp":"2026-02-04T21:56:37.474Z"}
{"level":"info","message":"🔄 Initializing Conversation Service Wrapper...","timestamp":"2026-02-04T21:56:37.475Z"}
2026-02-04T21:56:40.067Z [info]: 🔄 Initializing Redis connections...
{"level":"info","message":"✅ Conversation Service Wrapper initialized","timestamp":"2026-02-04T21:56:37.476Z"}
2026-02-04T21:56:45.208Z [info]: ✅ Redis subscription setup successful
{"level":"info","message":"🔄 Setting up WebSocket...","timestamp":"2026-02-04T21:56:37.478Z"}
{"level":"warn","message":"⚠️ Socket validation schemas not found, using empty schema","timestamp":"2026-02-04T21:56:37.484Z"}
{"level":"info","message":"WebSocket service initialized","timestamp":"2026-02-04T21:56:37.486Z"}
{"level":"info","message":"✅ WebSocket server setup completed","timestamp":"2026-02-04T21:56:37.496Z"}
{"level":"info","message":"✅ WebSocket middleware setup with enhanced auth","timestamp":"2026-02-04T21:56:38.069Z"}
{"level":"info","message":"✅ WebSocket initialized","timestamp":"2026-02-04T21:56:38.070Z"}
{"level":"info","message":"🔄 Initializing PresenceService...","timestamp":"2026-02-04T21:56:38.071Z"}
{"level":"info","message":"✅ PresenceService injected into WebSocketService","timestamp":"2026-02-04T21:56:38.213Z"}
{"level":"info","message":"✅ PresenceService injected into WebSocketService","timestamp":"2026-02-04T21:56:38.213Z"}
{"level":"info","message":"✅ PresenceService initialized","timestamp":"2026-02-04T21:56:38.214Z"}
{"level":"info","message":"🔄 Setting up Controller Bridge...","timestamp":"2026-02-04T21:56:38.215Z"}
{"level":"info","message":"✅ Controller Bridge initialized","timestamp":"2026-02-04T21:56:38.215Z"}
{"level":"info","message":"🔄 Finalizing WebSocket setup...","timestamp":"2026-02-04T21:56:38.216Z"}
{"level":"info","message":"✅ WebSocket event handlers setup","timestamp":"2026-02-04T21:56:38.217Z"}
{"level":"info","message":"✅ WebSocket ready (0 connections)","timestamp":"2026-02-04T21:56:38.218Z"}
{"level":"info","message":"✅ WebSocket setup finalized","timestamp":"2026-02-04T21:56:38.218Z"}
{"level":"info","message":"✅ Services exported to Express app","timestamp":"2026-02-04T21:56:38.219Z"}
{"level":"info","message":"✅ Enhanced global rate limiting enabled","timestamp":"2026-02-04T21:56:38.220Z"}
{"level":"info","message":"📦 Loading application routes...","timestamp":"2026-02-04T21:56:38.221Z"}
{"level":"warn","message":"⚠️ Chat: Function call failed, trying other methods: argument callback is required","timestamp":"2026-02-04T21:56:40.840Z"}
{"level":"debug","message":"✓ Chat: Loaded as direct router export","timestamp":"2026-02-04T21:56:40.841Z"}
{"level":"info","message":"✅ Chat routes mounted at /api/chat (18 endpoints)","timestamp":"2026-02-04T21:56:40.843Z"}
{"level":"warn","message":"⚠️ Auth: Function call failed, trying other methods: argument callback is required","timestamp":"2026-02-04T21:56:43.599Z"}
{"level":"debug","message":"✓ Auth: Loaded as direct router export","timestamp":"2026-02-04T21:56:43.600Z"}
{"level":"info","message":"✅ Auth routes mounted at /api/auth (36 endpoints)","timestamp":"2026-02-04T21:56:43.601Z"}
{"level":"warn","message":"⚠️ User: Function call failed, trying other methods: argument callback is required","timestamp":"2026-02-04T21:56:43.824Z"}
{"level":"debug","message":"✓ User: Loaded as direct router export","timestamp":"2026-02-04T21:56:43.825Z"}
{"level":"info","message":"✅ User routes mounted at /api/users (15 endpoints)","timestamp":"2026-02-04T21:56:43.826Z"}
{"level":"warn","message":"⚠️ Presence: Function call failed, trying other methods: argument callback is required","timestamp":"2026-02-04T21:56:44.070Z"}
{"level":"debug","message":"✓ Presence: Loaded as direct router export","timestamp":"2026-02-04T21:56:44.072Z"}
{"level":"info","message":"✅ Presence routes mounted at /api/presence (20 endpoints)","timestamp":"2026-02-04T21:56:44.073Z"}
{"level":"warn","message":"⚠️ Match: Function call failed, trying other methods: argument callback is required","timestamp":"2026-02-04T21:56:44.277Z"}
{"level":"debug","message":"✓ Match: Loaded as direct router export","timestamp":"2026-02-04T21:56:44.278Z"}
{"level":"info","message":"✅ Match routes mounted at /api/match (2 endpoints)","timestamp":"2026-02-04T21:56:44.279Z"}
{"level":"warn","message":"⚠️ Profile: Function call failed, trying other methods: argument callback is required","timestamp":"2026-02-04T21:56:44.714Z"}
{"level":"debug","message":"✓ Profile: Loaded as direct router export","timestamp":"2026-02-04T21:56:44.715Z"}
{"level":"info","message":"✅ Profile routes mounted at /api/profile (20 endpoints)","timestamp":"2026-02-04T21:56:44.716Z"}
{"level":"warn","message":"⚠️ Admin: Function call failed, trying other methods: argument callback is required","timestamp":"2026-02-04T21:56:45.032Z"}
{"level":"debug","message":"✓ Admin: Loaded as direct router export","timestamp":"2026-02-04T21:56:45.032Z"}
{"level":"info","message":"✅ Admin routes mounted at /api/admin (44 endpoints)","timestamp":"2026-02-04T21:56:45.033Z"}
{"level":"debug","message":"✓ WebSocket Management: Loaded as function with dependencies","timestamp":"2026-02-04T21:56:45.096Z"}
{"level":"info","message":"✅ WebSocket Management routes mounted at /api/websocket (9 endpoints)","timestamp":"2026-02-04T21:56:45.097Z"}
{"level":"debug","message":"✓ Health: Loaded as function with dependencies","timestamp":"2026-02-04T21:56:45.139Z"}
{"level":"info","message":"✅ Health routes mounted at /api/health (1 endpoints)","timestamp":"2026-02-04T21:56:45.140Z"}
{"level":"info","message":"============================================================","timestamp":"2026-02-04T21:56:45.141Z"}
{"level":"info","message":"📊 Route Loading Summary:","timestamp":"2026-02-04T21:56:45.142Z"}
{"level":"info","message":"✅ Successful: 9/9","timestamp":"2026-02-04T21:56:45.142Z"}
{"level":"info","message":"============================================================","timestamp":"2026-02-04T21:56:45.143Z"}
{"level":"info","message":"📊 Routes loaded: 9/9","timestamp":"2026-02-04T21:56:45.144Z"}
{"level":"info","message":"============================================================","timestamp":"2026-02-04T21:56:45.155Z"}
{"level":"info","message":"🚀 Server running on http://0.0.0.0:5000","timestamp":"2026-02-04T21:56:45.155Z"}
{"level":"info","message":"🔗 Health check: http://0.0.0.0:5000/health","timestamp":"2026-02-04T21:56:45.156Z"}
{"level":"info","message":"📊 System status: http://0.0.0.0:5000/api/system/status","timestamp":"2026-02-04T21:56:45.157Z"}
{"level":"info","message":"🔍 Diagnostics: http://0.0.0.0:5000/api/diagnostics/routes","timestamp":"2026-02-04T21:56:45.158Z"}
{"level":"info","message":"📈 Rate limit metrics: http://0.0.0.0:5000/api/rate-limit/metrics","timestamp":"2026-02-04T21:56:45.158Z"}
{"level":"info","message":"🔌 WebSocket Health: http://0.0.0.0:5000/api/websocket/health","timestamp":"2026-02-04T21:56:45.159Z"}
{"level":"info","message":"🔌 WebSocket: ws://0.0.0.0:5000 ✅ Ready (0 connections)","timestamp":"2026-02-04T21:56:45.159Z"}
{"level":"info","message":"📡 Environment: development","timestamp":"2026-02-04T21:56:45.160Z"}
{"level":"info","message":"💾 Memory: 53MB / 80MB","timestamp":"2026-02-04T21:56:45.161Z"}
{"level":"info","message":"🔐 Encryption: AES-256-GCM ✅","timestamp":"2026-02-04T21:56:45.161Z"}
{"level":"info","message":"🔐 E2EE: ✅ Enabled","timestamp":"2026-02-04T21:56:45.162Z"}
{"level":"info","message":"⚡ Redis: ✅ Ready","timestamp":"2026-02-04T21:56:45.162Z"}
{"level":"info","message":"🗄️  MongoDB: ✅ Connected","timestamp":"2026-02-04T21:56:45.163Z"}
{"level":"info","message":"⚡ Rate Limiting: ✅ Enabled","timestamp":"2026-02-04T21:56:45.164Z"}
{"level":"info","message":"🔒 Security Headers: ✅ Enabled","timestamp":"2026-02-04T21:56:45.164Z"}
{"level":"info","message":"🛡️  Content Moderation: ✅ Enabled","timestamp":"2026-02-04T21:56:45.165Z"}
{"level":"info","message":"🔞 Age Verification: ✅ Required","timestamp":"2026-02-04T21:56:45.165Z"}
{"level":"info","message":"🔗 CORS Origins: 3 origins","timestamp":"2026-02-04T21:56:45.166Z"}
{"level":"info","message":"📊 Routes: 9/9 loaded","timestamp":"2026-02-04T21:56:45.166Z"}
{"level":"info","message":"============================================================","timestamp":"2026-02-04T21:56:45.167Z"}
{"level":"info","message":"💡 Development flags:","timestamp":"2026-02-04T21:56:45.167Z"}
{"level":"info","message":"💡 Debug endpoints available:","timestamp":"2026-02-04T21:56:45.168Z"}
{"level":"info","message":"   http://0.0.0.0:5000/api/diagnostics/routes","timestamp":"2026-02-04T21:56:45.168Z"}
{"level":"info","message":"   http://0.0.0.0:5000/api/system/status","timestamp":"2026-02-04T21:56:45.169Z"}
{"level":"error","message":"Redis operation failed (subscribe): Command timed out","stack":"Error: Command timed out\n    at Timeout.<anonymous> (C:\\Users\\LENOVO\\OneDrive\\Desktop\\JWLovers\\server\\node_modules\\ioredis\\built\\Command.js:194:33)\n    at listOnTimeout (node:internal/timers:588:17)\n    at processTimers (node:internal/timers:523:7)","timestamp":"2026-02-04T21:56:45.207Z"}
2026-02-04T21:56:45.230Z [info]: ✅ Redis Pub Client connected
2026-02-04T21:56:45.232Z [info]: ✅ Redis Sub Client connected
2026-02-04T21:56:45.234Z [info]: ✅ Redis connected for rate limiting
2026-02-04T21:56:45.252Z [info]: RateLimiterService initialized with Redis backend
2026-02-04T21:56:45.253Z [info]: ✅ Redis connection test successful
2026-02-04T21:56:45.256Z [warn]: Safety service not available, continuing without it:
2026-02-04T21:56:45.257Z [info]: MessageService services initialized
2026-02-04T21:56:45.269Z [info]: ✅ Redis Sub Client ready
{"level":"info","message":"✅ Indexes already exist, skipping creation","timestamp":"2026-02-04T21:56:45.358Z"}
2026-02-04T21:57:38.904Z [info]: User 6983bca7a93f1d2b2e893e59 (DatingUser) went offline
2026-02-04T21:57:38.918Z [info]: Cleaned up stale presence for user 6983bca7a93f1d2b2e893e59 (DatingUser)
{"level":"debug","message":"📊 WebSocket connections: 0","timestamp":"2026-02-04T21:57:45.156Z"}
{"level":"debug","message":"📊 WebSocket connections: 0","timestamp":"2026-02-04T21:58:45.169Z"}
{"ip":"127.0.0.1","level":"debug","message":"[c7b88102799ae5ea] GET /api/auth/security-question","timestamp":"2026-02-04T21:58:49.127Z","userAgent":"Mozilla/5.0 (Linux; Android 6.0; Nexus 5 Build/MRA58N) AppleWebKit/537.36 (KHTML, like Gecko) Chrome/144.0.0.0 Mobile Safari/537.36"}
2026-02-04T21:58:49.132Z [debug]: Rate limit skipped for whitelisted IP: 127.0.0.1
{"contentLength":"445","contentType":"application/json; charset=utf-8","duration":703,"level":"info","message":"[c7b88102799ae5ea] GET /security-question 200 703ms","status":200,"timestamp":"2026-02-04T21:58:49.827Z"}
{"ip":"127.0.0.1","level":"debug","message":"[5081ab8fbcff2609] GET /api/auth/security-question","timestamp":"2026-02-04T21:58:49.831Z","userAgent":"Mozilla/5.0 (Linux; Android 6.0; Nexus 5 Build/MRA58N) AppleWebKit/537.36 (KHTML, like Gecko) Chrome/144.0.0.0 Mobile Safari/537.36"}
2026-02-04T21:58:49.833Z [debug]: Rate limit skipped for whitelisted IP: 127.0.0.1
{"contentLength":"445","contentType":"application/json; charset=utf-8","duration":196,"level":"info","message":"[5081ab8fbcff2609] GET /security-question 200 196ms","status":200,"timestamp":"2026-02-04T21:58:50.027Z"}
{"contentLength":"98","contentType":"application/json","ip":"127.0.0.1","level":"debug","message":"[e053369f53ee1183] POST /api/auth/validate-answer","timestamp":"2026-02-04T21:59:08.411Z","userAgent":"Mozilla/5.0 (Linux; Android 6.0; Nexus 5 Build/MRA58N) AppleWebKit/537.36 (KHTML, like Gecko) Chrome/144.0.0.0 Mobile Safari/537.36"}
2026-02-04T21:59:08.413Z [debug]: Rate limit skipped for whitelisted IP: 127.0.0.1
{"contentLength":"731","contentType":"application/json; charset=utf-8","duration":3275,"level":"info","message":"[e053369f53ee1183] POST /validate-answer 200 3275ms","status":200,"timestamp":"2026-02-04T21:59:11.685Z"}
{"ip":"127.0.0.1","level":"debug","message":"[9c6727a804b88bc5] GET /api/auth/security-question","timestamp":"2026-02-04T21:59:11.719Z","userAgent":"Mozilla/5.0 (Linux; Android 6.0; Nexus 5 Build/MRA58N) AppleWebKit/537.36 (KHTML, like Gecko) Chrome/144.0.0.0 Mobile Safari/537.36"}
2026-02-04T21:59:11.723Z [debug]: Rate limit skipped for whitelisted IP: 127.0.0.1
{"contentLength":"445","contentType":"application/json; charset=utf-8","duration":233,"level":"info","message":"[9c6727a804b88bc5] GET /security-question 200 233ms","status":200,"timestamp":"2026-02-04T21:59:11.952Z"}
{"ip":"127.0.0.1","level":"debug","message":"[5bb6561b96ec5843] GET /api/auth/security-question","timestamp":"2026-02-04T21:59:11.955Z","userAgent":"Mozilla/5.0 (Linux; Android 6.0; Nexus 5 Build/MRA58N) AppleWebKit/537.36 (KHTML, like Gecko) Chrome/144.0.0.0 Mobile Safari/537.36"}
2026-02-04T21:59:11.956Z [debug]: Rate limit skipped for whitelisted IP: 127.0.0.1
{"contentLength":"445","contentType":"application/json; charset=utf-8","duration":199,"level":"info","message":"[5bb6561b96ec5843] GET /security-question 200 199ms","status":200,"timestamp":"2026-02-04T21:59:12.154Z"}
{"level":"debug","message":"📊 WebSocket connections: 0","timestamp":"2026-02-04T21:59:45.168Z"}
{"contentLength":"201","contentType":"application/json","ip":"127.0.0.1","level":"debug","message":"[3af15e1431fa40a6] POST /api/auth/register","timestamp":"2026-02-04T22:00:15.865Z","userAgent":"Mozilla/5.0 (Linux; Android 6.0; Nexus 5 Build/MRA58N) AppleWebKit/537.36 (KHTML, like Gecko) Chrome/144.0.0.0 Mobile Safari/537.36"}
2026-02-04T22:00:15.868Z [debug]: Rate limit skipped for whitelisted IP: 127.0.0.1
{"contentType":"application/json; charset=utf-8","duration":4922,"level":"info","message":"[3af15e1431fa40a6] POST /register 201 4922ms","status":201,"timestamp":"2026-02-04T22:00:20.788Z"}
{"level":"debug","message":"📊 WebSocket connections: 0","timestamp":"2026-02-04T22:00:45.182Z"}
{"level":"info","message":"✅ Security headers enabled","timestamp":"2026-02-04T22:01:47.743Z"}
2026-02-04T22:01:47.702Z [info]: 📊 Rate limit config loaded for development environment
{"level":"info","message":"✅ Trust proxy configured: 1","timestamp":"2026-02-04T22:01:47.746Z"}
{"level":"info","message":"✅ Compression enabled","timestamp":"2026-02-04T22:01:47.748Z"}
{"level":"info","message":"✅ CORS configured for origins: http://localhost:3000, http://localhost:3001, http://localhost:5173","timestamp":"2026-02-04T22:01:47.752Z"}
{"level":"info","message":"✅ Request logging enabled","timestamp":"2026-02-04T22:01:47.754Z"}
{"level":"info","message":"✅ Performance logging enabled","timestamp":"2026-02-04T22:01:47.755Z"}
{"level":"info","message":"============================================================","timestamp":"2026-02-04T22:01:47.757Z"}
{"level":"info","message":"🚀 Starting JWLoversMatch Server","timestamp":"2026-02-04T22:01:47.758Z"}
{"level":"info","message":"📦 Version: 1.0.0","timestamp":"2026-02-04T22:01:47.759Z"}
{"level":"info","message":"🌐 Environment: development","timestamp":"2026-02-04T22:01:47.759Z"}
{"level":"info","message":"============================================================","timestamp":"2026-02-04T22:01:47.760Z"}
{"level":"info","message":"==================================================","timestamp":"2026-02-04T22:01:47.761Z"}
{"level":"info","message":"📊 Rate Limiting System","timestamp":"2026-02-04T22:01:47.761Z"}
2026-02-04T22:01:47.708Z [info]:    API: 100 requests/15 minutes
{"level":"info","message":"==================================================","timestamp":"2026-02-04T22:01:47.762Z"}
2026-02-04T22:01:47.709Z [info]:    Auth: 10 requests/1 hours
{"level":"info","message":"✅ Rate limiting ENABLED for development environment","timestamp":"2026-02-04T22:01:47.763Z"}
2026-02-04T22:01:47.709Z [info]:    Messages: 60 messages/minute
2026-02-04T22:01:47.710Z [info]:    Registration: 5 registrations/24 hours
{"level":"info","message":"🔧 Storage: Redis with memory fallback","timestamp":"2026-02-04T22:01:47.764Z"}
2026-02-04T22:01:47.711Z [info]: 📊 Rate limit config loaded for development environment
2026-02-04T22:01:47.711Z [info]:    API: 100 requests/15 minutes
{"level":"info","message":"⚡ Circuit Breaker: Disabled","timestamp":"2026-02-04T22:01:47.764Z"}
2026-02-04T22:01:47.712Z [info]:    Auth: 10 requests/1 hours
{"level":"info","message":"📈 Limits:","timestamp":"2026-02-04T22:01:47.765Z"}
2026-02-04T22:01:47.713Z [info]:    Messages: 60 messages/minute
2026-02-04T22:01:47.714Z [info]:    Registration: 5 registrations/24 hours
{"level":"info","message":"   - API: 100 requests/15 minutes","timestamp":"2026-02-04T22:01:47.766Z"}
2026-02-04T22:01:47.716Z [info]: 📊 Rate limit config loaded for development environment
{"level":"info","message":"   - Auth: 10 requests/1 hours","timestamp":"2026-02-04T22:01:47.766Z"}
2026-02-04T22:01:47.716Z [info]:    API: 100 requests/15 minutes
2026-02-04T22:01:47.717Z [info]:    Auth: 10 requests/1 hours
{"level":"info","message":"   - Messages: 60 messages/minute","timestamp":"2026-02-04T22:01:47.767Z"}
2026-02-04T22:01:47.718Z [info]:    Messages: 60 messages/minute
2026-02-04T22:01:47.718Z [info]:    Registration: 5 registrations/24 hours
{"level":"info","message":"   - Registration: 5 registrations/24 hours","timestamp":"2026-02-04T22:01:47.768Z"}
2026-02-04T22:01:47.719Z [info]: 📊 Rate limit config loaded for development environment
{"level":"info","message":"   - Socket: 120 events/minute","timestamp":"2026-02-04T22:01:47.768Z"}
2026-02-04T22:01:47.720Z [info]:    API: 100 requests/15 minutes
2026-02-04T22:01:47.720Z [info]:    Auth: 10 requests/1 hours
{"level":"info","message":"   - Search: 30 searches/minute","timestamp":"2026-02-04T22:01:47.770Z"}
2026-02-04T22:01:47.721Z [info]:    Messages: 60 messages/minute
2026-02-04T22:01:47.721Z [info]:    Registration: 5 registrations/24 hours
{"level":"info","message":"   - Upload: 50 uploads/hour","timestamp":"2026-02-04T22:01:47.771Z"}
{"level":"info","message":"   - Profile Views: 60 views/minute","timestamp":"2026-02-04T22:01:47.771Z"}
{"level":"info","message":"💡 Development mode: Limits are 10x higher","timestamp":"2026-02-04T22:01:47.772Z"}
2026-02-04T22:01:47.722Z [warn]: Redis not available, using memory store for rate limiting
{"level":"info","message":"💡 Localhost requests are exempt from rate limiting","timestamp":"2026-02-04T22:01:47.772Z"}
{"level":"info","message":"==================================================","timestamp":"2026-02-04T22:01:47.773Z"}
{"level":"info","message":"🔄 Initializing Encryption Service...","timestamp":"2026-02-04T22:01:47.774Z"}
{"level":"info","message":"🔐 Encryption salt: 4fbdf60f...","timestamp":"2026-02-04T22:01:47.774Z"}
{"level":"info","message":"✅ Encryption Service initialized","timestamp":"2026-02-04T22:01:47.947Z"}
{"level":"info","message":"🔄 Initializing Redis...","timestamp":"2026-02-04T22:01:47.950Z"}
{"level":"info","message":"🔄 Initializing Redis connections...","timestamp":"2026-02-04T22:01:47.951Z"}
{"level":"info","message":"✅ Redis Sub Client connected","timestamp":"2026-02-04T22:01:48.007Z"}
{"level":"info","message":"✅ Redis Pub Client connected","timestamp":"2026-02-04T22:01:48.009Z"}
{"level":"info","message":"✅ Redis connection test successful","timestamp":"2026-02-04T22:01:48.020Z"}
{"level":"info","message":"✅ Redis connected: PONG","timestamp":"2026-02-04T22:01:48.022Z"}
{"level":"info","message":"✅ Redis client made globally available","timestamp":"2026-02-04T22:01:48.022Z"}
{"level":"info","message":"🔄 Connecting to MongoDB...","timestamp":"2026-02-04T22:01:48.023Z"}
{"level":"info","message":"✅ MongoDB Connected: ac-ycssmpd-shard-00-01.tvw48ir.mongodb.net","timestamp":"2026-02-04T22:01:52.058Z"}
2026-02-04T22:01:52.391Z [info]: ✅ PresenceService initialized with optimizations
{"level":"info","message":"📊 Database: jwlovers_match","timestamp":"2026-02-04T22:01:52.059Z"}
2026-02-04T22:01:52.918Z [info]: 🔄 Initializing Redis connections...
{"level":"info","message":"🔄 Starting background index creation...","timestamp":"2026-02-04T22:01:52.060Z"}
{"level":"info","message":"✅ MongoDB connected","timestamp":"2026-02-04T22:01:52.106Z"}
{"level":"info","message":"🔄 Initializing Conversation Service Wrapper...","timestamp":"2026-02-04T22:01:52.107Z"}
{"level":"info","message":"✅ Conversation Service Wrapper initialized","timestamp":"2026-02-04T22:01:52.107Z"}
{"level":"info","message":"🔄 Setting up WebSocket...","timestamp":"2026-02-04T22:01:52.109Z"}
{"level":"warn","message":"⚠️ Socket validation schemas not found, using empty schema","timestamp":"2026-02-04T22:01:52.112Z"}
{"level":"info","message":"WebSocket service initialized","timestamp":"2026-02-04T22:01:52.113Z"}
{"level":"info","message":"✅ WebSocket server setup completed","timestamp":"2026-02-04T22:01:52.119Z"}
{"level":"info","message":"✅ WebSocket middleware setup with enhanced auth","timestamp":"2026-02-04T22:01:52.380Z"}
{"level":"info","message":"✅ WebSocket initialized","timestamp":"2026-02-04T22:01:52.381Z"}
{"level":"info","message":"🔄 Initializing PresenceService...","timestamp":"2026-02-04T22:01:52.382Z"}
{"level":"info","message":"✅ PresenceService injected into WebSocketService","timestamp":"2026-02-04T22:01:52.392Z"}
{"level":"info","message":"✅ PresenceService injected into WebSocketService","timestamp":"2026-02-04T22:01:52.392Z"}
{"level":"info","message":"✅ PresenceService initialized","timestamp":"2026-02-04T22:01:52.393Z"}
{"level":"info","message":"🔄 Setting up Controller Bridge...","timestamp":"2026-02-04T22:01:52.394Z"}
{"level":"info","message":"✅ Controller Bridge initialized","timestamp":"2026-02-04T22:01:52.394Z"}
{"level":"info","message":"🔄 Finalizing WebSocket setup...","timestamp":"2026-02-04T22:01:52.395Z"}
{"level":"info","message":"✅ WebSocket event handlers setup","timestamp":"2026-02-04T22:01:52.397Z"}
{"level":"info","message":"✅ WebSocket ready (0 connections)","timestamp":"2026-02-04T22:01:52.397Z"}
{"level":"info","message":"✅ WebSocket setup finalized","timestamp":"2026-02-04T22:01:52.398Z"}
{"level":"info","message":"✅ Services exported to Express app","timestamp":"2026-02-04T22:01:52.398Z"}
{"level":"info","message":"✅ Enhanced global rate limiting enabled","timestamp":"2026-02-04T22:01:52.399Z"}
{"level":"info","message":"📦 Loading application routes...","timestamp":"2026-02-04T22:01:52.401Z"}
{"level":"warn","message":"⚠️ Chat: Function call failed, trying other methods: argument callback is required","timestamp":"2026-02-04T22:01:52.950Z"}
{"level":"debug","message":"✓ Chat: Loaded as direct router export","timestamp":"2026-02-04T22:01:52.951Z"}
{"level":"info","message":"✅ Chat routes mounted at /api/chat (18 endpoints)","timestamp":"2026-02-04T22:01:52.951Z"}
{"level":"warn","message":"⚠️ Auth: Function call failed, trying other methods: argument callback is required","timestamp":"2026-02-04T22:01:53.387Z"}
{"level":"debug","message":"✓ Auth: Loaded as direct router export","timestamp":"2026-02-04T22:01:53.387Z"}
{"level":"info","message":"✅ Auth routes mounted at /api/auth (36 endpoints)","timestamp":"2026-02-04T22:01:53.388Z"}
{"level":"warn","message":"⚠️ User: Function call failed, trying other methods: argument callback is required","timestamp":"2026-02-04T22:01:53.431Z"}
{"level":"debug","message":"✓ User: Loaded as direct router export","timestamp":"2026-02-04T22:01:53.431Z"}
{"level":"info","message":"✅ User routes mounted at /api/users (15 endpoints)","timestamp":"2026-02-04T22:01:53.432Z"}
{"level":"warn","message":"⚠️ Presence: Function call failed, trying other methods: argument callback is required","timestamp":"2026-02-04T22:01:53.477Z"}
{"level":"debug","message":"✓ Presence: Loaded as direct router export","timestamp":"2026-02-04T22:01:53.478Z"}
{"level":"info","message":"✅ Presence routes mounted at /api/presence (20 endpoints)","timestamp":"2026-02-04T22:01:53.479Z"}
{"level":"warn","message":"⚠️ Match: Function call failed, trying other methods: argument callback is required","timestamp":"2026-02-04T22:01:53.506Z"}
{"level":"debug","message":"✓ Match: Loaded as direct router export","timestamp":"2026-02-04T22:01:53.506Z"}
{"level":"info","message":"✅ Match routes mounted at /api/match (2 endpoints)","timestamp":"2026-02-04T22:01:53.507Z"}
{"level":"warn","message":"⚠️ Profile: Function call failed, trying other methods: argument callback is required","timestamp":"2026-02-04T22:01:53.660Z"}
{"level":"debug","message":"✓ Profile: Loaded as direct router export","timestamp":"2026-02-04T22:01:53.660Z"}
{"level":"info","message":"✅ Profile routes mounted at /api/profile (20 endpoints)","timestamp":"2026-02-04T22:01:53.661Z"}
{"level":"warn","message":"⚠️ Admin: Function call failed, trying other methods: argument callback is required","timestamp":"2026-02-04T22:01:53.716Z"}
{"level":"debug","message":"✓ Admin: Loaded as direct router export","timestamp":"2026-02-04T22:01:53.717Z"}
{"level":"info","message":"✅ Admin routes mounted at /api/admin (44 endpoints)","timestamp":"2026-02-04T22:01:53.718Z"}
{"level":"debug","message":"✓ WebSocket Management: Loaded as function with dependencies","timestamp":"2026-02-04T22:01:53.733Z"}
{"level":"info","message":"✅ WebSocket Management routes mounted at /api/websocket (9 endpoints)","timestamp":"2026-02-04T22:01:53.733Z"}
{"level":"debug","message":"✓ Health: Loaded as function with dependencies","timestamp":"2026-02-04T22:01:53.741Z"}
{"level":"info","message":"✅ Health routes mounted at /api/health (1 endpoints)","timestamp":"2026-02-04T22:01:53.742Z"}
{"level":"info","message":"============================================================","timestamp":"2026-02-04T22:01:53.743Z"}
{"level":"info","message":"📊 Route Loading Summary:","timestamp":"2026-02-04T22:01:53.744Z"}
{"level":"info","message":"✅ Successful: 9/9","timestamp":"2026-02-04T22:01:53.744Z"}
{"level":"info","message":"============================================================","timestamp":"2026-02-04T22:01:53.745Z"}
{"level":"info","message":"📊 Routes loaded: 9/9","timestamp":"2026-02-04T22:01:53.754Z"}
{"level":"info","message":"============================================================","timestamp":"2026-02-04T22:01:53.768Z"}
{"level":"info","message":"🚀 Server running on http://0.0.0.0:5000","timestamp":"2026-02-04T22:01:53.769Z"}
{"level":"info","message":"🔗 Health check: http://0.0.0.0:5000/health","timestamp":"2026-02-04T22:01:53.770Z"}
{"level":"info","message":"📊 System status: http://0.0.0.0:5000/api/system/status","timestamp":"2026-02-04T22:01:53.771Z"}
{"level":"info","message":"🔍 Diagnostics: http://0.0.0.0:5000/api/diagnostics/routes","timestamp":"2026-02-04T22:01:53.771Z"}
{"level":"info","message":"📈 Rate limit metrics: http://0.0.0.0:5000/api/rate-limit/metrics","timestamp":"2026-02-04T22:01:53.772Z"}
{"level":"info","message":"🔌 WebSocket Health: http://0.0.0.0:5000/api/websocket/health","timestamp":"2026-02-04T22:01:53.772Z"}
{"level":"info","message":"🔌 WebSocket: ws://0.0.0.0:5000 ✅ Ready (0 connections)","timestamp":"2026-02-04T22:01:53.773Z"}
{"level":"info","message":"📡 Environment: development","timestamp":"2026-02-04T22:01:53.773Z"}
{"level":"info","message":"💾 Memory: 51MB / 81MB","timestamp":"2026-02-04T22:01:53.774Z"}
{"level":"info","message":"🔐 Encryption: AES-256-GCM ✅","timestamp":"2026-02-04T22:01:53.774Z"}
{"level":"info","message":"🔐 E2EE: ✅ Enabled","timestamp":"2026-02-04T22:01:53.775Z"}
{"level":"info","message":"⚡ Redis: ✅ Ready","timestamp":"2026-02-04T22:01:53.776Z"}
{"level":"info","message":"🗄️  MongoDB: ✅ Connected","timestamp":"2026-02-04T22:01:53.776Z"}
{"level":"info","message":"⚡ Rate Limiting: ✅ Enabled","timestamp":"2026-02-04T22:01:53.777Z"}
{"level":"info","message":"🔒 Security Headers: ✅ Enabled","timestamp":"2026-02-04T22:01:53.778Z"}
{"level":"info","message":"🛡️  Content Moderation: ✅ Enabled","timestamp":"2026-02-04T22:01:53.778Z"}
{"level":"info","message":"🔞 Age Verification: ✅ Required","timestamp":"2026-02-04T22:01:53.779Z"}
{"level":"info","message":"🔗 CORS Origins: 3 origins","timestamp":"2026-02-04T22:01:53.779Z"}
{"level":"info","message":"📊 Routes: 9/9 loaded","timestamp":"2026-02-04T22:01:53.780Z"}
{"level":"info","message":"============================================================","timestamp":"2026-02-04T22:01:53.780Z"}
{"level":"info","message":"💡 Development flags:","timestamp":"2026-02-04T22:01:53.781Z"}
{"level":"info","message":"💡 Debug endpoints available:","timestamp":"2026-02-04T22:01:53.782Z"}
{"level":"info","message":"   http://0.0.0.0:5000/api/diagnostics/routes","timestamp":"2026-02-04T22:01:53.782Z"}
{"level":"info","message":"   http://0.0.0.0:5000/api/system/status","timestamp":"2026-02-04T22:01:53.783Z"}
2026-02-04T22:01:53.824Z [info]: ✅ Redis subscription setup successful
2026-02-04T22:01:53.840Z [info]: ✅ Redis Pub Client connected
2026-02-04T22:01:53.844Z [info]: ✅ Redis Sub Client connected
2026-02-04T22:01:53.846Z [info]: ✅ Redis connected for rate limiting
2026-02-04T22:01:53.858Z [info]: ✅ Redis connection test successful
2026-02-04T22:01:53.862Z [warn]: Safety service not available, continuing without it:
2026-02-04T22:01:53.863Z [info]: MessageService services initialized
2026-02-04T22:01:53.898Z [info]: RateLimiterService initialized with Redis backend
{"level":"info","message":"✅ Indexes already exist, skipping creation","timestamp":"2026-02-04T22:01:53.969Z"}
{"level":"info","message":"✅ Security headers enabled","timestamp":"2026-02-04T22:02:40.031Z"}
2026-02-04T22:02:40.004Z [info]: 📊 Rate limit config loaded for development environment
{"level":"info","message":"✅ Trust proxy configured: 1","timestamp":"2026-02-04T22:02:40.032Z"}
{"level":"info","message":"✅ Compression enabled","timestamp":"2026-02-04T22:02:40.033Z"}
{"level":"info","message":"✅ CORS configured for origins: http://localhost:3000, http://localhost:3001, http://localhost:5173","timestamp":"2026-02-04T22:02:40.037Z"}
2026-02-04T22:02:40.007Z [info]:    API: 100 requests/15 minutes
{"level":"info","message":"✅ Request logging enabled","timestamp":"2026-02-04T22:02:40.038Z"}
{"level":"info","message":"✅ Performance logging enabled","timestamp":"2026-02-04T22:02:40.039Z"}
2026-02-04T22:02:40.008Z [info]:    Auth: 10 requests/1 hours
{"level":"info","message":"============================================================","timestamp":"2026-02-04T22:02:40.040Z"}
2026-02-04T22:02:40.008Z [info]:    Messages: 60 messages/minute
{"level":"info","message":"🚀 Starting JWLoversMatch Server","timestamp":"2026-02-04T22:02:40.041Z"}
2026-02-04T22:02:40.009Z [info]:    Registration: 5 registrations/24 hours
{"level":"info","message":"📦 Version: 1.0.0","timestamp":"2026-02-04T22:02:40.041Z"}
2026-02-04T22:02:40.009Z [info]: 📊 Rate limit config loaded for development environment
{"level":"info","message":"🌐 Environment: development","timestamp":"2026-02-04T22:02:40.042Z"}
2026-02-04T22:02:40.010Z [info]:    API: 100 requests/15 minutes
{"level":"info","message":"============================================================","timestamp":"2026-02-04T22:02:40.042Z"}
2026-02-04T22:02:40.010Z [info]:    Auth: 10 requests/1 hours
{"level":"info","message":"==================================================","timestamp":"2026-02-04T22:02:40.043Z"}
2026-02-04T22:02:40.011Z [info]:    Messages: 60 messages/minute
{"level":"info","message":"📊 Rate Limiting System","timestamp":"2026-02-04T22:02:40.043Z"}
2026-02-04T22:02:40.012Z [info]:    Registration: 5 registrations/24 hours
{"level":"info","message":"==================================================","timestamp":"2026-02-04T22:02:40.044Z"}
2026-02-04T22:02:40.012Z [info]: 📊 Rate limit config loaded for development environment
{"level":"info","message":"✅ Rate limiting ENABLED for development environment","timestamp":"2026-02-04T22:02:40.044Z"}
2026-02-04T22:02:40.013Z [info]:    API: 100 requests/15 minutes
{"level":"info","message":"🔧 Storage: Redis with memory fallback","timestamp":"2026-02-04T22:02:40.045Z"}
2026-02-04T22:02:40.013Z [info]:    Auth: 10 requests/1 hours
{"level":"info","message":"⚡ Circuit Breaker: Disabled","timestamp":"2026-02-04T22:02:40.046Z"}
2026-02-04T22:02:40.014Z [info]:    Messages: 60 messages/minute
{"level":"info","message":"📈 Limits:","timestamp":"2026-02-04T22:02:40.046Z"}
2026-02-04T22:02:40.014Z [info]:    Registration: 5 registrations/24 hours
{"level":"info","message":"   - API: 100 requests/15 minutes","timestamp":"2026-02-04T22:02:40.046Z"}
2026-02-04T22:02:40.014Z [info]: 📊 Rate limit config loaded for development environment
{"level":"info","message":"   - Auth: 10 requests/1 hours","timestamp":"2026-02-04T22:02:40.047Z"}
2026-02-04T22:02:40.015Z [info]:    API: 100 requests/15 minutes
2026-02-04T22:02:40.015Z [info]:    Auth: 10 requests/1 hours
2026-02-04T22:02:40.015Z [info]:    Messages: 60 messages/minute
{"level":"info","message":"   - Messages: 60 messages/minute","timestamp":"2026-02-04T22:02:40.047Z"}
2026-02-04T22:02:40.016Z [info]:    Registration: 5 registrations/24 hours
{"level":"info","message":"   - Registration: 5 registrations/24 hours","timestamp":"2026-02-04T22:02:40.047Z"}
2026-02-04T22:02:40.016Z [warn]: Redis not available, using memory store for rate limiting
{"level":"info","message":"   - Socket: 120 events/minute","timestamp":"2026-02-04T22:02:40.048Z"}
{"level":"info","message":"   - Search: 30 searches/minute","timestamp":"2026-02-04T22:02:40.048Z"}
{"level":"info","message":"   - Upload: 50 uploads/hour","timestamp":"2026-02-04T22:02:40.048Z"}
{"level":"info","message":"   - Profile Views: 60 views/minute","timestamp":"2026-02-04T22:02:40.049Z"}
{"level":"info","message":"💡 Development mode: Limits are 10x higher","timestamp":"2026-02-04T22:02:40.049Z"}
{"level":"info","message":"💡 Localhost requests are exempt from rate limiting","timestamp":"2026-02-04T22:02:40.049Z"}
{"level":"info","message":"==================================================","timestamp":"2026-02-04T22:02:40.050Z"}
{"level":"info","message":"🔄 Initializing Encryption Service...","timestamp":"2026-02-04T22:02:40.050Z"}
{"level":"info","message":"🔐 Encryption salt: 4fbdf60f...","timestamp":"2026-02-04T22:02:40.050Z"}
{"level":"info","message":"✅ Encryption Service initialized","timestamp":"2026-02-04T22:02:40.190Z"}
{"level":"info","message":"🔄 Initializing Redis...","timestamp":"2026-02-04T22:02:40.192Z"}
{"level":"info","message":"🔄 Initializing Redis connections...","timestamp":"2026-02-04T22:02:40.193Z"}
{"level":"info","message":"✅ Redis Pub Client connected","timestamp":"2026-02-04T22:02:40.229Z"}
{"level":"info","message":"✅ Redis Sub Client connected","timestamp":"2026-02-04T22:02:40.231Z"}
{"level":"info","message":"✅ Redis connection test successful","timestamp":"2026-02-04T22:02:40.241Z"}
{"level":"info","message":"✅ Redis connected: PONG","timestamp":"2026-02-04T22:02:40.243Z"}
{"level":"info","message":"✅ Redis client made globally available","timestamp":"2026-02-04T22:02:40.243Z"}
{"level":"info","message":"🔄 Connecting to MongoDB...","timestamp":"2026-02-04T22:02:40.244Z"}
{"level":"info","message":"✅ Redis Sub Client ready","timestamp":"2026-02-04T22:02:40.271Z"}
{"level":"info","message":"✅ MongoDB Connected: ac-ycssmpd-shard-00-01.tvw48ir.mongodb.net","timestamp":"2026-02-04T22:02:42.227Z"}
2026-02-04T22:02:42.594Z [info]: ✅ PresenceService initialized with optimizations
{"level":"info","message":"📊 Database: jwlovers_match","timestamp":"2026-02-04T22:02:42.228Z"}
{"level":"info","message":"🔄 Starting background index creation...","timestamp":"2026-02-04T22:02:42.229Z"}
{"level":"info","message":"✅ MongoDB connected","timestamp":"2026-02-04T22:02:42.295Z"}
{"level":"info","message":"🔄 Initializing Conversation Service Wrapper...","timestamp":"2026-02-04T22:02:42.296Z"}
2026-02-04T22:02:43.054Z [info]: 🔄 Initializing Redis connections...
{"level":"info","message":"✅ Conversation Service Wrapper initialized","timestamp":"2026-02-04T22:02:42.298Z"}
{"level":"info","message":"🔄 Setting up WebSocket...","timestamp":"2026-02-04T22:02:42.306Z"}
{"level":"warn","message":"⚠️ Socket validation schemas not found, using empty schema","timestamp":"2026-02-04T22:02:42.314Z"}
{"level":"info","message":"WebSocket service initialized","timestamp":"2026-02-04T22:02:42.316Z"}
{"level":"info","message":"✅ WebSocket server setup completed","timestamp":"2026-02-04T22:02:42.333Z"}
{"level":"info","message":"✅ WebSocket middleware setup with enhanced auth","timestamp":"2026-02-04T22:02:42.587Z"}
{"level":"info","message":"✅ WebSocket initialized","timestamp":"2026-02-04T22:02:42.588Z"}
{"level":"info","message":"🔄 Initializing PresenceService...","timestamp":"2026-02-04T22:02:42.589Z"}
{"level":"info","message":"✅ PresenceService injected into WebSocketService","timestamp":"2026-02-04T22:02:42.595Z"}
{"level":"info","message":"✅ PresenceService injected into WebSocketService","timestamp":"2026-02-04T22:02:42.595Z"}
{"level":"info","message":"✅ PresenceService initialized","timestamp":"2026-02-04T22:02:42.596Z"}
{"level":"info","message":"🔄 Setting up Controller Bridge...","timestamp":"2026-02-04T22:02:42.597Z"}
{"level":"info","message":"✅ Controller Bridge initialized","timestamp":"2026-02-04T22:02:42.597Z"}
{"level":"info","message":"🔄 Finalizing WebSocket setup...","timestamp":"2026-02-04T22:02:42.598Z"}
{"level":"info","message":"✅ WebSocket event handlers setup","timestamp":"2026-02-04T22:02:42.600Z"}
{"level":"info","message":"✅ WebSocket ready (0 connections)","timestamp":"2026-02-04T22:02:42.600Z"}
{"level":"info","message":"✅ WebSocket setup finalized","timestamp":"2026-02-04T22:02:42.601Z"}
{"level":"info","message":"✅ Services exported to Express app","timestamp":"2026-02-04T22:02:42.601Z"}
{"level":"info","message":"✅ Enhanced global rate limiting enabled","timestamp":"2026-02-04T22:02:42.602Z"}
{"level":"info","message":"📦 Loading application routes...","timestamp":"2026-02-04T22:02:42.603Z"}
{"level":"warn","message":"⚠️ Chat: Function call failed, trying other methods: argument callback is required","timestamp":"2026-02-04T22:02:43.109Z"}
{"level":"debug","message":"✓ Chat: Loaded as direct router export","timestamp":"2026-02-04T22:02:43.110Z"}
{"level":"info","message":"✅ Chat routes mounted at /api/chat (18 endpoints)","timestamp":"2026-02-04T22:02:43.111Z"}
{"level":"warn","message":"⚠️ Auth: Function call failed, trying other methods: argument callback is required","timestamp":"2026-02-04T22:02:43.509Z"}
{"level":"debug","message":"✓ Auth: Loaded as direct router export","timestamp":"2026-02-04T22:02:43.509Z"}
{"level":"info","message":"✅ Auth routes mounted at /api/auth (36 endpoints)","timestamp":"2026-02-04T22:02:43.510Z"}
{"level":"warn","message":"⚠️ User: Function call failed, trying other methods: argument callback is required","timestamp":"2026-02-04T22:02:43.550Z"}
{"level":"debug","message":"✓ User: Loaded as direct router export","timestamp":"2026-02-04T22:02:43.550Z"}
{"level":"info","message":"✅ User routes mounted at /api/users (15 endpoints)","timestamp":"2026-02-04T22:02:43.551Z"}
{"level":"warn","message":"⚠️ Presence: Function call failed, trying other methods: argument callback is required","timestamp":"2026-02-04T22:02:43.593Z"}
{"level":"debug","message":"✓ Presence: Loaded as direct router export","timestamp":"2026-02-04T22:02:43.594Z"}
{"level":"info","message":"✅ Presence routes mounted at /api/presence (20 endpoints)","timestamp":"2026-02-04T22:02:43.595Z"}
{"level":"warn","message":"⚠️ Match: Function call failed, trying other methods: argument callback is required","timestamp":"2026-02-04T22:02:43.617Z"}
{"level":"debug","message":"✓ Match: Loaded as direct router export","timestamp":"2026-02-04T22:02:43.617Z"}
{"level":"info","message":"✅ Match routes mounted at /api/match (2 endpoints)","timestamp":"2026-02-04T22:02:43.618Z"}
{"level":"warn","message":"⚠️ Profile: Function call failed, trying other methods: argument callback is required","timestamp":"2026-02-04T22:02:43.731Z"}
{"level":"debug","message":"✓ Profile: Loaded as direct router export","timestamp":"2026-02-04T22:02:43.732Z"}
{"level":"info","message":"✅ Profile routes mounted at /api/profile (20 endpoints)","timestamp":"2026-02-04T22:02:43.733Z"}
{"level":"warn","message":"⚠️ Admin: Function call failed, trying other methods: argument callback is required","timestamp":"2026-02-04T22:02:43.812Z"}
{"level":"debug","message":"✓ Admin: Loaded as direct router export","timestamp":"2026-02-04T22:02:43.812Z"}
{"level":"info","message":"✅ Admin routes mounted at /api/admin (44 endpoints)","timestamp":"2026-02-04T22:02:43.814Z"}
{"level":"debug","message":"✓ WebSocket Management: Loaded as function with dependencies","timestamp":"2026-02-04T22:02:43.829Z"}
{"level":"info","message":"✅ WebSocket Management routes mounted at /api/websocket (9 endpoints)","timestamp":"2026-02-04T22:02:43.830Z"}
{"level":"debug","message":"✓ Health: Loaded as function with dependencies","timestamp":"2026-02-04T22:02:43.839Z"}
{"level":"info","message":"✅ Health routes mounted at /api/health (1 endpoints)","timestamp":"2026-02-04T22:02:43.840Z"}
{"level":"info","message":"============================================================","timestamp":"2026-02-04T22:02:43.841Z"}
{"level":"info","message":"📊 Route Loading Summary:","timestamp":"2026-02-04T22:02:43.842Z"}
{"level":"info","message":"✅ Successful: 9/9","timestamp":"2026-02-04T22:02:43.843Z"}
{"level":"info","message":"============================================================","timestamp":"2026-02-04T22:02:43.844Z"}
{"level":"info","message":"📊 Routes loaded: 9/9","timestamp":"2026-02-04T22:02:43.846Z"}
{"level":"info","message":"============================================================","timestamp":"2026-02-04T22:02:43.866Z"}
{"level":"info","message":"🚀 Server running on http://0.0.0.0:5000","timestamp":"2026-02-04T22:02:43.866Z"}
{"level":"info","message":"🔗 Health check: http://0.0.0.0:5000/health","timestamp":"2026-02-04T22:02:43.868Z"}
{"level":"info","message":"📊 System status: http://0.0.0.0:5000/api/system/status","timestamp":"2026-02-04T22:02:43.869Z"}
{"level":"info","message":"🔍 Diagnostics: http://0.0.0.0:5000/api/diagnostics/routes","timestamp":"2026-02-04T22:02:43.870Z"}
{"level":"info","message":"📈 Rate limit metrics: http://0.0.0.0:5000/api/rate-limit/metrics","timestamp":"2026-02-04T22:02:43.871Z"}
{"level":"info","message":"🔌 WebSocket Health: http://0.0.0.0:5000/api/websocket/health","timestamp":"2026-02-04T22:02:43.871Z"}
{"level":"info","message":"🔌 WebSocket: ws://0.0.0.0:5000 ✅ Ready (0 connections)","timestamp":"2026-02-04T22:02:43.872Z"}
{"level":"info","message":"📡 Environment: development","timestamp":"2026-02-04T22:02:43.873Z"}
{"level":"info","message":"💾 Memory: 54MB / 80MB","timestamp":"2026-02-04T22:02:43.874Z"}
{"level":"info","message":"🔐 Encryption: AES-256-GCM ✅","timestamp":"2026-02-04T22:02:43.874Z"}
{"level":"info","message":"🔐 E2EE: ✅ Enabled","timestamp":"2026-02-04T22:02:43.876Z"}
{"level":"info","message":"⚡ Redis: ✅ Ready","timestamp":"2026-02-04T22:02:43.877Z"}
{"level":"info","message":"🗄️  MongoDB: ✅ Connected","timestamp":"2026-02-04T22:02:43.878Z"}
{"level":"info","message":"⚡ Rate Limiting: ✅ Enabled","timestamp":"2026-02-04T22:02:43.879Z"}
{"level":"info","message":"🔒 Security Headers: ✅ Enabled","timestamp":"2026-02-04T22:02:43.879Z"}
{"level":"info","message":"🛡️  Content Moderation: ✅ Enabled","timestamp":"2026-02-04T22:02:43.880Z"}
{"level":"info","message":"🔞 Age Verification: ✅ Required","timestamp":"2026-02-04T22:02:43.881Z"}
{"level":"info","message":"🔗 CORS Origins: 3 origins","timestamp":"2026-02-04T22:02:43.882Z"}
{"level":"info","message":"📊 Routes: 9/9 loaded","timestamp":"2026-02-04T22:02:43.882Z"}
{"level":"info","message":"============================================================","timestamp":"2026-02-04T22:02:43.883Z"}
{"level":"info","message":"💡 Development flags:","timestamp":"2026-02-04T22:02:43.884Z"}
{"level":"info","message":"💡 Debug endpoints available:","timestamp":"2026-02-04T22:02:43.885Z"}
{"level":"info","message":"   http://0.0.0.0:5000/api/diagnostics/routes","timestamp":"2026-02-04T22:02:43.886Z"}
{"level":"info","message":"   http://0.0.0.0:5000/api/system/status","timestamp":"2026-02-04T22:02:43.886Z"}
2026-02-04T22:02:43.938Z [info]: ✅ Redis subscription setup successful
2026-02-04T22:02:43.964Z [info]: ✅ Redis Sub Client connected
2026-02-04T22:02:43.969Z [info]: ✅ Redis Pub Client connected
2026-02-04T22:02:43.975Z [info]: ✅ Redis connected for rate limiting
2026-02-04T22:02:43.992Z [info]: RateLimiterService initialized with Redis backend
2026-02-04T22:02:44.012Z [info]: ✅ Redis connection test successful
2026-02-04T22:02:44.018Z [warn]: Safety service not available, continuing without it:
2026-02-04T22:02:44.023Z [info]: MessageService services initialized
{"level":"info","message":"✅ Indexes already exist, skipping creation","timestamp":"2026-02-04T22:02:44.076Z"}
{"level":"debug","message":"📊 WebSocket connections: 0","timestamp":"2026-02-04T22:03:43.859Z"}
{"level":"debug","message":"📊 WebSocket connections: 0","timestamp":"2026-02-04T22:04:43.865Z"}
{"level":"info","message":"✅ Security headers enabled","timestamp":"2026-02-04T22:04:57.696Z"}
2026-02-04T22:04:57.666Z [info]: 📊 Rate limit config loaded for development environment
{"level":"info","message":"✅ Trust proxy configured: 1","timestamp":"2026-02-04T22:04:57.698Z"}
{"level":"info","message":"✅ Compression enabled","timestamp":"2026-02-04T22:04:57.700Z"}
{"level":"info","message":"✅ CORS configured for origins: http://localhost:3000, http://localhost:3001, http://localhost:5173","timestamp":"2026-02-04T22:04:57.704Z"}
{"level":"info","message":"✅ Request logging enabled","timestamp":"2026-02-04T22:04:57.705Z"}
2026-02-04T22:04:57.669Z [info]:    API: 100 requests/15 minutes
{"level":"info","message":"✅ Performance logging enabled","timestamp":"2026-02-04T22:04:57.706Z"}
{"level":"info","message":"============================================================","timestamp":"2026-02-04T22:04:57.708Z"}
{"level":"info","message":"🚀 Starting JWLoversMatch Server","timestamp":"2026-02-04T22:04:57.708Z"}
{"level":"info","message":"📦 Version: 1.0.0","timestamp":"2026-02-04T22:04:57.709Z"}
2026-02-04T22:04:57.670Z [info]:    Auth: 10 requests/1 hours
{"level":"info","message":"🌐 Environment: development","timestamp":"2026-02-04T22:04:57.709Z"}
2026-02-04T22:04:57.670Z [info]:    Messages: 60 messages/minute
{"level":"info","message":"============================================================","timestamp":"2026-02-04T22:04:57.709Z"}
2026-02-04T22:04:57.671Z [info]:    Registration: 5 registrations/24 hours
{"level":"info","message":"==================================================","timestamp":"2026-02-04T22:04:57.710Z"}
2026-02-04T22:04:57.672Z [info]: 📊 Rate limit config loaded for development environment
{"level":"info","message":"📊 Rate Limiting System","timestamp":"2026-02-04T22:04:57.710Z"}
2026-02-04T22:04:57.672Z [info]:    API: 100 requests/15 minutes
{"level":"info","message":"==================================================","timestamp":"2026-02-04T22:04:57.710Z"}
2026-02-04T22:04:57.673Z [info]:    Auth: 10 requests/1 hours
{"level":"info","message":"✅ Rate limiting ENABLED for development environment","timestamp":"2026-02-04T22:04:57.711Z"}
2026-02-04T22:04:57.673Z [info]:    Messages: 60 messages/minute
{"level":"info","message":"🔧 Storage: Redis with memory fallback","timestamp":"2026-02-04T22:04:57.713Z"}
2026-02-04T22:04:57.674Z [info]:    Registration: 5 registrations/24 hours
{"level":"info","message":"⚡ Circuit Breaker: Disabled","timestamp":"2026-02-04T22:04:57.714Z"}
2026-02-04T22:04:57.675Z [info]: 📊 Rate limit config loaded for development environment
{"level":"info","message":"📈 Limits:","timestamp":"2026-02-04T22:04:57.714Z"}
2026-02-04T22:04:57.676Z [info]:    API: 100 requests/15 minutes
{"level":"info","message":"   - API: 100 requests/15 minutes","timestamp":"2026-02-04T22:04:57.715Z"}
2026-02-04T22:04:57.676Z [info]:    Auth: 10 requests/1 hours
{"level":"info","message":"   - Auth: 10 requests/1 hours","timestamp":"2026-02-04T22:04:57.716Z"}
2026-02-04T22:04:57.677Z [info]:    Messages: 60 messages/minute
{"level":"info","message":"   - Messages: 60 messages/minute","timestamp":"2026-02-04T22:04:57.717Z"}
2026-02-04T22:04:57.677Z [info]:    Registration: 5 registrations/24 hours
{"level":"info","message":"   - Registration: 5 registrations/24 hours","timestamp":"2026-02-04T22:04:57.717Z"}
2026-02-04T22:04:57.678Z [info]: 📊 Rate limit config loaded for development environment
{"level":"info","message":"   - Socket: 120 events/minute","timestamp":"2026-02-04T22:04:57.718Z"}
2026-02-04T22:04:57.678Z [info]:    API: 100 requests/15 minutes
{"level":"info","message":"   - Search: 30 searches/minute","timestamp":"2026-02-04T22:04:57.718Z"}
2026-02-04T22:04:57.679Z [info]:    Auth: 10 requests/1 hours
{"level":"info","message":"   - Upload: 50 uploads/hour","timestamp":"2026-02-04T22:04:57.719Z"}
2026-02-04T22:04:57.680Z [info]:    Messages: 60 messages/minute
{"level":"info","message":"   - Profile Views: 60 views/minute","timestamp":"2026-02-04T22:04:57.719Z"}
2026-02-04T22:04:57.680Z [info]:    Registration: 5 registrations/24 hours
{"level":"info","message":"💡 Development mode: Limits are 10x higher","timestamp":"2026-02-04T22:04:57.720Z"}
2026-02-04T22:04:57.681Z [warn]: Redis not available, using memory store for rate limiting
{"level":"info","message":"💡 Localhost requests are exempt from rate limiting","timestamp":"2026-02-04T22:04:57.720Z"}
{"level":"info","message":"==================================================","timestamp":"2026-02-04T22:04:57.725Z"}
{"level":"info","message":"🔄 Initializing Encryption Service...","timestamp":"2026-02-04T22:04:57.727Z"}
{"level":"info","message":"🔐 Encryption salt: 4fbdf60f...","timestamp":"2026-02-04T22:04:57.728Z"}
{"level":"info","message":"✅ Encryption Service initialized","timestamp":"2026-02-04T22:04:57.881Z"}
{"level":"info","message":"🔄 Initializing Redis...","timestamp":"2026-02-04T22:04:57.884Z"}
{"level":"info","message":"🔄 Initializing Redis connections...","timestamp":"2026-02-04T22:04:57.885Z"}
{"level":"info","message":"✅ Redis Sub Client connected","timestamp":"2026-02-04T22:04:57.926Z"}
{"level":"info","message":"✅ Redis Pub Client connected","timestamp":"2026-02-04T22:04:57.927Z"}
{"level":"info","message":"✅ Redis connection test successful","timestamp":"2026-02-04T22:04:57.939Z"}
{"level":"info","message":"✅ Redis connected: PONG","timestamp":"2026-02-04T22:04:57.940Z"}
{"level":"info","message":"✅ Redis client made globally available","timestamp":"2026-02-04T22:04:57.941Z"}
{"level":"info","message":"🔄 Connecting to MongoDB...","timestamp":"2026-02-04T22:04:57.942Z"}
{"level":"info","message":"✅ MongoDB Connected: ac-ycssmpd-shard-00-02.tvw48ir.mongodb.net","timestamp":"2026-02-04T22:05:00.232Z"}
2026-02-04T22:05:00.414Z [info]: ✅ PresenceService initialized with optimizations
{"level":"info","message":"📊 Database: jwlovers_match","timestamp":"2026-02-04T22:05:00.232Z"}
{"level":"info","message":"🔄 Starting background index creation...","timestamp":"2026-02-04T22:05:00.233Z"}
{"level":"info","message":"✅ MongoDB connected","timestamp":"2026-02-04T22:05:00.257Z"}
{"level":"info","message":"🔄 Initializing Conversation Service Wrapper...","timestamp":"2026-02-04T22:05:00.257Z"}
{"level":"info","message":"✅ Conversation Service Wrapper initialized","timestamp":"2026-02-04T22:05:00.258Z"}
{"level":"info","message":"🔄 Setting up WebSocket...","timestamp":"2026-02-04T22:05:00.259Z"}
{"level":"warn","message":"⚠️ Socket validation schemas not found, using empty schema","timestamp":"2026-02-04T22:05:00.261Z"}
{"level":"info","message":"WebSocket service initialized","timestamp":"2026-02-04T22:05:00.261Z"}
{"level":"info","message":"✅ WebSocket server setup completed","timestamp":"2026-02-04T22:05:00.268Z"}
{"level":"info","message":"✅ WebSocket middleware setup with enhanced auth","timestamp":"2026-02-04T22:05:00.409Z"}
{"level":"info","message":"✅ WebSocket initialized","timestamp":"2026-02-04T22:05:00.409Z"}
{"level":"info","message":"🔄 Initializing PresenceService...","timestamp":"2026-02-04T22:05:00.410Z"}
{"level":"info","message":"✅ PresenceService injected into WebSocketService","timestamp":"2026-02-04T22:05:00.415Z"}
{"level":"info","message":"✅ PresenceService injected into WebSocketService","timestamp":"2026-02-04T22:05:00.415Z"}
{"level":"info","message":"✅ PresenceService initialized","timestamp":"2026-02-04T22:05:00.416Z"}
{"level":"info","message":"🔄 Setting up Controller Bridge...","timestamp":"2026-02-04T22:05:00.416Z"}
{"level":"info","message":"✅ Controller Bridge initialized","timestamp":"2026-02-04T22:05:00.417Z"}
{"level":"info","message":"🔄 Finalizing WebSocket setup...","timestamp":"2026-02-04T22:05:00.417Z"}
{"level":"info","message":"✅ WebSocket event handlers setup","timestamp":"2026-02-04T22:05:00.418Z"}
{"level":"info","message":"✅ WebSocket ready (0 connections)","timestamp":"2026-02-04T22:05:00.419Z"}
{"level":"info","message":"✅ WebSocket setup finalized","timestamp":"2026-02-04T22:05:00.419Z"}
{"level":"info","message":"✅ Services exported to Express app","timestamp":"2026-02-04T22:05:00.419Z"}
{"level":"info","message":"✅ Enhanced global rate limiting enabled","timestamp":"2026-02-04T22:05:00.420Z"}
{"level":"info","message":"📦 Loading application routes...","timestamp":"2026-02-04T22:05:00.421Z"}
{"level":"error","message":"❌ Chat routes failed:","timestamp":"2026-02-04T22:05:00.835Z"}
{"level":"warn","message":"⚠️ Auth: Function call failed, trying other methods: argument callback is required","timestamp":"2026-02-04T22:05:01.171Z"}
{"level":"debug","message":"✓ Auth: Loaded as direct router export","timestamp":"2026-02-04T22:05:01.172Z"}
{"level":"info","message":"✅ Auth routes mounted at /api/auth (36 endpoints)","timestamp":"2026-02-04T22:05:01.173Z"}
{"level":"warn","message":"⚠️ User: Function call failed, trying other methods: argument callback is required","timestamp":"2026-02-04T22:05:01.200Z"}
{"level":"debug","message":"✓ User: Loaded as direct router export","timestamp":"2026-02-04T22:05:01.201Z"}
{"level":"info","message":"✅ User routes mounted at /api/users (15 endpoints)","timestamp":"2026-02-04T22:05:01.202Z"}
{"level":"warn","message":"⚠️ Presence: Function call failed, trying other methods: argument callback is required","timestamp":"2026-02-04T22:05:01.230Z"}
{"level":"debug","message":"✓ Presence: Loaded as direct router export","timestamp":"2026-02-04T22:05:01.231Z"}
{"level":"info","message":"✅ Presence routes mounted at /api/presence (20 endpoints)","timestamp":"2026-02-04T22:05:01.231Z"}
{"level":"warn","message":"⚠️ Match: Function call failed, trying other methods: argument callback is required","timestamp":"2026-02-04T22:05:01.252Z"}
{"level":"debug","message":"✓ Match: Loaded as direct router export","timestamp":"2026-02-04T22:05:01.252Z"}
{"level":"info","message":"✅ Match routes mounted at /api/match (2 endpoints)","timestamp":"2026-02-04T22:05:01.253Z"}
{"level":"warn","message":"⚠️ Profile: Function call failed, trying other methods: argument callback is required","timestamp":"2026-02-04T22:05:01.345Z"}
{"level":"debug","message":"✓ Profile: Loaded as direct router export","timestamp":"2026-02-04T22:05:01.346Z"}
{"level":"info","message":"✅ Profile routes mounted at /api/profile (20 endpoints)","timestamp":"2026-02-04T22:05:01.346Z"}
{"level":"warn","message":"⚠️ Admin: Function call failed, trying other methods: argument callback is required","timestamp":"2026-02-04T22:05:01.394Z"}
{"level":"debug","message":"✓ Admin: Loaded as direct router export","timestamp":"2026-02-04T22:05:01.395Z"}
{"level":"info","message":"✅ Admin routes mounted at /api/admin (44 endpoints)","timestamp":"2026-02-04T22:05:01.395Z"}
{"level":"debug","message":"✓ WebSocket Management: Loaded as function with dependencies","timestamp":"2026-02-04T22:05:01.403Z"}
{"level":"info","message":"✅ WebSocket Management routes mounted at /api/websocket (9 endpoints)","timestamp":"2026-02-04T22:05:01.404Z"}
{"level":"debug","message":"✓ Health: Loaded as function with dependencies","timestamp":"2026-02-04T22:05:01.408Z"}
{"level":"info","message":"✅ Health routes mounted at /api/health (1 endpoints)","timestamp":"2026-02-04T22:05:01.409Z"}
{"level":"info","message":"============================================================","timestamp":"2026-02-04T22:05:01.410Z"}
{"level":"info","message":"📊 Route Loading Summary:","timestamp":"2026-02-04T22:05:01.410Z"}
{"level":"info","message":"✅ Successful: 8/9","timestamp":"2026-02-04T22:05:01.411Z"}
{"level":"warn","message":"❌ Failed: 1/9","timestamp":"2026-02-04T22:05:01.411Z"}
{"level":"warn","message":"   - Chat: /api/chat (routes/chat/chat.routes.js)","timestamp":"2026-02-04T22:05:01.412Z"}
{"level":"info","message":"============================================================","timestamp":"2026-02-04T22:05:01.412Z"}
{"level":"info","message":"📊 Routes loaded: 8/9","timestamp":"2026-02-04T22:05:01.413Z"}
{"level":"info","message":"============================================================","timestamp":"2026-02-04T22:05:01.422Z"}
{"level":"info","message":"🚀 Server running on http://0.0.0.0:5000","timestamp":"2026-02-04T22:05:01.423Z"}
{"level":"info","message":"🔗 Health check: http://0.0.0.0:5000/health","timestamp":"2026-02-04T22:05:01.423Z"}
{"level":"info","message":"📊 System status: http://0.0.0.0:5000/api/system/status","timestamp":"2026-02-04T22:05:01.424Z"}
{"level":"info","message":"🔍 Diagnostics: http://0.0.0.0:5000/api/diagnostics/routes","timestamp":"2026-02-04T22:05:01.424Z"}
{"level":"info","message":"📈 Rate limit metrics: http://0.0.0.0:5000/api/rate-limit/metrics","timestamp":"2026-02-04T22:05:01.424Z"}
{"level":"info","message":"🔌 WebSocket Health: http://0.0.0.0:5000/api/websocket/health","timestamp":"2026-02-04T22:05:01.425Z"}
{"level":"info","message":"🔌 WebSocket: ws://0.0.0.0:5000 ✅ Ready (0 connections)","timestamp":"2026-02-04T22:05:01.425Z"}
{"level":"info","message":"📡 Environment: development","timestamp":"2026-02-04T22:05:01.426Z"}
{"level":"info","message":"💾 Memory: 54MB / 77MB","timestamp":"2026-02-04T22:05:01.426Z"}
{"level":"info","message":"🔐 Encryption: AES-256-GCM ✅","timestamp":"2026-02-04T22:05:01.426Z"}
{"level":"info","message":"🔐 E2EE: ✅ Enabled","timestamp":"2026-02-04T22:05:01.427Z"}
{"level":"info","message":"⚡ Redis: ✅ Ready","timestamp":"2026-02-04T22:05:01.427Z"}
{"level":"info","message":"🗄️  MongoDB: ✅ Connected","timestamp":"2026-02-04T22:05:01.427Z"}
{"level":"info","message":"⚡ Rate Limiting: ✅ Enabled","timestamp":"2026-02-04T22:05:01.428Z"}
{"level":"info","message":"🔒 Security Headers: ✅ Enabled","timestamp":"2026-02-04T22:05:01.428Z"}
{"level":"info","message":"🛡️  Content Moderation: ✅ Enabled","timestamp":"2026-02-04T22:05:01.428Z"}
{"level":"info","message":"🔞 Age Verification: ✅ Required","timestamp":"2026-02-04T22:05:01.429Z"}
{"level":"info","message":"🔗 CORS Origins: 3 origins","timestamp":"2026-02-04T22:05:01.430Z"}
{"level":"info","message":"📊 Routes: 8/9 loaded","timestamp":"2026-02-04T22:05:01.430Z"}
{"level":"info","message":"============================================================","timestamp":"2026-02-04T22:05:01.431Z"}
{"level":"info","message":"💡 Development flags:","timestamp":"2026-02-04T22:05:01.431Z"}
{"level":"info","message":"💡 Debug endpoints available:","timestamp":"2026-02-04T22:05:01.432Z"}
{"level":"info","message":"   http://0.0.0.0:5000/api/diagnostics/routes","timestamp":"2026-02-04T22:05:01.432Z"}
{"level":"info","message":"   http://0.0.0.0:5000/api/system/status","timestamp":"2026-02-04T22:05:01.432Z"}
2026-02-04T22:05:01.460Z [info]: ✅ Redis subscription setup successful
2026-02-04T22:05:01.467Z [info]: ✅ Redis connected for rate limiting
2026-02-04T22:05:01.473Z [info]: RateLimiterService initialized with Redis backend
{"level":"info","message":"✅ Indexes already exist, skipping creation","timestamp":"2026-02-04T22:05:01.617Z"}
{"level":"info","message":"✅ Security headers enabled","timestamp":"2026-02-04T22:05:08.266Z"}
2026-02-04T22:05:08.214Z [info]: 📊 Rate limit config loaded for development environment
{"level":"info","message":"✅ Trust proxy configured: 1","timestamp":"2026-02-04T22:05:08.269Z"}
{"level":"info","message":"✅ Compression enabled","timestamp":"2026-02-04T22:05:08.270Z"}
{"level":"info","message":"✅ CORS configured for origins: http://localhost:3000, http://localhost:3001, http://localhost:5173","timestamp":"2026-02-04T22:05:08.279Z"}
{"level":"info","message":"✅ Request logging enabled","timestamp":"2026-02-04T22:05:08.280Z"}
{"level":"info","message":"✅ Performance logging enabled","timestamp":"2026-02-04T22:05:08.280Z"}
{"level":"info","message":"============================================================","timestamp":"2026-02-04T22:05:08.283Z"}
{"level":"info","message":"🚀 Starting JWLoversMatch Server","timestamp":"2026-02-04T22:05:08.285Z"}
{"level":"info","message":"📦 Version: 1.0.0","timestamp":"2026-02-04T22:05:08.286Z"}
{"level":"info","message":"🌐 Environment: development","timestamp":"2026-02-04T22:05:08.288Z"}
{"level":"info","message":"============================================================","timestamp":"2026-02-04T22:05:08.289Z"}
{"level":"info","message":"==================================================","timestamp":"2026-02-04T22:05:08.290Z"}
{"level":"info","message":"📊 Rate Limiting System","timestamp":"2026-02-04T22:05:08.291Z"}
{"level":"info","message":"==================================================","timestamp":"2026-02-04T22:05:08.293Z"}
2026-02-04T22:05:08.220Z [info]:    API: 100 requests/15 minutes
{"level":"info","message":"✅ Rate limiting ENABLED for development environment","timestamp":"2026-02-04T22:05:08.293Z"}
{"level":"info","message":"🔧 Storage: Redis with memory fallback","timestamp":"2026-02-04T22:05:08.294Z"}
2026-02-04T22:05:08.224Z [info]:    Auth: 10 requests/1 hours
{"level":"info","message":"⚡ Circuit Breaker: Disabled","timestamp":"2026-02-04T22:05:08.295Z"}
2026-02-04T22:05:08.227Z [info]:    Messages: 60 messages/minute
{"level":"info","message":"📈 Limits:","timestamp":"2026-02-04T22:05:08.295Z"}
2026-02-04T22:05:08.229Z [info]:    Registration: 5 registrations/24 hours
{"level":"info","message":"   - API: 100 requests/15 minutes","timestamp":"2026-02-04T22:05:08.296Z"}
2026-02-04T22:05:08.232Z [info]: 📊 Rate limit config loaded for development environment
{"level":"info","message":"   - Auth: 10 requests/1 hours","timestamp":"2026-02-04T22:05:08.296Z"}
{"level":"info","message":"   - Messages: 60 messages/minute","timestamp":"2026-02-04T22:05:08.297Z"}
{"level":"info","message":"   - Registration: 5 registrations/24 hours","timestamp":"2026-02-04T22:05:08.297Z"}
{"level":"info","message":"   - Socket: 120 events/minute","timestamp":"2026-02-04T22:05:08.298Z"}
{"level":"info","message":"   - Search: 30 searches/minute","timestamp":"2026-02-04T22:05:08.298Z"}
{"level":"info","message":"   - Upload: 50 uploads/hour","timestamp":"2026-02-04T22:05:08.298Z"}
2026-02-04T22:05:08.233Z [info]:    API: 100 requests/15 minutes
{"level":"info","message":"   - Profile Views: 60 views/minute","timestamp":"2026-02-04T22:05:08.299Z"}
2026-02-04T22:05:08.236Z [info]:    Auth: 10 requests/1 hours
{"level":"info","message":"💡 Development mode: Limits are 10x higher","timestamp":"2026-02-04T22:05:08.299Z"}
2026-02-04T22:05:08.238Z [info]:    Messages: 60 messages/minute
{"level":"info","message":"💡 Localhost requests are exempt from rate limiting","timestamp":"2026-02-04T22:05:08.299Z"}
2026-02-04T22:05:08.245Z [info]:    Registration: 5 registrations/24 hours
{"level":"info","message":"==================================================","timestamp":"2026-02-04T22:05:08.300Z"}
2026-02-04T22:05:08.246Z [info]: 📊 Rate limit config loaded for development environment
{"level":"info","message":"🔄 Initializing Encryption Service...","timestamp":"2026-02-04T22:05:08.300Z"}
2026-02-04T22:05:08.247Z [info]:    API: 100 requests/15 minutes
{"level":"info","message":"🔐 Encryption salt: 4fbdf60f...","timestamp":"2026-02-04T22:05:08.301Z"}
2026-02-04T22:05:08.247Z [info]:    Auth: 10 requests/1 hours
{"level":"info","message":"✅ Encryption Service initialized","timestamp":"2026-02-04T22:05:08.449Z"}
2026-02-04T22:05:08.248Z [info]:    Messages: 60 messages/minute
{"level":"info","message":"🔄 Initializing Redis...","timestamp":"2026-02-04T22:05:08.454Z"}
2026-02-04T22:05:08.248Z [info]:    Registration: 5 registrations/24 hours
{"level":"info","message":"🔄 Initializing Redis connections...","timestamp":"2026-02-04T22:05:08.455Z"}
2026-02-04T22:05:08.249Z [info]: 📊 Rate limit config loaded for development environment
2026-02-04T22:05:08.249Z [info]:    API: 100 requests/15 minutes
2026-02-04T22:05:08.249Z [info]:    Auth: 10 requests/1 hours
2026-02-04T22:05:08.250Z [info]:    Messages: 60 messages/minute
2026-02-04T22:05:08.250Z [info]:    Registration: 5 registrations/24 hours
2026-02-04T22:05:08.250Z [warn]: Redis not available, using memory store for rate limiting
{"level":"info","message":"✅ Redis Pub Client connected","timestamp":"2026-02-04T22:05:08.500Z"}
{"level":"info","message":"✅ Redis Sub Client connected","timestamp":"2026-02-04T22:05:08.502Z"}
{"level":"info","message":"✅ Redis connection test successful","timestamp":"2026-02-04T22:05:08.516Z"}
{"level":"info","message":"✅ Redis connected: PONG","timestamp":"2026-02-04T22:05:08.518Z"}
{"level":"info","message":"✅ Redis client made globally available","timestamp":"2026-02-04T22:05:08.518Z"}
{"level":"info","message":"🔄 Connecting to MongoDB...","timestamp":"2026-02-04T22:05:08.519Z"}
{"level":"info","message":"✅ Redis Sub Client ready","timestamp":"2026-02-04T22:05:08.545Z"}
{"level":"info","message":"✅ MongoDB Connected: ac-ycssmpd-shard-00-02.tvw48ir.mongodb.net","timestamp":"2026-02-04T22:05:10.532Z"}
2026-02-04T22:05:10.762Z [info]: ✅ PresenceService initialized with optimizations
{"level":"info","message":"📊 Database: jwlovers_match","timestamp":"2026-02-04T22:05:10.532Z"}
{"level":"info","message":"🔄 Starting background index creation...","timestamp":"2026-02-04T22:05:10.533Z"}
{"level":"info","message":"✅ MongoDB connected","timestamp":"2026-02-04T22:05:10.565Z"}
{"level":"info","message":"🔄 Initializing Conversation Service Wrapper...","timestamp":"2026-02-04T22:05:10.566Z"}
{"level":"info","message":"✅ Conversation Service Wrapper initialized","timestamp":"2026-02-04T22:05:10.566Z"}
{"level":"info","message":"🔄 Setting up WebSocket...","timestamp":"2026-02-04T22:05:10.567Z"}
{"level":"warn","message":"⚠️ Socket validation schemas not found, using empty schema","timestamp":"2026-02-04T22:05:10.569Z"}
{"level":"info","message":"WebSocket service initialized","timestamp":"2026-02-04T22:05:10.570Z"}
{"level":"info","message":"✅ WebSocket server setup completed","timestamp":"2026-02-04T22:05:10.576Z"}
{"level":"info","message":"✅ WebSocket middleware setup with enhanced auth","timestamp":"2026-02-04T22:05:10.756Z"}
{"level":"info","message":"✅ WebSocket initialized","timestamp":"2026-02-04T22:05:10.757Z"}
{"level":"info","message":"🔄 Initializing PresenceService...","timestamp":"2026-02-04T22:05:10.757Z"}
{"level":"info","message":"✅ PresenceService injected into WebSocketService","timestamp":"2026-02-04T22:05:10.763Z"}
{"level":"info","message":"✅ PresenceService injected into WebSocketService","timestamp":"2026-02-04T22:05:10.763Z"}
{"level":"info","message":"✅ PresenceService initialized","timestamp":"2026-02-04T22:05:10.763Z"}
{"level":"info","message":"🔄 Setting up Controller Bridge...","timestamp":"2026-02-04T22:05:10.764Z"}
{"level":"info","message":"✅ Controller Bridge initialized","timestamp":"2026-02-04T22:05:10.764Z"}
{"level":"info","message":"🔄 Finalizing WebSocket setup...","timestamp":"2026-02-04T22:05:10.765Z"}
{"level":"info","message":"✅ WebSocket event handlers setup","timestamp":"2026-02-04T22:05:10.766Z"}
{"level":"info","message":"✅ WebSocket ready (0 connections)","timestamp":"2026-02-04T22:05:10.766Z"}
{"level":"info","message":"✅ WebSocket setup finalized","timestamp":"2026-02-04T22:05:10.767Z"}
{"level":"info","message":"✅ Services exported to Express app","timestamp":"2026-02-04T22:05:10.767Z"}
{"level":"info","message":"✅ Enhanced global rate limiting enabled","timestamp":"2026-02-04T22:05:10.768Z"}
{"level":"info","message":"📦 Loading application routes...","timestamp":"2026-02-04T22:05:10.769Z"}
{"level":"error","message":"❌ Chat routes failed:","timestamp":"2026-02-04T22:05:11.070Z"}
{"level":"warn","message":"⚠️ Auth: Function call failed, trying other methods: argument callback is required","timestamp":"2026-02-04T22:05:11.411Z"}
{"level":"debug","message":"✓ Auth: Loaded as direct router export","timestamp":"2026-02-04T22:05:11.411Z"}
{"level":"info","message":"✅ Auth routes mounted at /api/auth (36 endpoints)","timestamp":"2026-02-04T22:05:11.412Z"}
{"level":"warn","message":"⚠️ User: Function call failed, trying other methods: argument callback is required","timestamp":"2026-02-04T22:05:11.437Z"}
{"level":"debug","message":"✓ User: Loaded as direct router export","timestamp":"2026-02-04T22:05:11.437Z"}
{"level":"info","message":"✅ User routes mounted at /api/users (15 endpoints)","timestamp":"2026-02-04T22:05:11.437Z"}
{"level":"warn","message":"⚠️ Presence: Function call failed, trying other methods: argument callback is required","timestamp":"2026-02-04T22:05:11.468Z"}
{"level":"debug","message":"✓ Presence: Loaded as direct router export","timestamp":"2026-02-04T22:05:11.469Z"}
{"level":"info","message":"✅ Presence routes mounted at /api/presence (20 endpoints)","timestamp":"2026-02-04T22:05:11.469Z"}
{"level":"warn","message":"⚠️ Match: Function call failed, trying other methods: argument callback is required","timestamp":"2026-02-04T22:05:11.491Z"}
{"level":"debug","message":"✓ Match: Loaded as direct router export","timestamp":"2026-02-04T22:05:11.493Z"}
{"level":"info","message":"✅ Match routes mounted at /api/match (2 endpoints)","timestamp":"2026-02-04T22:05:11.494Z"}
{"level":"warn","message":"⚠️ Profile: Function call failed, trying other methods: argument callback is required","timestamp":"2026-02-04T22:05:11.602Z"}
{"level":"debug","message":"✓ Profile: Loaded as direct router export","timestamp":"2026-02-04T22:05:11.602Z"}
{"level":"info","message":"✅ Profile routes mounted at /api/profile (20 endpoints)","timestamp":"2026-02-04T22:05:11.603Z"}
{"level":"warn","message":"⚠️ Admin: Function call failed, trying other methods: argument callback is required","timestamp":"2026-02-04T22:05:11.691Z"}
{"level":"debug","message":"✓ Admin: Loaded as direct router export","timestamp":"2026-02-04T22:05:11.691Z"}
{"level":"info","message":"✅ Admin routes mounted at /api/admin (44 endpoints)","timestamp":"2026-02-04T22:05:11.692Z"}
{"level":"debug","message":"✓ WebSocket Management: Loaded as function with dependencies","timestamp":"2026-02-04T22:05:11.700Z"}
{"level":"info","message":"✅ WebSocket Management routes mounted at /api/websocket (9 endpoints)","timestamp":"2026-02-04T22:05:11.700Z"}
{"level":"debug","message":"✓ Health: Loaded as function with dependencies","timestamp":"2026-02-04T22:05:11.706Z"}
{"level":"info","message":"✅ Health routes mounted at /api/health (1 endpoints)","timestamp":"2026-02-04T22:05:11.706Z"}
{"level":"info","message":"============================================================","timestamp":"2026-02-04T22:05:11.707Z"}
{"level":"info","message":"📊 Route Loading Summary:","timestamp":"2026-02-04T22:05:11.708Z"}
{"level":"info","message":"✅ Successful: 8/9","timestamp":"2026-02-04T22:05:11.708Z"}
{"level":"warn","message":"❌ Failed: 1/9","timestamp":"2026-02-04T22:05:11.708Z"}
{"level":"warn","message":"   - Chat: /api/chat (routes/chat/chat.routes.js)","timestamp":"2026-02-04T22:05:11.709Z"}
{"level":"info","message":"============================================================","timestamp":"2026-02-04T22:05:11.709Z"}
{"level":"info","message":"📊 Routes loaded: 8/9","timestamp":"2026-02-04T22:05:11.710Z"}
{"level":"info","message":"============================================================","timestamp":"2026-02-04T22:05:11.719Z"}
{"level":"info","message":"🚀 Server running on http://0.0.0.0:5000","timestamp":"2026-02-04T22:05:11.719Z"}
{"level":"info","message":"🔗 Health check: http://0.0.0.0:5000/health","timestamp":"2026-02-04T22:05:11.719Z"}
{"level":"info","message":"📊 System status: http://0.0.0.0:5000/api/system/status","timestamp":"2026-02-04T22:05:11.720Z"}
{"level":"info","message":"🔍 Diagnostics: http://0.0.0.0:5000/api/diagnostics/routes","timestamp":"2026-02-04T22:05:11.720Z"}
{"level":"info","message":"📈 Rate limit metrics: http://0.0.0.0:5000/api/rate-limit/metrics","timestamp":"2026-02-04T22:05:11.721Z"}
{"level":"info","message":"🔌 WebSocket Health: http://0.0.0.0:5000/api/websocket/health","timestamp":"2026-02-04T22:05:11.723Z"}
{"level":"info","message":"🔌 WebSocket: ws://0.0.0.0:5000 ✅ Ready (0 connections)","timestamp":"2026-02-04T22:05:11.724Z"}
{"level":"info","message":"📡 Environment: development","timestamp":"2026-02-04T22:05:11.724Z"}
{"level":"info","message":"💾 Memory: 56MB / 77MB","timestamp":"2026-02-04T22:05:11.725Z"}
{"level":"info","message":"🔐 Encryption: AES-256-GCM ✅","timestamp":"2026-02-04T22:05:11.725Z"}
{"level":"info","message":"🔐 E2EE: ✅ Enabled","timestamp":"2026-02-04T22:05:11.726Z"}
{"level":"info","message":"⚡ Redis: ✅ Ready","timestamp":"2026-02-04T22:05:11.726Z"}
{"level":"info","message":"🗄️  MongoDB: ✅ Connected","timestamp":"2026-02-04T22:05:11.726Z"}
{"level":"info","message":"⚡ Rate Limiting: ✅ Enabled","timestamp":"2026-02-04T22:05:11.727Z"}
{"level":"info","message":"🔒 Security Headers: ✅ Enabled","timestamp":"2026-02-04T22:05:11.727Z"}
{"level":"info","message":"🛡️  Content Moderation: ✅ Enabled","timestamp":"2026-02-04T22:05:11.728Z"}
{"level":"info","message":"🔞 Age Verification: ✅ Required","timestamp":"2026-02-04T22:05:11.728Z"}
{"level":"info","message":"🔗 CORS Origins: 3 origins","timestamp":"2026-02-04T22:05:11.728Z"}
{"level":"info","message":"📊 Routes: 8/9 loaded","timestamp":"2026-02-04T22:05:11.729Z"}
{"level":"info","message":"============================================================","timestamp":"2026-02-04T22:05:11.729Z"}
{"level":"info","message":"💡 Development flags:","timestamp":"2026-02-04T22:05:11.730Z"}
{"level":"info","message":"💡 Debug endpoints available:","timestamp":"2026-02-04T22:05:11.731Z"}
{"level":"info","message":"   http://0.0.0.0:5000/api/diagnostics/routes","timestamp":"2026-02-04T22:05:11.731Z"}
{"level":"info","message":"   http://0.0.0.0:5000/api/system/status","timestamp":"2026-02-04T22:05:11.732Z"}
2026-02-04T22:05:11.760Z [info]: ✅ Redis subscription setup successful
2026-02-04T22:05:11.778Z [info]: ✅ Redis connected for rate limiting
2026-02-04T22:05:11.787Z [info]: RateLimiterService initialized with Redis backend
{"level":"info","message":"✅ Indexes already exist, skipping creation","timestamp":"2026-02-04T22:05:11.914Z"}
{"level":"info","message":"✅ Security headers enabled","timestamp":"2026-02-04T22:05:34.289Z"}
2026-02-04T22:05:34.265Z [info]: 📊 Rate limit config loaded for development environment
{"level":"info","message":"✅ Trust proxy configured: 1","timestamp":"2026-02-04T22:05:34.291Z"}
{"level":"info","message":"✅ Compression enabled","timestamp":"2026-02-04T22:05:34.292Z"}
{"level":"info","message":"✅ CORS configured for origins: http://localhost:3000, http://localhost:3001, http://localhost:5173","timestamp":"2026-02-04T22:05:34.294Z"}
{"level":"info","message":"✅ Request logging enabled","timestamp":"2026-02-04T22:05:34.295Z"}
{"level":"info","message":"✅ Performance logging enabled","timestamp":"2026-02-04T22:05:34.295Z"}
{"level":"info","message":"============================================================","timestamp":"2026-02-04T22:05:34.297Z"}
{"level":"info","message":"🚀 Starting JWLoversMatch Server","timestamp":"2026-02-04T22:05:34.297Z"}
2026-02-04T22:05:34.268Z [info]:    API: 100 requests/15 minutes
{"level":"info","message":"📦 Version: 1.0.0","timestamp":"2026-02-04T22:05:34.298Z"}
{"level":"info","message":"🌐 Environment: development","timestamp":"2026-02-04T22:05:34.298Z"}
{"level":"info","message":"============================================================","timestamp":"2026-02-04T22:05:34.299Z"}
2026-02-04T22:05:34.269Z [info]:    Auth: 10 requests/1 hours
{"level":"info","message":"==================================================","timestamp":"2026-02-04T22:05:34.299Z"}
{"level":"info","message":"📊 Rate Limiting System","timestamp":"2026-02-04T22:05:34.299Z"}
2026-02-04T22:05:34.270Z [info]:    Messages: 60 messages/minute
{"level":"info","message":"==================================================","timestamp":"2026-02-04T22:05:34.300Z"}
2026-02-04T22:05:34.270Z [info]:    Registration: 5 registrations/24 hours
{"level":"info","message":"✅ Rate limiting ENABLED for development environment","timestamp":"2026-02-04T22:05:34.301Z"}
2026-02-04T22:05:34.271Z [info]: 📊 Rate limit config loaded for development environment
{"level":"info","message":"🔧 Storage: Redis with memory fallback","timestamp":"2026-02-04T22:05:34.302Z"}
2026-02-04T22:05:34.271Z [info]:    API: 100 requests/15 minutes
2026-02-04T22:05:34.272Z [info]:    Auth: 10 requests/1 hours
{"level":"info","message":"⚡ Circuit Breaker: Disabled","timestamp":"2026-02-04T22:05:34.302Z"}
2026-02-04T22:05:34.273Z [info]:    Messages: 60 messages/minute
{"level":"info","message":"📈 Limits:","timestamp":"2026-02-04T22:05:34.302Z"}
2026-02-04T22:05:34.273Z [info]:    Registration: 5 registrations/24 hours
{"level":"info","message":"   - API: 100 requests/15 minutes","timestamp":"2026-02-04T22:05:34.303Z"}
2026-02-04T22:05:34.274Z [info]: 📊 Rate limit config loaded for development environment
{"level":"info","message":"   - Auth: 10 requests/1 hours","timestamp":"2026-02-04T22:05:34.303Z"}
2026-02-04T22:05:34.274Z [info]:    API: 100 requests/15 minutes
{"level":"info","message":"   - Messages: 60 messages/minute","timestamp":"2026-02-04T22:05:34.303Z"}
2026-02-04T22:05:34.275Z [info]:    Auth: 10 requests/1 hours
{"level":"info","message":"   - Registration: 5 registrations/24 hours","timestamp":"2026-02-04T22:05:34.304Z"}
2026-02-04T22:05:34.275Z [info]:    Messages: 60 messages/minute
{"level":"info","message":"   - Socket: 120 events/minute","timestamp":"2026-02-04T22:05:34.304Z"}
2026-02-04T22:05:34.275Z [info]:    Registration: 5 registrations/24 hours
{"level":"info","message":"   - Search: 30 searches/minute","timestamp":"2026-02-04T22:05:34.304Z"}
2026-02-04T22:05:34.276Z [info]: 📊 Rate limit config loaded for development environment
{"level":"info","message":"   - Upload: 50 uploads/hour","timestamp":"2026-02-04T22:05:34.305Z"}
2026-02-04T22:05:34.276Z [info]:    API: 100 requests/15 minutes
{"level":"info","message":"   - Profile Views: 60 views/minute","timestamp":"2026-02-04T22:05:34.305Z"}
2026-02-04T22:05:34.276Z [info]:    Auth: 10 requests/1 hours
{"level":"info","message":"💡 Development mode: Limits are 10x higher","timestamp":"2026-02-04T22:05:34.306Z"}
2026-02-04T22:05:34.276Z [info]:    Messages: 60 messages/minute
{"level":"info","message":"💡 Localhost requests are exempt from rate limiting","timestamp":"2026-02-04T22:05:34.306Z"}
2026-02-04T22:05:34.277Z [info]:    Registration: 5 registrations/24 hours
{"level":"info","message":"==================================================","timestamp":"2026-02-04T22:05:34.306Z"}
2026-02-04T22:05:34.277Z [warn]: Redis not available, using memory store for rate limiting
{"level":"info","message":"🔄 Initializing Encryption Service...","timestamp":"2026-02-04T22:05:34.307Z"}
{"level":"info","message":"🔐 Encryption salt: 4fbdf60f...","timestamp":"2026-02-04T22:05:34.307Z"}
{"level":"info","message":"✅ Encryption Service initialized","timestamp":"2026-02-04T22:05:34.454Z"}
{"level":"info","message":"🔄 Initializing Redis...","timestamp":"2026-02-04T22:05:34.456Z"}
{"level":"info","message":"🔄 Initializing Redis connections...","timestamp":"2026-02-04T22:05:34.457Z"}
{"level":"info","message":"✅ Redis Pub Client connected","timestamp":"2026-02-04T22:05:34.500Z"}
{"level":"info","message":"✅ Redis Sub Client connected","timestamp":"2026-02-04T22:05:34.501Z"}
{"level":"info","message":"✅ Redis connection test successful","timestamp":"2026-02-04T22:05:34.510Z"}
{"level":"info","message":"✅ Redis connected: PONG","timestamp":"2026-02-04T22:05:34.512Z"}
{"level":"info","message":"✅ Redis client made globally available","timestamp":"2026-02-04T22:05:34.512Z"}
{"level":"info","message":"🔄 Connecting to MongoDB...","timestamp":"2026-02-04T22:05:34.512Z"}
{"level":"info","message":"✅ Redis Sub Client ready","timestamp":"2026-02-04T22:05:34.536Z"}
{"level":"info","message":"✅ MongoDB Connected: ac-ycssmpd-shard-00-01.tvw48ir.mongodb.net","timestamp":"2026-02-04T22:05:38.779Z"}
2026-02-04T22:05:39.060Z [info]: ✅ PresenceService initialized with optimizations
{"level":"info","message":"📊 Database: jwlovers_match","timestamp":"2026-02-04T22:05:38.780Z"}
{"level":"info","message":"🔄 Starting background index creation...","timestamp":"2026-02-04T22:05:38.780Z"}
{"level":"info","message":"✅ MongoDB connected","timestamp":"2026-02-04T22:05:38.816Z"}
{"level":"info","message":"🔄 Initializing Conversation Service Wrapper...","timestamp":"2026-02-04T22:05:38.817Z"}
{"level":"info","message":"✅ Conversation Service Wrapper initialized","timestamp":"2026-02-04T22:05:38.817Z"}
{"level":"info","message":"🔄 Setting up WebSocket...","timestamp":"2026-02-04T22:05:38.819Z"}
{"level":"warn","message":"⚠️ Socket validation schemas not found, using empty schema","timestamp":"2026-02-04T22:05:38.821Z"}
{"level":"info","message":"WebSocket service initialized","timestamp":"2026-02-04T22:05:38.822Z"}
{"level":"info","message":"✅ WebSocket server setup completed","timestamp":"2026-02-04T22:05:38.828Z"}
{"level":"info","message":"✅ WebSocket middleware setup with enhanced auth","timestamp":"2026-02-04T22:05:39.051Z"}
{"level":"info","message":"✅ WebSocket initialized","timestamp":"2026-02-04T22:05:39.052Z"}
{"level":"info","message":"🔄 Initializing PresenceService...","timestamp":"2026-02-04T22:05:39.053Z"}
{"level":"info","message":"✅ PresenceService injected into WebSocketService","timestamp":"2026-02-04T22:05:39.062Z"}
{"level":"info","message":"✅ PresenceService injected into WebSocketService","timestamp":"2026-02-04T22:05:39.063Z"}
{"level":"info","message":"✅ PresenceService initialized","timestamp":"2026-02-04T22:05:39.063Z"}
{"level":"info","message":"🔄 Setting up Controller Bridge...","timestamp":"2026-02-04T22:05:39.064Z"}
{"level":"info","message":"✅ Controller Bridge initialized","timestamp":"2026-02-04T22:05:39.065Z"}
{"level":"info","message":"🔄 Finalizing WebSocket setup...","timestamp":"2026-02-04T22:05:39.067Z"}
{"level":"info","message":"✅ WebSocket event handlers setup","timestamp":"2026-02-04T22:05:39.069Z"}
{"level":"info","message":"✅ WebSocket ready (0 connections)","timestamp":"2026-02-04T22:05:39.070Z"}
{"level":"info","message":"✅ WebSocket setup finalized","timestamp":"2026-02-04T22:05:39.070Z"}
{"level":"info","message":"✅ Services exported to Express app","timestamp":"2026-02-04T22:05:39.071Z"}
{"level":"info","message":"✅ Enhanced global rate limiting enabled","timestamp":"2026-02-04T22:05:39.073Z"}
{"level":"info","message":"📦 Loading application routes...","timestamp":"2026-02-04T22:05:39.077Z"}
{"level":"error","message":"❌ Chat routes failed:","timestamp":"2026-02-04T22:05:39.526Z"}
{"level":"warn","message":"⚠️ Auth: Function call failed, trying other methods: argument callback is required","timestamp":"2026-02-04T22:05:39.865Z"}
{"level":"debug","message":"✓ Auth: Loaded as direct router export","timestamp":"2026-02-04T22:05:39.866Z"}
{"level":"info","message":"✅ Auth routes mounted at /api/auth (36 endpoints)","timestamp":"2026-02-04T22:05:39.867Z"}
{"level":"warn","message":"⚠️ User: Function call failed, trying other methods: argument callback is required","timestamp":"2026-02-04T22:05:39.901Z"}
{"level":"debug","message":"✓ User: Loaded as direct router export","timestamp":"2026-02-04T22:05:39.902Z"}
{"level":"info","message":"✅ User routes mounted at /api/users (15 endpoints)","timestamp":"2026-02-04T22:05:39.902Z"}
{"level":"warn","message":"⚠️ Presence: Function call failed, trying other methods: argument callback is required","timestamp":"2026-02-04T22:05:39.931Z"}
{"level":"debug","message":"✓ Presence: Loaded as direct router export","timestamp":"2026-02-04T22:05:39.931Z"}
{"level":"info","message":"✅ Presence routes mounted at /api/presence (20 endpoints)","timestamp":"2026-02-04T22:05:39.932Z"}
{"level":"warn","message":"⚠️ Match: Function call failed, trying other methods: argument callback is required","timestamp":"2026-02-04T22:05:39.947Z"}
{"level":"debug","message":"✓ Match: Loaded as direct router export","timestamp":"2026-02-04T22:05:39.948Z"}
{"level":"info","message":"✅ Match routes mounted at /api/match (2 endpoints)","timestamp":"2026-02-04T22:05:39.949Z"}
{"level":"warn","message":"⚠️ Profile: Function call failed, trying other methods: argument callback is required","timestamp":"2026-02-04T22:05:40.045Z"}
{"level":"debug","message":"✓ Profile: Loaded as direct router export","timestamp":"2026-02-04T22:05:40.046Z"}
{"level":"info","message":"✅ Profile routes mounted at /api/profile (20 endpoints)","timestamp":"2026-02-04T22:05:40.046Z"}
{"level":"warn","message":"⚠️ Admin: Function call failed, trying other methods: argument callback is required","timestamp":"2026-02-04T22:05:40.078Z"}
{"level":"debug","message":"✓ Admin: Loaded as direct router export","timestamp":"2026-02-04T22:05:40.079Z"}
{"level":"info","message":"✅ Admin routes mounted at /api/admin (44 endpoints)","timestamp":"2026-02-04T22:05:40.079Z"}
{"level":"debug","message":"✓ WebSocket Management: Loaded as function with dependencies","timestamp":"2026-02-04T22:05:40.087Z"}
{"level":"info","message":"✅ WebSocket Management routes mounted at /api/websocket (9 endpoints)","timestamp":"2026-02-04T22:05:40.087Z"}
{"level":"debug","message":"✓ Health: Loaded as function with dependencies","timestamp":"2026-02-04T22:05:40.094Z"}
{"level":"info","message":"✅ Health routes mounted at /api/health (1 endpoints)","timestamp":"2026-02-04T22:05:40.095Z"}
{"level":"info","message":"============================================================","timestamp":"2026-02-04T22:05:40.095Z"}
{"level":"info","message":"📊 Route Loading Summary:","timestamp":"2026-02-04T22:05:40.096Z"}
{"level":"info","message":"✅ Successful: 8/9","timestamp":"2026-02-04T22:05:40.096Z"}
{"level":"warn","message":"❌ Failed: 1/9","timestamp":"2026-02-04T22:05:40.096Z"}
{"level":"warn","message":"   - Chat: /api/chat (routes/chat/chat.routes.js)","timestamp":"2026-02-04T22:05:40.097Z"}
{"level":"info","message":"============================================================","timestamp":"2026-02-04T22:05:40.097Z"}
{"level":"info","message":"📊 Routes loaded: 8/9","timestamp":"2026-02-04T22:05:40.098Z"}
{"level":"info","message":"============================================================","timestamp":"2026-02-04T22:05:40.111Z"}
{"level":"info","message":"🚀 Server running on http://0.0.0.0:5000","timestamp":"2026-02-04T22:05:40.112Z"}
{"level":"info","message":"🔗 Health check: http://0.0.0.0:5000/health","timestamp":"2026-02-04T22:05:40.112Z"}
{"level":"info","message":"📊 System status: http://0.0.0.0:5000/api/system/status","timestamp":"2026-02-04T22:05:40.113Z"}
{"level":"info","message":"🔍 Diagnostics: http://0.0.0.0:5000/api/diagnostics/routes","timestamp":"2026-02-04T22:05:40.113Z"}
{"level":"info","message":"📈 Rate limit metrics: http://0.0.0.0:5000/api/rate-limit/metrics","timestamp":"2026-02-04T22:05:40.114Z"}
{"level":"info","message":"🔌 WebSocket Health: http://0.0.0.0:5000/api/websocket/health","timestamp":"2026-02-04T22:05:40.115Z"}
{"level":"info","message":"🔌 WebSocket: ws://0.0.0.0:5000 ✅ Ready (0 connections)","timestamp":"2026-02-04T22:05:40.115Z"}
{"level":"info","message":"📡 Environment: development","timestamp":"2026-02-04T22:05:40.116Z"}
{"level":"info","message":"💾 Memory: 56MB / 77MB","timestamp":"2026-02-04T22:05:40.116Z"}
{"level":"info","message":"🔐 Encryption: AES-256-GCM ✅","timestamp":"2026-02-04T22:05:40.117Z"}
{"level":"info","message":"🔐 E2EE: ✅ Enabled","timestamp":"2026-02-04T22:05:40.117Z"}
{"level":"info","message":"⚡ Redis: ✅ Ready","timestamp":"2026-02-04T22:05:40.118Z"}
{"level":"info","message":"🗄️  MongoDB: ✅ Connected","timestamp":"2026-02-04T22:05:40.118Z"}
{"level":"info","message":"⚡ Rate Limiting: ✅ Enabled","timestamp":"2026-02-04T22:05:40.119Z"}
{"level":"info","message":"🔒 Security Headers: ✅ Enabled","timestamp":"2026-02-04T22:05:40.119Z"}
{"level":"info","message":"🛡️  Content Moderation: ✅ Enabled","timestamp":"2026-02-04T22:05:40.119Z"}
{"level":"info","message":"🔞 Age Verification: ✅ Required","timestamp":"2026-02-04T22:05:40.120Z"}
{"level":"info","message":"🔗 CORS Origins: 3 origins","timestamp":"2026-02-04T22:05:40.120Z"}
{"level":"info","message":"📊 Routes: 8/9 loaded","timestamp":"2026-02-04T22:05:40.120Z"}
{"level":"info","message":"============================================================","timestamp":"2026-02-04T22:05:40.121Z"}
{"level":"info","message":"💡 Development flags:","timestamp":"2026-02-04T22:05:40.121Z"}
{"level":"info","message":"💡 Debug endpoints available:","timestamp":"2026-02-04T22:05:40.121Z"}
{"level":"info","message":"   http://0.0.0.0:5000/api/diagnostics/routes","timestamp":"2026-02-04T22:05:40.122Z"}
{"level":"info","message":"   http://0.0.0.0:5000/api/system/status","timestamp":"2026-02-04T22:05:40.122Z"}
2026-02-04T22:05:40.157Z [info]: ✅ Redis subscription setup successful
2026-02-04T22:05:40.175Z [info]: ✅ Redis connected for rate limiting
2026-02-04T22:05:40.186Z [info]: RateLimiterService initialized with Redis backend
{"level":"info","message":"✅ Indexes already exist, skipping creation","timestamp":"2026-02-04T22:05:40.472Z"}
{"level":"info","message":"✅ Security headers enabled","timestamp":"2026-02-04T22:06:06.697Z"}
2026-02-04T22:06:06.670Z [info]: 📊 Rate limit config loaded for development environment
{"level":"info","message":"✅ Trust proxy configured: 1","timestamp":"2026-02-04T22:06:06.698Z"}
{"level":"info","message":"✅ Compression enabled","timestamp":"2026-02-04T22:06:06.699Z"}
{"level":"info","message":"✅ CORS configured for origins: http://localhost:3000, http://localhost:3001, http://localhost:5173","timestamp":"2026-02-04T22:06:06.701Z"}
{"level":"info","message":"✅ Request logging enabled","timestamp":"2026-02-04T22:06:06.702Z"}
{"level":"info","message":"✅ Performance logging enabled","timestamp":"2026-02-04T22:06:06.703Z"}
{"level":"info","message":"============================================================","timestamp":"2026-02-04T22:06:06.705Z"}
{"level":"info","message":"🚀 Starting JWLoversMatch Server","timestamp":"2026-02-04T22:06:06.705Z"}
{"level":"info","message":"📦 Version: 1.0.0","timestamp":"2026-02-04T22:06:06.706Z"}
{"level":"info","message":"🌐 Environment: development","timestamp":"2026-02-04T22:06:06.707Z"}
{"level":"info","message":"============================================================","timestamp":"2026-02-04T22:06:06.707Z"}
{"level":"info","message":"==================================================","timestamp":"2026-02-04T22:06:06.708Z"}
{"level":"info","message":"📊 Rate Limiting System","timestamp":"2026-02-04T22:06:06.708Z"}
{"level":"info","message":"==================================================","timestamp":"2026-02-04T22:06:06.708Z"}
{"level":"info","message":"✅ Rate limiting ENABLED for development environment","timestamp":"2026-02-04T22:06:06.709Z"}
2026-02-04T22:06:06.675Z [info]:    API: 100 requests/15 minutes
{"level":"info","message":"🔧 Storage: Redis with memory fallback","timestamp":"2026-02-04T22:06:06.709Z"}
2026-02-04T22:06:06.676Z [info]:    Auth: 10 requests/1 hours
{"level":"info","message":"⚡ Circuit Breaker: Disabled","timestamp":"2026-02-04T22:06:06.710Z"}
2026-02-04T22:06:06.677Z [info]:    Messages: 60 messages/minute
{"level":"info","message":"📈 Limits:","timestamp":"2026-02-04T22:06:06.710Z"}
{"level":"info","message":"   - API: 100 requests/15 minutes","timestamp":"2026-02-04T22:06:06.710Z"}
2026-02-04T22:06:06.677Z [info]:    Registration: 5 registrations/24 hours
{"level":"info","message":"   - Auth: 10 requests/1 hours","timestamp":"2026-02-04T22:06:06.711Z"}
{"level":"info","message":"   - Messages: 60 messages/minute","timestamp":"2026-02-04T22:06:06.711Z"}
2026-02-04T22:06:06.678Z [info]: 📊 Rate limit config loaded for development environment
{"level":"info","message":"   - Registration: 5 registrations/24 hours","timestamp":"2026-02-04T22:06:06.711Z"}
2026-02-04T22:06:06.679Z [info]:    API: 100 requests/15 minutes
{"level":"info","message":"   - Socket: 120 events/minute","timestamp":"2026-02-04T22:06:06.711Z"}
{"level":"info","message":"   - Search: 30 searches/minute","timestamp":"2026-02-04T22:06:06.712Z"}
2026-02-04T22:06:06.679Z [info]:    Auth: 10 requests/1 hours
{"level":"info","message":"   - Upload: 50 uploads/hour","timestamp":"2026-02-04T22:06:06.712Z"}
{"level":"info","message":"   - Profile Views: 60 views/minute","timestamp":"2026-02-04T22:06:06.712Z"}
{"level":"info","message":"💡 Development mode: Limits are 10x higher","timestamp":"2026-02-04T22:06:06.713Z"}
{"level":"info","message":"💡 Localhost requests are exempt from rate limiting","timestamp":"2026-02-04T22:06:06.713Z"}
2026-02-04T22:06:06.680Z [info]:    Messages: 60 messages/minute
{"level":"info","message":"==================================================","timestamp":"2026-02-04T22:06:06.713Z"}
{"level":"info","message":"🔄 Initializing Encryption Service...","timestamp":"2026-02-04T22:06:06.714Z"}
2026-02-04T22:06:06.681Z [info]:    Registration: 5 registrations/24 hours
{"level":"info","message":"🔐 Encryption salt: 4fbdf60f...","timestamp":"2026-02-04T22:06:06.714Z"}
2026-02-04T22:06:06.682Z [info]: 📊 Rate limit config loaded for development environment
{"level":"info","message":"✅ Encryption Service initialized","timestamp":"2026-02-04T22:06:06.845Z"}
2026-02-04T22:06:06.682Z [info]:    API: 100 requests/15 minutes
{"level":"info","message":"🔄 Initializing Redis...","timestamp":"2026-02-04T22:06:06.848Z"}
{"level":"info","message":"🔄 Initializing Redis connections...","timestamp":"2026-02-04T22:06:06.849Z"}
2026-02-04T22:06:06.683Z [info]:    Auth: 10 requests/1 hours
2026-02-04T22:06:06.683Z [info]:    Messages: 60 messages/minute
2026-02-04T22:06:06.683Z [info]:    Registration: 5 registrations/24 hours
2026-02-04T22:06:06.684Z [info]: 📊 Rate limit config loaded for development environment
2026-02-04T22:06:06.684Z [info]:    API: 100 requests/15 minutes
2026-02-04T22:06:06.684Z [info]:    Auth: 10 requests/1 hours
2026-02-04T22:06:06.685Z [info]:    Messages: 60 messages/minute
2026-02-04T22:06:06.685Z [info]:    Registration: 5 registrations/24 hours
2026-02-04T22:06:06.685Z [warn]: Redis not available, using memory store for rate limiting
{"level":"info","message":"✅ Redis Pub Client connected","timestamp":"2026-02-04T22:06:06.886Z"}
{"level":"info","message":"✅ Redis Sub Client connected","timestamp":"2026-02-04T22:06:06.888Z"}
{"level":"info","message":"✅ Redis connection test successful","timestamp":"2026-02-04T22:06:06.897Z"}
{"level":"info","message":"✅ Redis connected: PONG","timestamp":"2026-02-04T22:06:06.899Z"}
{"level":"info","message":"✅ Redis client made globally available","timestamp":"2026-02-04T22:06:06.899Z"}
{"level":"info","message":"🔄 Connecting to MongoDB...","timestamp":"2026-02-04T22:06:06.900Z"}
{"level":"info","message":"✅ Redis Sub Client ready","timestamp":"2026-02-04T22:06:06.925Z"}
{"level":"info","message":"✅ MongoDB Connected: ac-ycssmpd-shard-00-02.tvw48ir.mongodb.net","timestamp":"2026-02-04T22:06:09.647Z"}
2026-02-04T22:06:09.922Z [info]: ✅ PresenceService initialized with optimizations
{"level":"info","message":"📊 Database: jwlovers_match","timestamp":"2026-02-04T22:06:09.648Z"}
{"level":"info","message":"🔄 Starting background index creation...","timestamp":"2026-02-04T22:06:09.650Z"}
{"level":"info","message":"✅ MongoDB connected","timestamp":"2026-02-04T22:06:09.720Z"}
{"level":"info","message":"🔄 Initializing Conversation Service Wrapper...","timestamp":"2026-02-04T22:06:09.722Z"}
{"level":"info","message":"✅ Conversation Service Wrapper initialized","timestamp":"2026-02-04T22:06:09.723Z"}
{"level":"info","message":"🔄 Setting up WebSocket...","timestamp":"2026-02-04T22:06:09.725Z"}
{"level":"warn","message":"⚠️ Socket validation schemas not found, using empty schema","timestamp":"2026-02-04T22:06:09.728Z"}
{"level":"info","message":"WebSocket service initialized","timestamp":"2026-02-04T22:06:09.729Z"}
{"level":"info","message":"✅ WebSocket server setup completed","timestamp":"2026-02-04T22:06:09.734Z"}
{"level":"info","message":"✅ WebSocket middleware setup with enhanced auth","timestamp":"2026-02-04T22:06:09.914Z"}
{"level":"info","message":"✅ WebSocket initialized","timestamp":"2026-02-04T22:06:09.914Z"}
{"level":"info","message":"🔄 Initializing PresenceService...","timestamp":"2026-02-04T22:06:09.915Z"}
{"level":"info","message":"✅ PresenceService injected into WebSocketService","timestamp":"2026-02-04T22:06:09.922Z"}
{"level":"info","message":"✅ PresenceService injected into WebSocketService","timestamp":"2026-02-04T22:06:09.923Z"}
{"level":"info","message":"✅ PresenceService initialized","timestamp":"2026-02-04T22:06:09.923Z"}
{"level":"info","message":"🔄 Setting up Controller Bridge...","timestamp":"2026-02-04T22:06:09.924Z"}
{"level":"info","message":"✅ Controller Bridge initialized","timestamp":"2026-02-04T22:06:09.925Z"}
{"level":"info","message":"🔄 Finalizing WebSocket setup...","timestamp":"2026-02-04T22:06:09.925Z"}
{"level":"info","message":"✅ WebSocket event handlers setup","timestamp":"2026-02-04T22:06:09.926Z"}
{"level":"info","message":"✅ WebSocket ready (0 connections)","timestamp":"2026-02-04T22:06:09.927Z"}
{"level":"info","message":"✅ WebSocket setup finalized","timestamp":"2026-02-04T22:06:09.927Z"}
{"level":"info","message":"✅ Services exported to Express app","timestamp":"2026-02-04T22:06:09.928Z"}
{"level":"info","message":"✅ Enhanced global rate limiting enabled","timestamp":"2026-02-04T22:06:09.928Z"}
{"level":"info","message":"📦 Loading application routes...","timestamp":"2026-02-04T22:06:09.929Z"}
{"level":"error","message":"❌ Chat routes failed:","timestamp":"2026-02-04T22:06:10.235Z"}
{"level":"warn","message":"⚠️ Auth: Function call failed, trying other methods: argument callback is required","timestamp":"2026-02-04T22:06:10.614Z"}
{"level":"debug","message":"✓ Auth: Loaded as direct router export","timestamp":"2026-02-04T22:06:10.615Z"}
{"level":"info","message":"✅ Auth routes mounted at /api/auth (36 endpoints)","timestamp":"2026-02-04T22:06:10.615Z"}
{"level":"warn","message":"⚠️ User: Function call failed, trying other methods: argument callback is required","timestamp":"2026-02-04T22:06:10.643Z"}
{"level":"debug","message":"✓ User: Loaded as direct router export","timestamp":"2026-02-04T22:06:10.644Z"}
{"level":"info","message":"✅ User routes mounted at /api/users (15 endpoints)","timestamp":"2026-02-04T22:06:10.645Z"}
{"level":"warn","message":"⚠️ Presence: Function call failed, trying other methods: argument callback is required","timestamp":"2026-02-04T22:06:10.670Z"}
{"level":"debug","message":"✓ Presence: Loaded as direct router export","timestamp":"2026-02-04T22:06:10.671Z"}
{"level":"info","message":"✅ Presence routes mounted at /api/presence (20 endpoints)","timestamp":"2026-02-04T22:06:10.671Z"}
{"level":"warn","message":"⚠️ Match: Function call failed, trying other methods: argument callback is required","timestamp":"2026-02-04T22:06:10.688Z"}
{"level":"debug","message":"✓ Match: Loaded as direct router export","timestamp":"2026-02-04T22:06:10.689Z"}
{"level":"info","message":"✅ Match routes mounted at /api/match (2 endpoints)","timestamp":"2026-02-04T22:06:10.689Z"}
{"level":"warn","message":"⚠️ Profile: Function call failed, trying other methods: argument callback is required","timestamp":"2026-02-04T22:06:10.788Z"}
{"level":"debug","message":"✓ Profile: Loaded as direct router export","timestamp":"2026-02-04T22:06:10.789Z"}
{"level":"info","message":"✅ Profile routes mounted at /api/profile (20 endpoints)","timestamp":"2026-02-04T22:06:10.789Z"}
{"level":"warn","message":"⚠️ Admin: Function call failed, trying other methods: argument callback is required","timestamp":"2026-02-04T22:06:10.844Z"}
{"level":"debug","message":"✓ Admin: Loaded as direct router export","timestamp":"2026-02-04T22:06:10.845Z"}
{"level":"info","message":"✅ Admin routes mounted at /api/admin (44 endpoints)","timestamp":"2026-02-04T22:06:10.845Z"}
{"level":"debug","message":"✓ WebSocket Management: Loaded as function with dependencies","timestamp":"2026-02-04T22:06:10.857Z"}
{"level":"info","message":"✅ WebSocket Management routes mounted at /api/websocket (9 endpoints)","timestamp":"2026-02-04T22:06:10.858Z"}
{"level":"debug","message":"✓ Health: Loaded as function with dependencies","timestamp":"2026-02-04T22:06:10.864Z"}
{"level":"info","message":"✅ Health routes mounted at /api/health (1 endpoints)","timestamp":"2026-02-04T22:06:10.865Z"}
{"level":"info","message":"============================================================","timestamp":"2026-02-04T22:06:10.866Z"}
{"level":"info","message":"📊 Route Loading Summary:","timestamp":"2026-02-04T22:06:10.867Z"}
{"level":"info","message":"✅ Successful: 8/9","timestamp":"2026-02-04T22:06:10.867Z"}
{"level":"warn","message":"❌ Failed: 1/9","timestamp":"2026-02-04T22:06:10.868Z"}
{"level":"warn","message":"   - Chat: /api/chat (routes/chat/chat.routes.js)","timestamp":"2026-02-04T22:06:10.869Z"}
{"level":"info","message":"============================================================","timestamp":"2026-02-04T22:06:10.869Z"}
{"level":"info","message":"📊 Routes loaded: 8/9","timestamp":"2026-02-04T22:06:10.871Z"}
{"level":"info","message":"============================================================","timestamp":"2026-02-04T22:06:10.886Z"}
{"level":"info","message":"🚀 Server running on http://0.0.0.0:5000","timestamp":"2026-02-04T22:06:10.886Z"}
{"level":"info","message":"🔗 Health check: http://0.0.0.0:5000/health","timestamp":"2026-02-04T22:06:10.887Z"}
{"level":"info","message":"📊 System status: http://0.0.0.0:5000/api/system/status","timestamp":"2026-02-04T22:06:10.888Z"}
{"level":"info","message":"🔍 Diagnostics: http://0.0.0.0:5000/api/diagnostics/routes","timestamp":"2026-02-04T22:06:10.889Z"}
{"level":"info","message":"📈 Rate limit metrics: http://0.0.0.0:5000/api/rate-limit/metrics","timestamp":"2026-02-04T22:06:10.889Z"}
{"level":"info","message":"🔌 WebSocket Health: http://0.0.0.0:5000/api/websocket/health","timestamp":"2026-02-04T22:06:10.890Z"}
{"level":"info","message":"🔌 WebSocket: ws://0.0.0.0:5000 ✅ Ready (0 connections)","timestamp":"2026-02-04T22:06:10.890Z"}
{"level":"info","message":"📡 Environment: development","timestamp":"2026-02-04T22:06:10.891Z"}
{"level":"info","message":"💾 Memory: 56MB / 77MB","timestamp":"2026-02-04T22:06:10.891Z"}
{"level":"info","message":"🔐 Encryption: AES-256-GCM ✅","timestamp":"2026-02-04T22:06:10.892Z"}
{"level":"info","message":"🔐 E2EE: ✅ Enabled","timestamp":"2026-02-04T22:06:10.892Z"}
{"level":"info","message":"⚡ Redis: ✅ Ready","timestamp":"2026-02-04T22:06:10.893Z"}
{"level":"info","message":"🗄️  MongoDB: ✅ Connected","timestamp":"2026-02-04T22:06:10.893Z"}
{"level":"info","message":"⚡ Rate Limiting: ✅ Enabled","timestamp":"2026-02-04T22:06:10.894Z"}
{"level":"info","message":"🔒 Security Headers: ✅ Enabled","timestamp":"2026-02-04T22:06:10.895Z"}
{"level":"info","message":"🛡️  Content Moderation: ✅ Enabled","timestamp":"2026-02-04T22:06:10.895Z"}
{"level":"info","message":"🔞 Age Verification: ✅ Required","timestamp":"2026-02-04T22:06:10.896Z"}
{"level":"info","message":"🔗 CORS Origins: 3 origins","timestamp":"2026-02-04T22:06:10.897Z"}
{"level":"info","message":"📊 Routes: 8/9 loaded","timestamp":"2026-02-04T22:06:10.897Z"}
{"level":"info","message":"============================================================","timestamp":"2026-02-04T22:06:10.898Z"}
{"level":"info","message":"💡 Development flags:","timestamp":"2026-02-04T22:06:10.898Z"}
{"level":"info","message":"💡 Debug endpoints available:","timestamp":"2026-02-04T22:06:10.900Z"}
{"level":"info","message":"   http://0.0.0.0:5000/api/diagnostics/routes","timestamp":"2026-02-04T22:06:10.900Z"}
{"level":"info","message":"   http://0.0.0.0:5000/api/system/status","timestamp":"2026-02-04T22:06:10.901Z"}
2026-02-04T22:06:10.947Z [info]: ✅ Redis subscription setup successful
2026-02-04T22:06:10.969Z [info]: ✅ Redis connected for rate limiting
2026-02-04T22:06:10.979Z [info]: RateLimiterService initialized with Redis backend
{"level":"info","message":"✅ Indexes already exist, skipping creation","timestamp":"2026-02-04T22:06:11.670Z"}
{"level":"debug","message":"📊 WebSocket connections: 0","timestamp":"2026-02-04T22:07:10.875Z"}
{"level":"debug","message":"📊 WebSocket connections: 0","timestamp":"2026-02-04T22:08:10.880Z"}
{"level":"debug","message":"📊 WebSocket connections: 0","timestamp":"2026-02-04T22:09:10.893Z"}
{"ip":"127.0.0.1","level":"debug","message":"[881a71e317686bb9] GET /api/auth/verify-email/c2aa902be2788909b6bdae0494328b2615746a30ba77882b055363faa86522b2","timestamp":"2026-02-04T22:09:43.896Z","userAgent":"Mozilla/5.0 (Windows NT 10.0; Win64; x64) AppleWebKit/537.36 (KHTML, like Gecko) Chrome/144.0.0.0 Safari/537.36"}
2026-02-04T22:09:43.904Z [debug]: Rate limit skipped for whitelisted IP: 127.0.0.1
2026-02-04T22:09:43.913Z [debug]: Rate limit skipped for whitelisted IP: 127.0.0.1
{"contentLength":"154","contentType":"application/json; charset=utf-8","duration":411,"level":"warn","message":"[881a71e317686bb9] GET /verify-email/c2aa902be2788909b6bdae0494328b2615746a30ba77882b055363faa86522b2 400 411ms","status":400,"timestamp":"2026-02-04T22:09:44.306Z"}
2026-02-04T22:09:44.312Z [debug]: Rate limit skipped for whitelisted IP: 127.0.0.1
{"ip":"127.0.0.1","level":"debug","message":"[5f06c2364e5bc2e5] GET /api/auth/verify-email/c2aa902be2788909b6bdae0494328b2615746a30ba77882b055363faa86522b2","timestamp":"2026-02-04T22:09:44.311Z","userAgent":"Mozilla/5.0 (Windows NT 10.0; Win64; x64) AppleWebKit/537.36 (KHTML, like Gecko) Chrome/144.0.0.0 Safari/537.36"}
2026-02-04T22:09:44.314Z [debug]: Rate limit skipped for whitelisted IP: 127.0.0.1
{"contentLength":"154","contentType":"application/json; charset=utf-8","duration":586,"level":"warn","message":"[5f06c2364e5bc2e5] GET /verify-email/c2aa902be2788909b6bdae0494328b2615746a30ba77882b055363faa86522b2 400 586ms","status":400,"timestamp":"2026-02-04T22:09:44.896Z"}
{"ip":"127.0.0.1","level":"debug","message":"[d68ec79bc47bab1e] GET /api/auth/verify-email/9099bd8f02e3fa501b2a65e525651dc1ae9cb0c62a6aa380e7cc5c39e5f185e6","timestamp":"2026-02-04T22:10:08.476Z","userAgent":"Mozilla/5.0 (Windows NT 10.0; Win64; x64) AppleWebKit/537.36 (KHTML, like Gecko) Chrome/144.0.0.0 Safari/537.36"}
2026-02-04T22:10:08.476Z [debug]: Rate limit skipped for whitelisted IP: 127.0.0.1
2026-02-04T22:10:08.477Z [debug]: Rate limit skipped for whitelisted IP: 127.0.0.1
{"contentType":"application/json; charset=utf-8","duration":1870,"level":"info","message":"[d68ec79bc47bab1e] GET /verify-email/9099bd8f02e3fa501b2a65e525651dc1ae9cb0c62a6aa380e7cc5c39e5f185e6 200 1870ms","status":200,"timestamp":"2026-02-04T22:10:10.345Z"}
{"ip":"127.0.0.1","level":"debug","message":"[73f320ee2c93dce3] GET /api/auth/verify-email/9099bd8f02e3fa501b2a65e525651dc1ae9cb0c62a6aa380e7cc5c39e5f185e6","timestamp":"2026-02-04T22:10:10.349Z","userAgent":"Mozilla/5.0 (Windows NT 10.0; Win64; x64) AppleWebKit/537.36 (KHTML, like Gecko) Chrome/144.0.0.0 Safari/537.36"}
2026-02-04T22:10:10.350Z [debug]: Rate limit skipped for whitelisted IP: 127.0.0.1
2026-02-04T22:10:10.352Z [debug]: Rate limit skipped for whitelisted IP: 127.0.0.1
{"contentLength":"154","contentType":"application/json; charset=utf-8","duration":372,"level":"warn","message":"[73f320ee2c93dce3] GET /verify-email/9099bd8f02e3fa501b2a65e525651dc1ae9cb0c62a6aa380e7cc5c39e5f185e6 400 372ms","status":400,"timestamp":"2026-02-04T22:10:10.721Z"}
{"level":"debug","message":"📊 WebSocket connections: 0","timestamp":"2026-02-04T22:10:10.894Z"}
{"contentLength":"59","contentType":"application/json","ip":"127.0.0.1","level":"debug","message":"[a06a3f4f486cdd20] POST /api/auth/login","timestamp":"2026-02-04T22:10:35.305Z","userAgent":"Mozilla/5.0 (Linux; Android 6.0; Nexus 5 Build/MRA58N) AppleWebKit/537.36 (KHTML, like Gecko) Chrome/144.0.0.0 Mobile Safari/537.36"}
2026-02-04T22:10:35.307Z [debug]: Rate limit skipped for whitelisted IP: 127.0.0.1
{"contentType":"application/json; charset=utf-8","duration":1706,"level":"info","message":"[a06a3f4f486cdd20] POST /login 200 1706ms","status":200,"timestamp":"2026-02-04T22:10:37.011Z"}
2026-02-04T22:10:37.598Z [error]: Rate limit check failed: this.redisService.get is not a function
TypeError: this.redisService.get is not a function
    at SocketAuthMiddleware.checkRateLimit (C:\Users\LENOVO\OneDrive\Desktop\JWLovers\server\middleware\socket.auth.js:77:47)
    at SocketAuthMiddleware.authenticateSocket (C:\Users\LENOVO\OneDrive\Desktop\JWLovers\server\middleware\socket.auth.js:149:37)
    at Array.<anonymous> (C:\Users\LENOVO\OneDrive\Desktop\JWLovers\server\services\websocket.service.js:76:23)
    at run (C:\Users\LENOVO\OneDrive\Desktop\JWLovers\server\node_modules\socket.io\dist\namespace.js:133:19)
    at Namespace.run (C:\Users\LENOVO\OneDrive\Desktop\JWLovers\server\node_modules\socket.io\dist\namespace.js:144:9)
    at Namespace._add (C:\Users\LENOVO\OneDrive\Desktop\JWLovers\server\node_modules\socket.io\dist\namespace.js:221:14)
    at processTicksAndRejections (node:internal/process/task_queues:105:5)
{"ip":"127.0.0.1","level":"debug","message":"[5b649561d74414b7] GET /api/presence/online","timestamp":"2026-02-04T22:10:37.660Z","userAgent":"Mozilla/5.0 (Linux; Android 6.0; Nexus 5 Build/MRA58N) AppleWebKit/537.36 (KHTML, like Gecko) Chrome/144.0.0.0 Mobile Safari/537.36"}
2026-02-04T22:10:37.661Z [debug]: Rate limit skipped for whitelisted IP: 127.0.0.1
2026-02-04T22:10:37.662Z [debug]: Rate limit skipped for whitelisted IP: 127.0.0.1
2026-02-04T22:10:37.663Z [debug]: Presence API: GET /online
{
  "requestId": "5b649561d74414b7",
  "ip": "127.0.0.1",
  "userAgent": "Mozilla/5.0 (Linux; Android 6.0; Nexus 5 Build/MRA58N) AppleWebKit/537.36 (KHTML, like Gecko) Chrome/144.0.0.0 Mobile Safari/537.36"
}
2026-02-04T22:10:37.668Z [debug]: Auth request [5dbc89c0]:
{
  "path": "/online",
  "method": "GET",
  "ip": "127.0.0.1",
  "userAgent": "Mozilla/5.0 (Linux; Android 6.0; Nexus 5 Build/MRA58N) AppleWebKit/537.36 (KHTML, like Gecko) Chrome"
}
2026-02-04T22:10:37.670Z [debug]: Token extracted from authorization-header
{
  "source": "authorization-header",
  "tokenPrefix": "eyJhbGciOi...",
  "path": "/online"
}
2026-02-04T22:10:37.790Z [error]: Suspicious activity check failed: this.redisService.get is not a function
TypeError: this.redisService.get is not a function
    at SocketAuthMiddleware.checkSuspiciousActivity (C:\Users\LENOVO\OneDrive\Desktop\JWLovers\server\middleware\socket.auth.js:361:46)
    at SocketAuthMiddleware.setupSocket (C:\Users\LENOVO\OneDrive\Desktop\JWLovers\server\middleware\socket.auth.js:315:10)
    at SocketAuthMiddleware.authenticateSocket (C:\Users\LENOVO\OneDrive\Desktop\JWLovers\server\middleware\socket.auth.js:252:12)
    at processTicksAndRejections (node:internal/process/task_queues:105:5)
{"level":"info","message":"Socket connected: mtEQMTXgaJoVY131AAAB for user: 6983c172801504d18238bcd6 (DatingUser)","timestamp":"2026-02-04T22:10:37.794Z"}
2026-02-04T22:10:37.791Z [info]: Socket authenticated
{
  "socketId": "mtEQMTXgaJoVY131AAAB",
  "userId": "6983c172801504d18238bcd6",
  "userName": "jamesand",
  "userType": "DatingUser",
  "role": "user",
  "ip": "127.0.0.1"
}
2026-02-04T22:10:37.860Z [info]: Authentication successful [5dbc89c0]
{
  "userId": "6983c172801504d18238bcd6",
  "email": "jezeh5959@gmail.com",
  "role": "user",
  "userType": "DatingUser",
  "duration": "192ms",
  "path": "/online",
  "needsRefresh": false
}
2026-02-04T22:10:37.861Z [debug]: Rate limit skipped for whitelisted IP: 127.0.0.1
2026-02-04T22:10:38.310Z [info]: User 6983c172801504d18238bcd6 (DatingUser) came online (socket: mtEQMTXgaJoVY131AAAB)
2026-02-04T22:10:38.543Z [debug]: Presence API Response: GET /online 200 880ms
{
  "requestId": "5b649561d74414b7",
  "statusCode": 200,
  "duration": 880,
  "userId": "6983c172801504d18238bcd6"
}
{"contentLength":"390","contentType":"application/json; charset=utf-8","duration":885,"level":"info","message":"[5b649561d74414b7] GET /online 200 885ms","status":200,"timestamp":"2026-02-04T22:10:38.545Z"}
2026-02-04T22:10:38.544Z [debug]: Presence API Response: GET /online 200 881ms
{
  "requestId": "5b649561d74414b7",
  "statusCode": 200,
  "duration": 881,
  "userId": "6983c172801504d18238bcd6"
}
{"ip":"127.0.0.1","level":"debug","message":"[4ef27f13251e087d] GET /api/presence/online","timestamp":"2026-02-04T22:10:38.547Z","userAgent":"Mozilla/5.0 (Linux; Android 6.0; Nexus 5 Build/MRA58N) AppleWebKit/537.36 (KHTML, like Gecko) Chrome/144.0.0.0 Mobile Safari/537.36"}
2026-02-04T22:10:38.548Z [debug]: Rate limit skipped for whitelisted IP: 127.0.0.1
2026-02-04T22:10:38.549Z [debug]: Rate limit skipped for whitelisted IP: 127.0.0.1
2026-02-04T22:10:38.549Z [debug]: Presence API: GET /online
{
  "requestId": "4ef27f13251e087d",
  "ip": "127.0.0.1",
  "userAgent": "Mozilla/5.0 (Linux; Android 6.0; Nexus 5 Build/MRA58N) AppleWebKit/537.36 (KHTML, like Gecko) Chrome/144.0.0.0 Mobile Safari/537.36"
}
2026-02-04T22:10:38.550Z [debug]: Auth request [f79e6d52]:
{
  "path": "/online",
  "method": "GET",
  "ip": "127.0.0.1",
  "userAgent": "Mozilla/5.0 (Linux; Android 6.0; Nexus 5 Build/MRA58N) AppleWebKit/537.36 (KHTML, like Gecko) Chrome"
}
2026-02-04T22:10:38.550Z [debug]: Token extracted from authorization-header
{
  "source": "authorization-header",
  "tokenPrefix": "eyJhbGciOi...",
  "path": "/online"
}
2026-02-04T22:10:38.748Z [info]: Authentication successful [f79e6d52]
{
  "userId": "6983c172801504d18238bcd6",
  "email": "jezeh5959@gmail.com",
  "role": "user",
  "userType": "DatingUser",
  "duration": "198ms",
  "path": "/online",
  "needsRefresh": false
}
2026-02-04T22:10:38.751Z [debug]: Rate limit skipped for whitelisted IP: 127.0.0.1
2026-02-04T22:10:38.942Z [debug]: Presence API Response: GET /online 200 392ms
{
  "requestId": "4ef27f13251e087d",
  "statusCode": 200,
  "duration": 392,
  "userId": "6983c172801504d18238bcd6"
}
{"contentLength":"390","contentType":"application/json; charset=utf-8","duration":397,"level":"info","message":"[4ef27f13251e087d] GET /online 200 397ms","status":200,"timestamp":"2026-02-04T22:10:38.944Z"}
2026-02-04T22:10:38.942Z [debug]: Presence API Response: GET /online 200 393ms
{
  "requestId": "4ef27f13251e087d",
  "statusCode": 200,
  "duration": 393,
  "userId": "6983c172801504d18238bcd6"
}
2026-02-04T22:11:10.215Z [debug]: Flushed 1 batched presence updates
{"level":"debug","message":"📊 WebSocket connections: 1","timestamp":"2026-02-04T22:11:10.901Z"}
{"level":"debug","message":"💾 Memory: 50MB used","timestamp":"2026-02-04T22:11:10.903Z"}
2026-02-04T22:11:40.211Z [debug]: Flushed 1 batched presence updates
{"level":"warn","message":"Heartbeat timeout for socket mtEQMTXgaJoVY131AAAB, user 6983c172801504d18238bcd6","timestamp":"2026-02-04T22:11:47.803Z"}
{"level":"info","message":"Socket disconnected: mtEQMTXgaJoVY131AAAB for user: 6983c172801504d18238bcd6, reason: server namespace disconnect","timestamp":"2026-02-04T22:11:47.806Z"}
{"contentLength":"0","ip":"127.0.0.1","level":"debug","message":"[7a099cbe6e513f5a] POST /api/auth/logout","timestamp":"2026-02-04T22:11:50.307Z","userAgent":"Mozilla/5.0 (Linux; Android 6.0; Nexus 5 Build/MRA58N) AppleWebKit/537.36 (KHTML, like Gecko) Chrome/144.0.0.0 Mobile Safari/537.36"}
2026-02-04T22:11:50.308Z [debug]: Rate limit skipped for whitelisted IP: 127.0.0.1
2026-02-04T22:11:50.310Z [debug]: Optional auth [6a7281ac]:
{
  "path": "/logout",
  "method": "POST"
}
2026-02-04T22:11:50.310Z [debug]: Token extracted from access-token-cookie
{
  "source": "access-token-cookie",
  "tokenPrefix": "eyJhbGciOi...",
  "path": "/logout"
}
2026-02-04T22:11:50.496Z [debug]: Optional auth: User authenticated [6a7281ac]
{
  "userId": "6983c172801504d18238bcd6",
  "email": "jezeh5959@gmail.com",
  "userType": "DatingUser",
  "path": "/logout"
}
{"contentLength":"175","contentType":"application/json; charset=utf-8","duration":749,"level":"info","message":"[7a099cbe6e513f5a] POST /logout 200 749ms","status":200,"timestamp":"2026-02-04T22:11:51.056Z"}
2026-02-04T22:11:53.240Z [info]: User 6983c172801504d18238bcd6 (DatingUser) went offline
{"level":"debug","message":"📊 WebSocket connections: 0","timestamp":"2026-02-04T22:12:10.914Z"}
{"level":"info","message":"\n🔄 Received SIGINT, shutting down gracefully...","timestamp":"2026-02-04T22:12:47.328Z"}
2026-02-04T22:12:47.334Z [info]: PresenceService cleaned up
