2026-02-21T16:11:17.263Z [error]: Authentication error:
2026-02-21T16:11:17.406Z [error]: Authentication error:
2026-02-21T16:11:17.661Z [error]: Authentication error:
2026-02-21T16:11:24.343Z [error]: Authentication error:
2026-02-21T16:11:24.644Z [error]: Authentication error:
2026-02-21T16:35:42.711Z [error]: Authentication error:
2026-02-21T16:35:42.755Z [error]: Authentication error:
2026-02-21T16:35:45.114Z [error]: Authentication error:
2026-02-21T17:16:02.342Z [error]: Cleanup stale presence error: getaddrinfo ENOTFOUND ac-ycssmpd-shard-00-02.tvw48ir.mongodb.net
MongoServerSelectionError: getaddrinfo ENOTFOUND ac-ycssmpd-shard-00-02.tvw48ir.mongodb.net
    at Topology.selectServer (C:\Users\LENOVO\OneDrive\Desktop\JWLovers\server\node_modules\mongodb\src\sdam\topology.ts:630:30)
    at tryOperation (C:\Users\LENOVO\OneDrive\Desktop\JWLovers\server\node_modules\mongodb\src\operations\execute_operation.ts:206:16)
    at executeOperation (C:\Users\LENOVO\OneDrive\Desktop\JWLovers\server\node_modules\mongodb\src\operations\execute_operation.ts:123:12)
    at FindCursor._initialize (C:\Users\LENOVO\OneDrive\Desktop\JWLovers\server\node_modules\mongodb\src\cursor\find_cursor.ts:92:22)
    at FindCursor.cursorInit (C:\Users\LENOVO\OneDrive\Desktop\JWLovers\server\node_modules\mongodb\src\cursor\abstract_cursor.ts:917:21)
    at FindCursor.fetchBatch (C:\Users\LENOVO\OneDrive\Desktop\JWLovers\server\node_modules\mongodb\src\cursor\abstract_cursor.ts:955:7)
    at FindCursor.next (C:\Users\LENOVO\OneDrive\Desktop\JWLovers\server\node_modules\mongodb\src\cursor\abstract_cursor.ts:573:9)
    at FindCursor.[Symbol.asyncIterator] (C:\Users\LENOVO\OneDrive\Desktop\JWLovers\server\node_modules\mongodb\src\cursor\abstract_cursor.ts:492:26)
    at FindCursor.toArray (C:\Users\LENOVO\OneDrive\Desktop\JWLovers\server\node_modules\mongodb\src\cursor\abstract_cursor.ts:661:22)
    at model.Query._find (C:\Users\LENOVO\OneDrive\Desktop\JWLovers\server\node_modules\mongoose\lib\query.js:2436:14)
{
  "errorLabelSet": {},
  "reason": {
    "type": "ReplicaSetNoPrimary",
    "servers": {
      "ac-ycssmpd-shard-00-02.tvw48ir.mongodb.net:27017": {
        "address": "ac-ycssmpd-shard-00-02.tvw48ir.mongodb.net:27017",
        "type": "Unknown",
        "hosts": [],
        "passives": [],
        "arbiters": [],
        "tags": {},
        "minWireVersion": 0,
        "maxWireVersion": 0,
        "roundTripTime": -1,
        "minRoundTripTime": 0,
        "lastUpdateTime": 180845722,
        "lastWriteDate": 0,
        "error": {
          "errorLabelSet": {},
          "beforeHandshake": false
        },
        "topologyVersion": null,
        "setName": null,
        "setVersion": null,
        "electionId": null,
        "logicalSessionTimeoutMinutes": null,
        "maxMessageSizeBytes": null,
        "maxWriteBatchSize": null,
        "maxBsonObjectSize": null,
        "primary": null,
        "me": null,
        "$clusterTime": null,
        "iscryptd": false
      },
      "ac-ycssmpd-shard-00-00.tvw48ir.mongodb.net:27017": {
        "address": "ac-ycssmpd-shard-00-00.tvw48ir.mongodb.net:27017",
        "type": "Unknown",
        "hosts": [],
        "passives": [],
        "arbiters": [],
        "tags": {},
        "minWireVersion": 0,
        "maxWireVersion": 0,
        "roundTripTime": -1,
        "minRoundTripTime": 0,
        "lastUpdateTime": 180845721,
        "lastWriteDate": 0,
        "error": {
          "errorLabelSet": {},
          "beforeHandshake": false
        },
        "topologyVersion": null,
        "setName": null,
        "setVersion": null,
        "electionId": null,
        "logicalSessionTimeoutMinutes": null,
        "maxMessageSizeBytes": null,
        "maxWriteBatchSize": null,
        "maxBsonObjectSize": null,
        "primary": null,
        "me": null,
        "$clusterTime": null,
        "iscryptd": false
      },
      "ac-ycssmpd-shard-00-01.tvw48ir.mongodb.net:27017": {
        "address": "ac-ycssmpd-shard-00-01.tvw48ir.mongodb.net:27017",
        "type": "Unknown",
        "hosts": [],
        "passives": [],
        "arbiters": [],
        "tags": {},
        "minWireVersion": 0,
        "maxWireVersion": 0,
        "roundTripTime": -1,
        "minRoundTripTime": 0,
        "lastUpdateTime": 180845726,
        "lastWriteDate": 0,
        "error": {
          "errorLabelSet": {},
          "beforeHandshake": false
        },
        "topologyVersion": null,
        "setName": null,
        "setVersion": null,
        "electionId": null,
        "logicalSessionTimeoutMinutes": null,
        "maxMessageSizeBytes": null,
        "maxWriteBatchSize": null,
        "maxBsonObjectSize": null,
        "primary": null,
        "me": null,
        "$clusterTime": null,
        "iscryptd": false
      }
    },
    "stale": false,
    "compatible": true,
    "heartbeatFrequencyMS": 10000,
    "localThresholdMS": 15,
    "setName": "atlas-ldvzrz-shard-0",
    "maxElectionId": {
      "$oid": "7fffffff0000000000000076"
    },
    "maxSetVersion": 34,
    "commonWireVersion": 0,
    "logicalSessionTimeoutMinutes": null
  },
  "cause": {
    "errorLabelSet": {},
    "beforeHandshake": false
  }
}
2026-02-21T17:16:02.531Z [error]: Batch update error for user
2026-02-21T17:16:32.540Z [error]: Batch update error for user
2026-02-21T17:50:25.844Z [error]: Mark user offline error: connection <monitor> to 20.96.187.159:27017 timed out
MongoServerSelectionError: connection <monitor> to 20.96.187.159:27017 timed out
    at Topology.selectServer (C:\Users\LENOVO\OneDrive\Desktop\JWLovers\server\node_modules\mongodb\src\sdam\topology.ts:630:30)
    at runNextTicks (node:internal/process/task_queues:65:5)
    at listOnTimeout (node:internal/timers:549:9)
    at processTimers (node:internal/timers:523:7)
    at tryOperation (C:\Users\LENOVO\OneDrive\Desktop\JWLovers\server\node_modules\mongodb\src\operations\execute_operation.ts:270:16)
    at executeOperation (C:\Users\LENOVO\OneDrive\Desktop\JWLovers\server\node_modules\mongodb\src\operations\execute_operation.ts:123:12)
    at FindCursor._initialize (C:\Users\LENOVO\OneDrive\Desktop\JWLovers\server\node_modules\mongodb\src\cursor\find_cursor.ts:92:22)
    at FindCursor.cursorInit (C:\Users\LENOVO\OneDrive\Desktop\JWLovers\server\node_modules\mongodb\src\cursor\abstract_cursor.ts:917:21)
    at FindCursor.fetchBatch (C:\Users\LENOVO\OneDrive\Desktop\JWLovers\server\node_modules\mongodb\src\cursor\abstract_cursor.ts:955:7)
    at FindCursor.next (C:\Users\LENOVO\OneDrive\Desktop\JWLovers\server\node_modules\mongodb\src\cursor\abstract_cursor.ts:573:9)
{
  "errorLabelSet": {},
  "reason": {
    "type": "ReplicaSetNoPrimary",
    "servers": {
      "ac-ycssmpd-shard-00-02.tvw48ir.mongodb.net:27017": {
        "address": "ac-ycssmpd-shard-00-02.tvw48ir.mongodb.net:27017",
        "type": "RSSecondary",
        "hosts": [
          "ac-ycssmpd-shard-00-00.tvw48ir.mongodb.net:27017",
          "ac-ycssmpd-shard-00-01.tvw48ir.mongodb.net:27017",
          "ac-ycssmpd-shard-00-02.tvw48ir.mongodb.net:27017"
        ],
        "passives": [],
        "arbiters": [],
        "tags": {
          "nodeType": "ELECTABLE",
          "diskState": "READY",
          "region": "US_EAST_2",
          "availabilityZone": "3",
          "provider": "AZURE",
          "workloadType": "OPERATIONAL"
        },
        "minWireVersion": 0,
        "maxWireVersion": 25,
        "roundTripTime": 263.2,
        "minRoundTripTime": 184,
        "lastUpdateTime": 182906646,
        "lastWriteDate": {
          "$date": "2026-02-21T17:50:22Z"
        },
        "error": null,
        "topologyVersion": {
          "processId": {
            "$oid": "698f8adf1919e14221cffd40"
          },
          "counter": 3
        },
        "setName": "atlas-ldvzrz-shard-0",
        "setVersion": 34,
        "electionId": null,
        "logicalSessionTimeoutMinutes": 30,
        "maxMessageSizeBytes": 48000000,
        "maxWriteBatchSize": 100000,
        "maxBsonObjectSize": 16777216,
        "primary": "ac-ycssmpd-shard-00-01.tvw48ir.mongodb.net:27017",
        "me": "ac-ycssmpd-shard-00-02.tvw48ir.mongodb.net:27017",
        "$clusterTime": {
          "clusterTime": {
            "$timestamp": {
              "t": 1771696222,
              "i": 3
            }
          },
          "signature": {
            "hash": {
              "0": 244,
              "1": 219,
              "2": 47,
              "3": 182,
              "4": 44,
              "5": 241,
              "6": 44,
              "7": 207,
              "8": 117,
              "9": 127,
              "10": 128,
              "11": 101,
              "12": 79,
              "13": 58,
              "14": 244,
              "15": 85,
              "16": 95,
              "17": 52,
              "18": 217,
              "19": 2
            },
            "keyId": 7564130753416528000
          }
        },
        "iscryptd": false
      },
      "ac-ycssmpd-shard-00-00.tvw48ir.mongodb.net:27017": {
        "address": "ac-ycssmpd-shard-00-00.tvw48ir.mongodb.net:27017",
        "type": "RSSecondary",
        "hosts": [
          "ac-ycssmpd-shard-00-00.tvw48ir.mongodb.net:27017",
          "ac-ycssmpd-shard-00-01.tvw48ir.mongodb.net:27017",
          "ac-ycssmpd-shard-00-02.tvw48ir.mongodb.net:27017"
        ],
        "passives": [],
        "arbiters": [],
        "tags": {
          "diskState": "READY",
          "nodeType": "ELECTABLE",
          "workloadType": "OPERATIONAL",
          "region": "US_EAST_2",
          "availabilityZone": "1",
          "provider": "AZURE"
        },
        "minWireVersion": 0,
        "maxWireVersion": 25,
        "roundTripTime": 187.3,
        "minRoundTripTime": 187,
        "lastUpdateTime": 182906614,
        "lastWriteDate": {
          "$date": "2026-02-21T17:50:22Z"
        },
        "error": null,
        "topologyVersion": {
          "processId": {
            "$oid": "698f873de44bd3f01729ab0b"
          },
          "counter": 4
        },
        "setName": "atlas-ldvzrz-shard-0",
        "setVersion": 34,
        "electionId": null,
        "logicalSessionTimeoutMinutes": 30,
        "maxMessageSizeBytes": 48000000,
        "maxWriteBatchSize": 100000,
        "maxBsonObjectSize": 16777216,
        "primary": "ac-ycssmpd-shard-00-01.tvw48ir.mongodb.net:27017",
        "me": "ac-ycssmpd-shard-00-00.tvw48ir.mongodb.net:27017",
        "$clusterTime": {
          "clusterTime": {
            "$timestamp": {
              "t": 1771696222,
              "i": 3
            }
          },
          "signature": {
            "hash": {
              "0": 244,
              "1": 219,
              "2": 47,
              "3": 182,
              "4": 44,
              "5": 241,
              "6": 44,
              "7": 207,
              "8": 117,
              "9": 127,
              "10": 128,
              "11": 101,
              "12": 79,
              "13": 58,
              "14": 244,
              "15": 85,
              "16": 95,
              "17": 52,
              "18": 217,
              "19": 2
            },
            "keyId": 7564130753416528000
          }
        },
        "iscryptd": false
      },
      "ac-ycssmpd-shard-00-01.tvw48ir.mongodb.net:27017": {
        "address": "ac-ycssmpd-shard-00-01.tvw48ir.mongodb.net:27017",
        "type": "Unknown",
        "hosts": [],
        "passives": [],
        "arbiters": [],
        "tags": {},
        "minWireVersion": 0,
        "maxWireVersion": 0,
        "roundTripTime": -1,
        "minRoundTripTime": 0,
        "lastUpdateTime": 182904079,
        "lastWriteDate": 0,
        "error": {
          "errorLabelSet": {},
          "beforeHandshake": false
        },
        "topologyVersion": null,
        "setName": null,
        "setVersion": null,
        "electionId": null,
        "logicalSessionTimeoutMinutes": null,
        "maxMessageSizeBytes": null,
        "maxWriteBatchSize": null,
        "maxBsonObjectSize": null,
        "primary": null,
        "me": null,
        "$clusterTime": null,
        "iscryptd": false
      }
    },
    "stale": false,
    "compatible": true,
    "heartbeatFrequencyMS": 10000,
    "localThresholdMS": 15,
    "setName": "atlas-ldvzrz-shard-0",
    "maxElectionId": {
      "$oid": "7fffffff0000000000000076"
    },
    "maxSetVersion": 34,
    "commonWireVersion": 0,
    "logicalSessionTimeoutMinutes": 30
  },
  "cause": {
    "errorLabelSet": {},
    "beforeHandshake": false
  }
}
2026-02-21T17:50:26.475Z [error]: Cleanup stale presence error: connection <monitor> to 20.96.187.159:27017 timed out
MongoServerSelectionError: connection <monitor> to 20.96.187.159:27017 timed out
    at Topology.selectServer (C:\Users\LENOVO\OneDrive\Desktop\JWLovers\server\node_modules\mongodb\src\sdam\topology.ts:630:30)
    at tryOperation (C:\Users\LENOVO\OneDrive\Desktop\JWLovers\server\node_modules\mongodb\src\operations\execute_operation.ts:270:16)
    at executeOperation (C:\Users\LENOVO\OneDrive\Desktop\JWLovers\server\node_modules\mongodb\src\operations\execute_operation.ts:123:12)
    at FindCursor._initialize (C:\Users\LENOVO\OneDrive\Desktop\JWLovers\server\node_modules\mongodb\src\cursor\find_cursor.ts:92:22)
    at FindCursor.cursorInit (C:\Users\LENOVO\OneDrive\Desktop\JWLovers\server\node_modules\mongodb\src\cursor\abstract_cursor.ts:917:21)
    at FindCursor.fetchBatch (C:\Users\LENOVO\OneDrive\Desktop\JWLovers\server\node_modules\mongodb\src\cursor\abstract_cursor.ts:955:7)
    at FindCursor.next (C:\Users\LENOVO\OneDrive\Desktop\JWLovers\server\node_modules\mongodb\src\cursor\abstract_cursor.ts:573:9)
    at FindCursor.[Symbol.asyncIterator] (C:\Users\LENOVO\OneDrive\Desktop\JWLovers\server\node_modules\mongodb\src\cursor\abstract_cursor.ts:492:26)
    at FindCursor.toArray (C:\Users\LENOVO\OneDrive\Desktop\JWLovers\server\node_modules\mongodb\src\cursor\abstract_cursor.ts:661:22)
    at model.Query._find (C:\Users\LENOVO\OneDrive\Desktop\JWLovers\server\node_modules\mongoose\lib\query.js:2436:14)
{
  "errorLabelSet": {},
  "reason": {
    "type": "ReplicaSetNoPrimary",
    "servers": {
      "ac-ycssmpd-shard-00-02.tvw48ir.mongodb.net:27017": {
        "address": "ac-ycssmpd-shard-00-02.tvw48ir.mongodb.net:27017",
        "type": "RSSecondary",
        "hosts": [
          "ac-ycssmpd-shard-00-00.tvw48ir.mongodb.net:27017",
          "ac-ycssmpd-shard-00-01.tvw48ir.mongodb.net:27017",
          "ac-ycssmpd-shard-00-02.tvw48ir.mongodb.net:27017"
        ],
        "passives": [],
        "arbiters": [],
        "tags": {
          "nodeType": "ELECTABLE",
          "diskState": "READY",
          "region": "US_EAST_2",
          "availabilityZone": "3",
          "provider": "AZURE",
          "workloadType": "OPERATIONAL"
        },
        "minWireVersion": 0,
        "maxWireVersion": 25,
        "roundTripTime": 263.2,
        "minRoundTripTime": 184,
        "lastUpdateTime": 182906646,
        "lastWriteDate": {
          "$date": "2026-02-21T17:50:22Z"
        },
        "error": null,
        "topologyVersion": {
          "processId": {
            "$oid": "698f8adf1919e14221cffd40"
          },
          "counter": 3
        },
        "setName": "atlas-ldvzrz-shard-0",
        "setVersion": 34,
        "electionId": null,
        "logicalSessionTimeoutMinutes": 30,
        "maxMessageSizeBytes": 48000000,
        "maxWriteBatchSize": 100000,
        "maxBsonObjectSize": 16777216,
        "primary": "ac-ycssmpd-shard-00-01.tvw48ir.mongodb.net:27017",
        "me": "ac-ycssmpd-shard-00-02.tvw48ir.mongodb.net:27017",
        "$clusterTime": {
          "clusterTime": {
            "$timestamp": {
              "t": 1771696222,
              "i": 3
            }
          },
          "signature": {
            "hash": {
              "0": 244,
              "1": 219,
              "2": 47,
              "3": 182,
              "4": 44,
              "5": 241,
              "6": 44,
              "7": 207,
              "8": 117,
              "9": 127,
              "10": 128,
              "11": 101,
              "12": 79,
              "13": 58,
              "14": 244,
              "15": 85,
              "16": 95,
              "17": 52,
              "18": 217,
              "19": 2
            },
            "keyId": 7564130753416528000
          }
        },
        "iscryptd": false
      },
      "ac-ycssmpd-shard-00-00.tvw48ir.mongodb.net:27017": {
        "address": "ac-ycssmpd-shard-00-00.tvw48ir.mongodb.net:27017",
        "type": "RSSecondary",
        "hosts": [
          "ac-ycssmpd-shard-00-00.tvw48ir.mongodb.net:27017",
          "ac-ycssmpd-shard-00-01.tvw48ir.mongodb.net:27017",
          "ac-ycssmpd-shard-00-02.tvw48ir.mongodb.net:27017"
        ],
        "passives": [],
        "arbiters": [],
        "tags": {
          "diskState": "READY",
          "nodeType": "ELECTABLE",
          "workloadType": "OPERATIONAL",
          "region": "US_EAST_2",
          "availabilityZone": "1",
          "provider": "AZURE"
        },
        "minWireVersion": 0,
        "maxWireVersion": 25,
        "roundTripTime": 187.3,
        "minRoundTripTime": 187,
        "lastUpdateTime": 182906614,
        "lastWriteDate": {
          "$date": "2026-02-21T17:50:22Z"
        },
        "error": null,
        "topologyVersion": {
          "processId": {
            "$oid": "698f873de44bd3f01729ab0b"
          },
          "counter": 4
        },
        "setName": "atlas-ldvzrz-shard-0",
        "setVersion": 34,
        "electionId": null,
        "logicalSessionTimeoutMinutes": 30,
        "maxMessageSizeBytes": 48000000,
        "maxWriteBatchSize": 100000,
        "maxBsonObjectSize": 16777216,
        "primary": "ac-ycssmpd-shard-00-01.tvw48ir.mongodb.net:27017",
        "me": "ac-ycssmpd-shard-00-00.tvw48ir.mongodb.net:27017",
        "$clusterTime": {
          "clusterTime": {
            "$timestamp": {
              "t": 1771696222,
              "i": 3
            }
          },
          "signature": {
            "hash": {
              "0": 244,
              "1": 219,
              "2": 47,
              "3": 182,
              "4": 44,
              "5": 241,
              "6": 44,
              "7": 207,
              "8": 117,
              "9": 127,
              "10": 128,
              "11": 101,
              "12": 79,
              "13": 58,
              "14": 244,
              "15": 85,
              "16": 95,
              "17": 52,
              "18": 217,
              "19": 2
            },
            "keyId": 7564130753416528000
          }
        },
        "iscryptd": false
      },
      "ac-ycssmpd-shard-00-01.tvw48ir.mongodb.net:27017": {
        "address": "ac-ycssmpd-shard-00-01.tvw48ir.mongodb.net:27017",
        "type": "Unknown",
        "hosts": [],
        "passives": [],
        "arbiters": [],
        "tags": {},
        "minWireVersion": 0,
        "maxWireVersion": 0,
        "roundTripTime": -1,
        "minRoundTripTime": 0,
        "lastUpdateTime": 182904079,
        "lastWriteDate": 0,
        "error": {
          "errorLabelSet": {},
          "beforeHandshake": false
        },
        "topologyVersion": null,
        "setName": null,
        "setVersion": null,
        "electionId": null,
        "logicalSessionTimeoutMinutes": null,
        "maxMessageSizeBytes": null,
        "maxWriteBatchSize": null,
        "maxBsonObjectSize": null,
        "primary": null,
        "me": null,
        "$clusterTime": null,
        "iscryptd": false
      }
    },
    "stale": false,
    "compatible": true,
    "heartbeatFrequencyMS": 10000,
    "localThresholdMS": 15,
    "setName": "atlas-ldvzrz-shard-0",
    "maxElectionId": {
      "$oid": "7fffffff0000000000000076"
    },
    "maxSetVersion": 34,
    "commonWireVersion": 0,
    "logicalSessionTimeoutMinutes": 30
  },
  "cause": {
    "errorLabelSet": {},
    "beforeHandshake": false
  }
}
2026-02-21T17:54:07.682Z [error]: Authentication error:
2026-02-21T17:54:07.921Z [error]: Authentication error:
2026-02-21T17:56:18.827Z [error]: Authentication error:
2026-02-21T17:56:18.929Z [error]: Authentication error:
2026-02-21T18:25:53.118Z [error]: Profile controller error:
ValidationError: Profile validation failed: photos.profile.url: Please provide a valid profile picture URL
    at model.Document.invalidate (C:\Users\LENOVO\OneDrive\Desktop\JWLovers\server\node_modules\mongoose\lib\document.js:3377:32)
    at validatePath (C:\Users\LENOVO\OneDrive\Desktop\JWLovers\server\node_modules\mongoose\lib\document.js:3152:13)
    at processTicksAndRejections (node:internal/process/task_queues:105:5)
    at async Promise.all (index 6)
    at model.$__validate (C:\Users\LENOVO\OneDrive\Desktop\JWLovers\server\node_modules\mongoose\lib\document.js:3093:3)
    at model.validate (C:\Users\LENOVO\OneDrive\Desktop\JWLovers\server\node_modules\mongoose\lib\document.js:2670:5)
    at model.validateBeforeSave (C:\Users\LENOVO\OneDrive\Desktop\JWLovers\server\node_modules\mongoose\lib\plugins\validateBeforeSave.js:34:7)
    at Kareem.execPre (C:\Users\LENOVO\OneDrive\Desktop\JWLovers\server\node_modules\kareem\index.js:65:24)
    at model.$__save (C:\Users\LENOVO\OneDrive\Desktop\JWLovers\server\node_modules\mongoose\lib\model.js:369:5)
    at model.save (C:\Users\LENOVO\OneDrive\Desktop\JWLovers\server\node_modules\mongoose\lib\model.js:609:5)
{
  "requestId": "req_1771698351738_aq3eyhlx2",
  "userId": "69906520150b6be44b647bdd",
  "path": "/photos/upload",
  "error": "Profile validation failed: photos.profile.url: Please provide a valid profile picture URL"
}
2026-02-21T18:37:39.774Z [error]: Profile controller error:
ValidationError: Profile validation failed: photos.gallery.0.filename: Path `filename` is required., photos.gallery.1.filename: Path `filename` is required.
    at model.Document.invalidate (C:\Users\LENOVO\OneDrive\Desktop\JWLovers\server\node_modules\mongoose\lib\document.js:3377:32)
    at EmbeddedDocument.Subdocument.invalidate (C:\Users\LENOVO\OneDrive\Desktop\JWLovers\server\node_modules\mongoose\lib\types\subdocument.js:252:12)
    at validatePath (C:\Users\LENOVO\OneDrive\Desktop\JWLovers\server\node_modules\mongoose\lib\document.js:3152:13)
    at processTicksAndRejections (node:internal/process/task_queues:105:5)
    at async Promise.all (index 0)
    at EmbeddedDocument.$__validate (C:\Users\LENOVO\OneDrive\Desktop\JWLovers\server\node_modules\mongoose\lib\document.js:3093:3)
    at async Promise.all (index 0)
    at SchemaDocumentArray.doValidate (C:\Users\LENOVO\OneDrive\Desktop\JWLovers\server\node_modules\mongoose\lib\schema\documentArray.js:270:3)
    at validatePath (C:\Users\LENOVO\OneDrive\Desktop\JWLovers\server\node_modules\mongoose\lib\document.js:3144:7)
    at async Promise.all (index 7)
{
  "requestId": "req_1771699058922_85ika7jat",
  "userId": "698e263442e8c757eb779d8e",
  "path": "/photos/upload",
  "error": "Profile validation failed: photos.gallery.0.filename: Path `filename` is required., photos.gallery.1.filename: Path `filename` is required."
}
2026-02-21T18:54:18.973Z [error]: Authentication error:
2026-02-21T18:54:45.616Z [error]: Profile controller error:
{
  "requestId": "req_1771700083562_3zbia99au",
  "userId": "698e263442e8c757eb779d8e",
  "path": "/photos/upload",
  "error": "Profile validation failed: photos.gallery.0.filename: Path `filename` is required., photos.gallery.1.filename: Path `filename` is required."
}
2026-02-21T21:43:14.604Z [error]: Mark user offline error: connection <monitor> to 20.49.59.176:27017 timed out
MongoServerSelectionError: connection <monitor> to 20.49.59.176:27017 timed out
    at Topology.selectServer (C:\Users\LENOVO\OneDrive\Desktop\JWLovers\server\node_modules\mongodb\src\sdam\topology.ts:630:30)
    at runNextTicks (node:internal/process/task_queues:65:5)
    at listOnTimeout (node:internal/timers:549:9)
    at processTimers (node:internal/timers:523:7)
    at tryOperation (C:\Users\LENOVO\OneDrive\Desktop\JWLovers\server\node_modules\mongodb\src\operations\execute_operation.ts:270:16)
    at executeOperation (C:\Users\LENOVO\OneDrive\Desktop\JWLovers\server\node_modules\mongodb\src\operations\execute_operation.ts:123:12)
    at FindCursor._initialize (C:\Users\LENOVO\OneDrive\Desktop\JWLovers\server\node_modules\mongodb\src\cursor\find_cursor.ts:92:22)
    at FindCursor.cursorInit (C:\Users\LENOVO\OneDrive\Desktop\JWLovers\server\node_modules\mongodb\src\cursor\abstract_cursor.ts:917:21)
    at FindCursor.fetchBatch (C:\Users\LENOVO\OneDrive\Desktop\JWLovers\server\node_modules\mongodb\src\cursor\abstract_cursor.ts:955:7)
    at FindCursor.next (C:\Users\LENOVO\OneDrive\Desktop\JWLovers\server\node_modules\mongodb\src\cursor\abstract_cursor.ts:573:9)
{
  "errorLabelSet": {},
  "reason": {
    "type": "ReplicaSetNoPrimary",
    "servers": {
      "ac-ycssmpd-shard-00-00.tvw48ir.mongodb.net:27017": {
        "address": "ac-ycssmpd-shard-00-00.tvw48ir.mongodb.net:27017",
        "type": "Unknown",
        "hosts": [],
        "passives": [],
        "arbiters": [],
        "tags": {},
        "minWireVersion": 0,
        "maxWireVersion": 0,
        "roundTripTime": -1,
        "minRoundTripTime": 0,
        "lastUpdateTime": 196870865,
        "lastWriteDate": 0,
        "error": {
          "errorLabelSet": {},
          "beforeHandshake": false
        },
        "topologyVersion": null,
        "setName": null,
        "setVersion": null,
        "electionId": null,
        "logicalSessionTimeoutMinutes": null,
        "maxMessageSizeBytes": null,
        "maxWriteBatchSize": null,
        "maxBsonObjectSize": null,
        "primary": null,
        "me": null,
        "$clusterTime": null,
        "iscryptd": false
      },
      "ac-ycssmpd-shard-00-01.tvw48ir.mongodb.net:27017": {
        "address": "ac-ycssmpd-shard-00-01.tvw48ir.mongodb.net:27017",
        "type": "Unknown",
        "hosts": [],
        "passives": [],
        "arbiters": [],
        "tags": {},
        "minWireVersion": 0,
        "maxWireVersion": 0,
        "roundTripTime": -1,
        "minRoundTripTime": 0,
        "lastUpdateTime": 196870187,
        "lastWriteDate": 0,
        "error": {
          "errorLabelSet": {},
          "beforeHandshake": false
        },
        "topologyVersion": null,
        "setName": null,
        "setVersion": null,
        "electionId": null,
        "logicalSessionTimeoutMinutes": null,
        "maxMessageSizeBytes": null,
        "maxWriteBatchSize": null,
        "maxBsonObjectSize": null,
        "primary": null,
        "me": null,
        "$clusterTime": null,
        "iscryptd": false
      },
      "ac-ycssmpd-shard-00-02.tvw48ir.mongodb.net:27017": {
        "address": "ac-ycssmpd-shard-00-02.tvw48ir.mongodb.net:27017",
        "type": "RSSecondary",
        "hosts": [
          "ac-ycssmpd-shard-00-00.tvw48ir.mongodb.net:27017",
          "ac-ycssmpd-shard-00-01.tvw48ir.mongodb.net:27017",
          "ac-ycssmpd-shard-00-02.tvw48ir.mongodb.net:27017"
        ],
        "passives": [],
        "arbiters": [],
        "tags": {
          "diskState": "READY",
          "nodeType": "ELECTABLE",
          "provider": "AZURE",
          "region": "US_EAST_2",
          "workloadType": "OPERATIONAL",
          "availabilityZone": "3"
        },
        "minWireVersion": 0,
        "maxWireVersion": 25,
        "roundTripTime": 242.4,
        "minRoundTripTime": 177,
        "lastUpdateTime": 196875744,
        "lastWriteDate": {
          "$date": "2026-02-21T21:43:12Z"
        },
        "error": null,
        "topologyVersion": {
          "processId": {
            "$oid": "698f8adf1919e14221cffd40"
          },
          "counter": 3
        },
        "setName": "atlas-ldvzrz-shard-0",
        "setVersion": 34,
        "electionId": null,
        "logicalSessionTimeoutMinutes": 30,
        "maxMessageSizeBytes": 48000000,
        "maxWriteBatchSize": 100000,
        "maxBsonObjectSize": 16777216,
        "primary": "ac-ycssmpd-shard-00-01.tvw48ir.mongodb.net:27017",
        "me": "ac-ycssmpd-shard-00-02.tvw48ir.mongodb.net:27017",
        "$clusterTime": {
          "clusterTime": {
            "$timestamp": {
              "t": 1771710192,
              "i": 8
            }
          },
          "signature": {
            "hash": {
              "0": 127,
              "1": 153,
              "2": 120,
              "3": 161,
              "4": 145,
              "5": 168,
              "6": 118,
              "7": 209,
              "8": 161,
              "9": 89,
              "10": 28,
              "11": 74,
              "12": 36,
              "13": 42,
              "14": 25,
              "15": 176,
              "16": 92,
              "17": 186,
              "18": 110,
              "19": 52
            },
            "keyId": 7564130753416528000
          }
        },
        "iscryptd": false
      }
    },
    "stale": false,
    "compatible": true,
    "heartbeatFrequencyMS": 10000,
    "localThresholdMS": 15,
    "setName": "atlas-ldvzrz-shard-0",
    "maxElectionId": {
      "$oid": "7fffffff0000000000000076"
    },
    "maxSetVersion": 34,
    "commonWireVersion": 0,
    "logicalSessionTimeoutMinutes": 30
  },
  "cause": {
    "errorLabelSet": {},
    "beforeHandshake": false
  }
}
2026-02-21T21:43:14.983Z [error]: Cleanup stale presence error: connection <monitor> to 20.49.59.176:27017 timed out
MongoServerSelectionError: connection <monitor> to 20.49.59.176:27017 timed out
    at Topology.selectServer (C:\Users\LENOVO\OneDrive\Desktop\JWLovers\server\node_modules\mongodb\src\sdam\topology.ts:630:30)
    at runNextTicks (node:internal/process/task_queues:65:5)
    at processTimers (node:internal/timers:520:9)
    at tryOperation (C:\Users\LENOVO\OneDrive\Desktop\JWLovers\server\node_modules\mongodb\src\operations\execute_operation.ts:270:16)
    at executeOperation (C:\Users\LENOVO\OneDrive\Desktop\JWLovers\server\node_modules\mongodb\src\operations\execute_operation.ts:123:12)
    at FindCursor._initialize (C:\Users\LENOVO\OneDrive\Desktop\JWLovers\server\node_modules\mongodb\src\cursor\find_cursor.ts:92:22)
    at FindCursor.cursorInit (C:\Users\LENOVO\OneDrive\Desktop\JWLovers\server\node_modules\mongodb\src\cursor\abstract_cursor.ts:917:21)
    at FindCursor.fetchBatch (C:\Users\LENOVO\OneDrive\Desktop\JWLovers\server\node_modules\mongodb\src\cursor\abstract_cursor.ts:955:7)
    at FindCursor.next (C:\Users\LENOVO\OneDrive\Desktop\JWLovers\server\node_modules\mongodb\src\cursor\abstract_cursor.ts:573:9)
    at FindCursor.[Symbol.asyncIterator] (C:\Users\LENOVO\OneDrive\Desktop\JWLovers\server\node_modules\mongodb\src\cursor\abstract_cursor.ts:492:26)
{
  "errorLabelSet": {},
  "reason": {
    "type": "ReplicaSetNoPrimary",
    "servers": {
      "ac-ycssmpd-shard-00-00.tvw48ir.mongodb.net:27017": {
        "address": "ac-ycssmpd-shard-00-00.tvw48ir.mongodb.net:27017",
        "type": "Unknown",
        "hosts": [],
        "passives": [],
        "arbiters": [],
        "tags": {},
        "minWireVersion": 0,
        "maxWireVersion": 0,
        "roundTripTime": -1,
        "minRoundTripTime": 0,
        "lastUpdateTime": 196870865,
        "lastWriteDate": 0,
        "error": {
          "errorLabelSet": {},
          "beforeHandshake": false
        },
        "topologyVersion": null,
        "setName": null,
        "setVersion": null,
        "electionId": null,
        "logicalSessionTimeoutMinutes": null,
        "maxMessageSizeBytes": null,
        "maxWriteBatchSize": null,
        "maxBsonObjectSize": null,
        "primary": null,
        "me": null,
        "$clusterTime": null,
        "iscryptd": false
      },
      "ac-ycssmpd-shard-00-01.tvw48ir.mongodb.net:27017": {
        "address": "ac-ycssmpd-shard-00-01.tvw48ir.mongodb.net:27017",
        "type": "Unknown",
        "hosts": [],
        "passives": [],
        "arbiters": [],
        "tags": {},
        "minWireVersion": 0,
        "maxWireVersion": 0,
        "roundTripTime": -1,
        "minRoundTripTime": 0,
        "lastUpdateTime": 196870187,
        "lastWriteDate": 0,
        "error": {
          "errorLabelSet": {},
          "beforeHandshake": false
        },
        "topologyVersion": null,
        "setName": null,
        "setVersion": null,
        "electionId": null,
        "logicalSessionTimeoutMinutes": null,
        "maxMessageSizeBytes": null,
        "maxWriteBatchSize": null,
        "maxBsonObjectSize": null,
        "primary": null,
        "me": null,
        "$clusterTime": null,
        "iscryptd": false
      },
      "ac-ycssmpd-shard-00-02.tvw48ir.mongodb.net:27017": {
        "address": "ac-ycssmpd-shard-00-02.tvw48ir.mongodb.net:27017",
        "type": "RSSecondary",
        "hosts": [
          "ac-ycssmpd-shard-00-00.tvw48ir.mongodb.net:27017",
          "ac-ycssmpd-shard-00-01.tvw48ir.mongodb.net:27017",
          "ac-ycssmpd-shard-00-02.tvw48ir.mongodb.net:27017"
        ],
        "passives": [],
        "arbiters": [],
        "tags": {
          "diskState": "READY",
          "nodeType": "ELECTABLE",
          "provider": "AZURE",
          "region": "US_EAST_2",
          "workloadType": "OPERATIONAL",
          "availabilityZone": "3"
        },
        "minWireVersion": 0,
        "maxWireVersion": 25,
        "roundTripTime": 242.4,
        "minRoundTripTime": 177,
        "lastUpdateTime": 196875744,
        "lastWriteDate": {
          "$date": "2026-02-21T21:43:12Z"
        },
        "error": null,
        "topologyVersion": {
          "processId": {
            "$oid": "698f8adf1919e14221cffd40"
          },
          "counter": 3
        },
        "setName": "atlas-ldvzrz-shard-0",
        "setVersion": 34,
        "electionId": null,
        "logicalSessionTimeoutMinutes": 30,
        "maxMessageSizeBytes": 48000000,
        "maxWriteBatchSize": 100000,
        "maxBsonObjectSize": 16777216,
        "primary": "ac-ycssmpd-shard-00-01.tvw48ir.mongodb.net:27017",
        "me": "ac-ycssmpd-shard-00-02.tvw48ir.mongodb.net:27017",
        "$clusterTime": {
          "clusterTime": {
            "$timestamp": {
              "t": 1771710192,
              "i": 8
            }
          },
          "signature": {
            "hash": {
              "0": 127,
              "1": 153,
              "2": 120,
              "3": 161,
              "4": 145,
              "5": 168,
              "6": 118,
              "7": 209,
              "8": 161,
              "9": 89,
              "10": 28,
              "11": 74,
              "12": 36,
              "13": 42,
              "14": 25,
              "15": 176,
              "16": 92,
              "17": 186,
              "18": 110,
              "19": 52
            },
            "keyId": 7564130753416528000
          }
        },
        "iscryptd": false
      }
    },
    "stale": false,
    "compatible": true,
    "heartbeatFrequencyMS": 10000,
    "localThresholdMS": 15,
    "setName": "atlas-ldvzrz-shard-0",
    "maxElectionId": {
      "$oid": "7fffffff0000000000000076"
    },
    "maxSetVersion": 34,
    "commonWireVersion": 0,
    "logicalSessionTimeoutMinutes": 30
  },
  "cause": {
    "errorLabelSet": {},
    "beforeHandshake": false
  }
}
2026-02-21T22:55:49.573Z [error]: Authentication error:
2026-02-21T22:55:50.751Z [error]: Authentication error:
2026-02-23T07:55:55.773Z [error]: Cleanup stale presence error: getaddrinfo ENOTFOUND ac-ycssmpd-shard-00-00.tvw48ir.mongodb.net
MongoServerSelectionError: getaddrinfo ENOTFOUND ac-ycssmpd-shard-00-00.tvw48ir.mongodb.net
    at Topology.selectServer (C:\Users\LENOVO\OneDrive\Desktop\JWLovers\server\node_modules\mongodb\src\sdam\topology.ts:630:30)
    at tryOperation (C:\Users\LENOVO\OneDrive\Desktop\JWLovers\server\node_modules\mongodb\src\operations\execute_operation.ts:270:16)
    at executeOperation (C:\Users\LENOVO\OneDrive\Desktop\JWLovers\server\node_modules\mongodb\src\operations\execute_operation.ts:123:12)
    at FindCursor._initialize (C:\Users\LENOVO\OneDrive\Desktop\JWLovers\server\node_modules\mongodb\src\cursor\find_cursor.ts:92:22)
    at FindCursor.cursorInit (C:\Users\LENOVO\OneDrive\Desktop\JWLovers\server\node_modules\mongodb\src\cursor\abstract_cursor.ts:917:21)
    at FindCursor.fetchBatch (C:\Users\LENOVO\OneDrive\Desktop\JWLovers\server\node_modules\mongodb\src\cursor\abstract_cursor.ts:955:7)
    at FindCursor.next (C:\Users\LENOVO\OneDrive\Desktop\JWLovers\server\node_modules\mongodb\src\cursor\abstract_cursor.ts:573:9)
    at FindCursor.[Symbol.asyncIterator] (C:\Users\LENOVO\OneDrive\Desktop\JWLovers\server\node_modules\mongodb\src\cursor\abstract_cursor.ts:492:26)
    at FindCursor.toArray (C:\Users\LENOVO\OneDrive\Desktop\JWLovers\server\node_modules\mongodb\src\cursor\abstract_cursor.ts:661:22)
    at model.Query._find (C:\Users\LENOVO\OneDrive\Desktop\JWLovers\server\node_modules\mongoose\lib\query.js:2436:14)
{
  "errorLabelSet": {},
  "reason": {
    "type": "ReplicaSetNoPrimary",
    "servers": {
      "ac-ycssmpd-shard-00-00.tvw48ir.mongodb.net:27017": {
        "address": "ac-ycssmpd-shard-00-00.tvw48ir.mongodb.net:27017",
        "type": "Unknown",
        "hosts": [],
        "passives": [],
        "arbiters": [],
        "tags": {},
        "minWireVersion": 0,
        "maxWireVersion": 0,
        "roundTripTime": -1,
        "minRoundTripTime": 0,
        "lastUpdateTime": 320043869,
        "lastWriteDate": 0,
        "error": {
          "errorLabelSet": {},
          "beforeHandshake": false
        },
        "topologyVersion": null,
        "setName": null,
        "setVersion": null,
        "electionId": null,
        "logicalSessionTimeoutMinutes": null,
        "maxMessageSizeBytes": null,
        "maxWriteBatchSize": null,
        "maxBsonObjectSize": null,
        "primary": null,
        "me": null,
        "$clusterTime": null,
        "iscryptd": false
      },
      "ac-ycssmpd-shard-00-01.tvw48ir.mongodb.net:27017": {
        "address": "ac-ycssmpd-shard-00-01.tvw48ir.mongodb.net:27017",
        "type": "Unknown",
        "hosts": [],
        "passives": [],
        "arbiters": [],
        "tags": {},
        "minWireVersion": 0,
        "maxWireVersion": 0,
        "roundTripTime": -1,
        "minRoundTripTime": 0,
        "lastUpdateTime": 320043917,
        "lastWriteDate": 0,
        "error": {
          "errorLabelSet": {},
          "beforeHandshake": false
        },
        "topologyVersion": null,
        "setName": null,
        "setVersion": null,
        "electionId": null,
        "logicalSessionTimeoutMinutes": null,
        "maxMessageSizeBytes": null,
        "maxWriteBatchSize": null,
        "maxBsonObjectSize": null,
        "primary": null,
        "me": null,
        "$clusterTime": null,
        "iscryptd": false
      },
      "ac-ycssmpd-shard-00-02.tvw48ir.mongodb.net:27017": {
        "address": "ac-ycssmpd-shard-00-02.tvw48ir.mongodb.net:27017",
        "type": "Unknown",
        "hosts": [],
        "passives": [],
        "arbiters": [],
        "tags": {},
        "minWireVersion": 0,
        "maxWireVersion": 0,
        "roundTripTime": -1,
        "minRoundTripTime": 0,
        "lastUpdateTime": 320042354,
        "lastWriteDate": 0,
        "error": {
          "errorLabelSet": {},
          "beforeHandshake": false
        },
        "topologyVersion": null,
        "setName": null,
        "setVersion": null,
        "electionId": null,
        "logicalSessionTimeoutMinutes": null,
        "maxMessageSizeBytes": null,
        "maxWriteBatchSize": null,
        "maxBsonObjectSize": null,
        "primary": null,
        "me": null,
        "$clusterTime": null,
        "iscryptd": false
      }
    },
    "stale": false,
    "compatible": true,
    "heartbeatFrequencyMS": 10000,
    "localThresholdMS": 15,
    "setName": "atlas-ldvzrz-shard-0",
    "maxElectionId": {
      "$oid": "7fffffff0000000000000076"
    },
    "maxSetVersion": 34,
    "commonWireVersion": 0,
    "logicalSessionTimeoutMinutes": null
  },
  "cause": {
    "errorLabelSet": {},
    "beforeHandshake": false
  }
}
2026-02-23T07:58:43.382Z [error]: Authentication error:
2026-02-23T07:58:43.571Z [error]: Authentication error:
2026-02-23T08:29:11.579Z [error]: Cleanup stale presence error: Socket 'secureConnect' timed out after 10006ms (connectTimeoutMS: 10000)
MongoNetworkTimeoutError: Socket 'secureConnect' timed out after 10006ms (connectTimeoutMS: 10000)
    at TLSSocket.<anonymous> (C:\Users\LENOVO\OneDrive\Desktop\JWLovers\server\node_modules\mongodb\src\cmap\connect.ts:399:11)
    at Object.onceWrapper (node:events:633:28)
    at TLSSocket.emit (node:events:519:28)
    at TLSSocket.Socket._onTimeout (node:net:604:8)
    at listOnTimeout (node:internal/timers:588:17)
    at processTimers (node:internal/timers:523:7)
{
  "errorLabelSet": {},
  "beforeHandshake": false,
  "connectionGeneration": 7
}
2026-02-23T08:29:44.562Z [error]: Authentication error:
2026-02-23T08:29:45.303Z [error]: Authentication error:
2026-02-23T11:08:34.975Z [error]: Batch update error for user
2026-02-23T11:56:38.380Z [error]: Authentication error:
2026-02-23T11:56:39.043Z [error]: Authentication error:
2026-02-23T11:56:40.346Z [error]: Authentication error:
2026-02-23T12:12:26.332Z [error]: Authentication error:
2026-02-23T12:12:27.016Z [error]: Authentication error:
2026-02-23T12:12:51.347Z [error]: Authentication error:
2026-02-23T12:12:51.865Z [error]: Authentication error:
2026-02-23T12:26:48.300Z [error]: Authentication error:
2026-02-23T12:26:48.377Z [error]: Authentication error:
2026-02-23T14:51:06.181Z [error]: Cleanup stale presence error: getaddrinfo ENOTFOUND ac-ycssmpd-shard-00-00.tvw48ir.mongodb.net
MongoServerSelectionError: getaddrinfo ENOTFOUND ac-ycssmpd-shard-00-00.tvw48ir.mongodb.net
    at Topology.selectServer (C:\Users\LENOVO\OneDrive\Desktop\JWLovers\server\node_modules\mongodb\src\sdam\topology.ts:630:30)
    at tryOperation (C:\Users\LENOVO\OneDrive\Desktop\JWLovers\server\node_modules\mongodb\src\operations\execute_operation.ts:206:16)
    at executeOperation (C:\Users\LENOVO\OneDrive\Desktop\JWLovers\server\node_modules\mongodb\src\operations\execute_operation.ts:123:12)
    at FindCursor._initialize (C:\Users\LENOVO\OneDrive\Desktop\JWLovers\server\node_modules\mongodb\src\cursor\find_cursor.ts:92:22)
    at FindCursor.cursorInit (C:\Users\LENOVO\OneDrive\Desktop\JWLovers\server\node_modules\mongodb\src\cursor\abstract_cursor.ts:917:21)
    at FindCursor.fetchBatch (C:\Users\LENOVO\OneDrive\Desktop\JWLovers\server\node_modules\mongodb\src\cursor\abstract_cursor.ts:955:7)
    at FindCursor.next (C:\Users\LENOVO\OneDrive\Desktop\JWLovers\server\node_modules\mongodb\src\cursor\abstract_cursor.ts:573:9)
    at FindCursor.[Symbol.asyncIterator] (C:\Users\LENOVO\OneDrive\Desktop\JWLovers\server\node_modules\mongodb\src\cursor\abstract_cursor.ts:492:26)
    at FindCursor.toArray (C:\Users\LENOVO\OneDrive\Desktop\JWLovers\server\node_modules\mongodb\src\cursor\abstract_cursor.ts:661:22)
    at model.Query._find (C:\Users\LENOVO\OneDrive\Desktop\JWLovers\server\node_modules\mongoose\lib\query.js:2436:14)
{
  "errorLabelSet": {},
  "reason": {
    "type": "ReplicaSetNoPrimary",
    "servers": {
      "ac-ycssmpd-shard-00-00.tvw48ir.mongodb.net:27017": {
        "address": "ac-ycssmpd-shard-00-00.tvw48ir.mongodb.net:27017",
        "type": "Unknown",
        "hosts": [],
        "passives": [],
        "arbiters": [],
        "tags": {},
        "minWireVersion": 0,
        "maxWireVersion": 0,
        "roundTripTime": -1,
        "minRoundTripTime": 0,
        "lastUpdateTime": 344960520,
        "lastWriteDate": 0,
        "error": {
          "errorLabelSet": {},
          "beforeHandshake": false
        },
        "topologyVersion": null,
        "setName": null,
        "setVersion": null,
        "electionId": null,
        "logicalSessionTimeoutMinutes": null,
        "maxMessageSizeBytes": null,
        "maxWriteBatchSize": null,
        "maxBsonObjectSize": null,
        "primary": null,
        "me": null,
        "$clusterTime": null,
        "iscryptd": false
      },
      "ac-ycssmpd-shard-00-01.tvw48ir.mongodb.net:27017": {
        "address": "ac-ycssmpd-shard-00-01.tvw48ir.mongodb.net:27017",
        "type": "Unknown",
        "hosts": [],
        "passives": [],
        "arbiters": [],
        "tags": {},
        "minWireVersion": 0,
        "maxWireVersion": 0,
        "roundTripTime": -1,
        "minRoundTripTime": 0,
        "lastUpdateTime": 344960517,
        "lastWriteDate": 0,
        "error": {
          "errorLabelSet": {},
          "beforeHandshake": false
        },
        "topologyVersion": null,
        "setName": null,
        "setVersion": null,
        "electionId": null,
        "logicalSessionTimeoutMinutes": null,
        "maxMessageSizeBytes": null,
        "maxWriteBatchSize": null,
        "maxBsonObjectSize": null,
        "primary": null,
        "me": null,
        "$clusterTime": null,
        "iscryptd": false
      },
      "ac-ycssmpd-shard-00-02.tvw48ir.mongodb.net:27017": {
        "address": "ac-ycssmpd-shard-00-02.tvw48ir.mongodb.net:27017",
        "type": "Unknown",
        "hosts": [],
        "passives": [],
        "arbiters": [],
        "tags": {},
        "minWireVersion": 0,
        "maxWireVersion": 0,
        "roundTripTime": -1,
        "minRoundTripTime": 0,
        "lastUpdateTime": 344960115,
        "lastWriteDate": 0,
        "error": {
          "errorLabelSet": {},
          "beforeHandshake": false
        },
        "topologyVersion": null,
        "setName": null,
        "setVersion": null,
        "electionId": null,
        "logicalSessionTimeoutMinutes": null,
        "maxMessageSizeBytes": null,
        "maxWriteBatchSize": null,
        "maxBsonObjectSize": null,
        "primary": null,
        "me": null,
        "$clusterTime": null,
        "iscryptd": false
      }
    },
    "stale": false,
    "compatible": true,
    "heartbeatFrequencyMS": 10000,
    "localThresholdMS": 15,
    "setName": "atlas-ldvzrz-shard-0",
    "maxElectionId": {
      "$oid": "7fffffff0000000000000076"
    },
    "maxSetVersion": 34,
    "commonWireVersion": 0,
    "logicalSessionTimeoutMinutes": null
  },
  "cause": {
    "errorLabelSet": {},
    "beforeHandshake": false
  }
}
2026-02-23T15:34:06.434Z [error]: Cleanup stale presence error: connection <monitor> to 20.49.59.176:27017 timed out
MongoServerSelectionError: connection <monitor> to 20.49.59.176:27017 timed out
    at Topology.selectServer (C:\Users\LENOVO\OneDrive\Desktop\JWLovers\server\node_modules\mongodb\src\sdam\topology.ts:630:30)
    at tryOperation (C:\Users\LENOVO\OneDrive\Desktop\JWLovers\server\node_modules\mongodb\src\operations\execute_operation.ts:206:16)
    at executeOperation (C:\Users\LENOVO\OneDrive\Desktop\JWLovers\server\node_modules\mongodb\src\operations\execute_operation.ts:123:12)
    at FindCursor._initialize (C:\Users\LENOVO\OneDrive\Desktop\JWLovers\server\node_modules\mongodb\src\cursor\find_cursor.ts:92:22)
    at FindCursor.cursorInit (C:\Users\LENOVO\OneDrive\Desktop\JWLovers\server\node_modules\mongodb\src\cursor\abstract_cursor.ts:917:21)
    at FindCursor.fetchBatch (C:\Users\LENOVO\OneDrive\Desktop\JWLovers\server\node_modules\mongodb\src\cursor\abstract_cursor.ts:955:7)
    at FindCursor.next (C:\Users\LENOVO\OneDrive\Desktop\JWLovers\server\node_modules\mongodb\src\cursor\abstract_cursor.ts:573:9)
    at FindCursor.[Symbol.asyncIterator] (C:\Users\LENOVO\OneDrive\Desktop\JWLovers\server\node_modules\mongodb\src\cursor\abstract_cursor.ts:492:26)
    at FindCursor.toArray (C:\Users\LENOVO\OneDrive\Desktop\JWLovers\server\node_modules\mongodb\src\cursor\abstract_cursor.ts:661:22)
    at model.Query._find (C:\Users\LENOVO\OneDrive\Desktop\JWLovers\server\node_modules\mongoose\lib\query.js:2436:14)
{
  "errorLabelSet": {},
  "reason": {
    "type": "ReplicaSetNoPrimary",
    "servers": {
      "ac-ycssmpd-shard-00-00.tvw48ir.mongodb.net:27017": {
        "address": "ac-ycssmpd-shard-00-00.tvw48ir.mongodb.net:27017",
        "type": "Unknown",
        "hosts": [],
        "passives": [],
        "arbiters": [],
        "tags": {},
        "minWireVersion": 0,
        "maxWireVersion": 0,
        "roundTripTime": -1,
        "minRoundTripTime": 0,
        "lastUpdateTime": 347527859,
        "lastWriteDate": 0,
        "error": {
          "errorLabelSet": {},
          "beforeHandshake": false
        },
        "topologyVersion": null,
        "setName": null,
        "setVersion": null,
        "electionId": null,
        "logicalSessionTimeoutMinutes": null,
        "maxMessageSizeBytes": null,
        "maxWriteBatchSize": null,
        "maxBsonObjectSize": null,
        "primary": null,
        "me": null,
        "$clusterTime": null,
        "iscryptd": false
      },
      "ac-ycssmpd-shard-00-01.tvw48ir.mongodb.net:27017": {
        "address": "ac-ycssmpd-shard-00-01.tvw48ir.mongodb.net:27017",
        "type": "Unknown",
        "hosts": [],
        "passives": [],
        "arbiters": [],
        "tags": {},
        "minWireVersion": 0,
        "maxWireVersion": 0,
        "roundTripTime": -1,
        "minRoundTripTime": 0,
        "lastUpdateTime": 347527440,
        "lastWriteDate": 0,
        "error": {
          "errorLabelSet": {},
          "beforeHandshake": false
        },
        "topologyVersion": null,
        "setName": null,
        "setVersion": null,
        "electionId": null,
        "logicalSessionTimeoutMinutes": null,
        "maxMessageSizeBytes": null,
        "maxWriteBatchSize": null,
        "maxBsonObjectSize": null,
        "primary": null,
        "me": null,
        "$clusterTime": null,
        "iscryptd": false
      },
      "ac-ycssmpd-shard-00-02.tvw48ir.mongodb.net:27017": {
        "address": "ac-ycssmpd-shard-00-02.tvw48ir.mongodb.net:27017",
        "type": "RSSecondary",
        "hosts": [
          "ac-ycssmpd-shard-00-00.tvw48ir.mongodb.net:27017",
          "ac-ycssmpd-shard-00-01.tvw48ir.mongodb.net:27017",
          "ac-ycssmpd-shard-00-02.tvw48ir.mongodb.net:27017"
        ],
        "passives": [],
        "arbiters": [],
        "tags": {
          "nodeType": "ELECTABLE",
          "region": "US_EAST_2",
          "workloadType": "OPERATIONAL",
          "provider": "AZURE",
          "availabilityZone": "3",
          "diskState": "READY"
        },
        "minWireVersion": 0,
        "maxWireVersion": 25,
        "roundTripTime": 193,
        "minRoundTripTime": 193,
        "lastUpdateTime": 347521302,
        "lastWriteDate": {
          "$date": "2026-02-23T15:33:46Z"
        },
        "error": null,
        "topologyVersion": {
          "processId": {
            "$oid": "698f8adf1919e14221cffd40"
          },
          "counter": 3
        },
        "setName": "atlas-ldvzrz-shard-0",
        "setVersion": 34,
        "electionId": null,
        "logicalSessionTimeoutMinutes": 30,
        "maxMessageSizeBytes": 48000000,
        "maxWriteBatchSize": 100000,
        "maxBsonObjectSize": 16777216,
        "primary": "ac-ycssmpd-shard-00-01.tvw48ir.mongodb.net:27017",
        "me": "ac-ycssmpd-shard-00-02.tvw48ir.mongodb.net:27017",
        "$clusterTime": {
          "clusterTime": {
            "$timestamp": {
              "t": 1771860826,
              "i": 1
            }
          },
          "signature": {
            "hash": {
              "$binary": {
                "base64": "rLQVkSqkIwPadND+/h0HBWMSWYE=",
                "subType": "00"
              }
            },
            "keyId": 7564130753416528000
          }
        },
        "iscryptd": false
      }
    },
    "stale": false,
    "compatible": true,
    "heartbeatFrequencyMS": 10000,
    "localThresholdMS": 15,
    "setName": "atlas-ldvzrz-shard-0",
    "maxElectionId": {
      "$oid": "7fffffff0000000000000076"
    },
    "maxSetVersion": 34,
    "commonWireVersion": 0,
    "logicalSessionTimeoutMinutes": 30
  },
  "cause": {
    "errorLabelSet": {},
    "beforeHandshake": false
  }
}
2026-02-23T18:56:27.326Z [error]: Cleanup stale presence error: connection <monitor> to 20.96.187.159:27017 timed out
MongoServerSelectionError: connection <monitor> to 20.96.187.159:27017 timed out
    at Topology.selectServer (C:\Users\LENOVO\OneDrive\Desktop\JWLovers\server\node_modules\mongodb\src\sdam\topology.ts:630:30)
    at tryOperation (C:\Users\LENOVO\OneDrive\Desktop\JWLovers\server\node_modules\mongodb\src\operations\execute_operation.ts:270:16)
    at executeOperation (C:\Users\LENOVO\OneDrive\Desktop\JWLovers\server\node_modules\mongodb\src\operations\execute_operation.ts:123:12)
    at FindCursor._initialize (C:\Users\LENOVO\OneDrive\Desktop\JWLovers\server\node_modules\mongodb\src\cursor\find_cursor.ts:92:22)
    at FindCursor.cursorInit (C:\Users\LENOVO\OneDrive\Desktop\JWLovers\server\node_modules\mongodb\src\cursor\abstract_cursor.ts:917:21)
    at FindCursor.fetchBatch (C:\Users\LENOVO\OneDrive\Desktop\JWLovers\server\node_modules\mongodb\src\cursor\abstract_cursor.ts:955:7)
    at FindCursor.next (C:\Users\LENOVO\OneDrive\Desktop\JWLovers\server\node_modules\mongodb\src\cursor\abstract_cursor.ts:573:9)
    at FindCursor.[Symbol.asyncIterator] (C:\Users\LENOVO\OneDrive\Desktop\JWLovers\server\node_modules\mongodb\src\cursor\abstract_cursor.ts:492:26)
    at FindCursor.toArray (C:\Users\LENOVO\OneDrive\Desktop\JWLovers\server\node_modules\mongodb\src\cursor\abstract_cursor.ts:661:22)
    at model.Query._find (C:\Users\LENOVO\OneDrive\Desktop\JWLovers\server\node_modules\mongoose\lib\query.js:2436:14)
{
  "errorLabelSet": {},
  "reason": {
    "type": "ReplicaSetNoPrimary",
    "servers": {
      "ac-ycssmpd-shard-00-00.tvw48ir.mongodb.net:27017": {
        "address": "ac-ycssmpd-shard-00-00.tvw48ir.mongodb.net:27017",
        "type": "RSSecondary",
        "hosts": [
          "ac-ycssmpd-shard-00-00.tvw48ir.mongodb.net:27017",
          "ac-ycssmpd-shard-00-01.tvw48ir.mongodb.net:27017",
          "ac-ycssmpd-shard-00-02.tvw48ir.mongodb.net:27017"
        ],
        "passives": [],
        "arbiters": [],
        "tags": {
          "region": "US_EAST_2",
          "nodeType": "ELECTABLE",
          "workloadType": "OPERATIONAL",
          "availabilityZone": "1",
          "diskState": "READY",
          "provider": "AZURE"
        },
        "minWireVersion": 0,
        "maxWireVersion": 25,
        "roundTripTime": 216.4,
        "minRoundTripTime": 184,
        "lastUpdateTime": 359681533,
        "lastWriteDate": {
          "$date": "2026-02-23T18:56:25Z"
        },
        "error": null,
        "topologyVersion": {
          "processId": {
            "$oid": "698f873de44bd3f01729ab0b"
          },
          "counter": 4
        },
        "setName": "atlas-ldvzrz-shard-0",
        "setVersion": 34,
        "electionId": null,
        "logicalSessionTimeoutMinutes": 30,
        "maxMessageSizeBytes": 48000000,
        "maxWriteBatchSize": 100000,
        "maxBsonObjectSize": 16777216,
        "primary": "ac-ycssmpd-shard-00-01.tvw48ir.mongodb.net:27017",
        "me": "ac-ycssmpd-shard-00-00.tvw48ir.mongodb.net:27017",
        "$clusterTime": {
          "clusterTime": {
            "$timestamp": {
              "t": 1771872985,
              "i": 4
            }
          },
          "signature": {
            "hash": {
              "0": 175,
              "1": 150,
              "2": 16,
              "3": 201,
              "4": 72,
              "5": 102,
              "6": 204,
              "7": 55,
              "8": 55,
              "9": 114,
              "10": 203,
              "11": 217,
              "12": 80,
              "13": 29,
              "14": 173,
              "15": 101,
              "16": 94,
              "17": 35,
              "18": 110,
              "19": 70
            },
            "keyId": 7564130753416528000
          }
        },
        "iscryptd": false
      },
      "ac-ycssmpd-shard-00-01.tvw48ir.mongodb.net:27017": {
        "address": "ac-ycssmpd-shard-00-01.tvw48ir.mongodb.net:27017",
        "type": "Unknown",
        "hosts": [],
        "passives": [],
        "arbiters": [],
        "tags": {},
        "minWireVersion": 0,
        "maxWireVersion": 0,
        "roundTripTime": -1,
        "minRoundTripTime": 0,
        "lastUpdateTime": 359676561,
        "lastWriteDate": 0,
        "error": {
          "errorLabelSet": {},
          "beforeHandshake": false
        },
        "topologyVersion": null,
        "setName": null,
        "setVersion": null,
        "electionId": null,
        "logicalSessionTimeoutMinutes": null,
        "maxMessageSizeBytes": null,
        "maxWriteBatchSize": null,
        "maxBsonObjectSize": null,
        "primary": null,
        "me": null,
        "$clusterTime": null,
        "iscryptd": false
      },
      "ac-ycssmpd-shard-00-02.tvw48ir.mongodb.net:27017": {
        "address": "ac-ycssmpd-shard-00-02.tvw48ir.mongodb.net:27017",
        "type": "RSSecondary",
        "hosts": [
          "ac-ycssmpd-shard-00-00.tvw48ir.mongodb.net:27017",
          "ac-ycssmpd-shard-00-01.tvw48ir.mongodb.net:27017",
          "ac-ycssmpd-shard-00-02.tvw48ir.mongodb.net:27017"
        ],
        "passives": [],
        "arbiters": [],
        "tags": {
          "provider": "AZURE",
          "nodeType": "ELECTABLE",
          "workloadType": "OPERATIONAL",
          "diskState": "READY",
          "region": "US_EAST_2",
          "availabilityZone": "3"
        },
        "minWireVersion": 0,
        "maxWireVersion": 25,
        "roundTripTime": 192,
        "minRoundTripTime": 183,
        "lastUpdateTime": 359681048,
        "lastWriteDate": {
          "$date": "2026-02-23T18:56:25Z"
        },
        "error": null,
        "topologyVersion": {
          "processId": {
            "$oid": "698f8adf1919e14221cffd40"
          },
          "counter": 3
        },
        "setName": "atlas-ldvzrz-shard-0",
        "setVersion": 34,
        "electionId": null,
        "logicalSessionTimeoutMinutes": 30,
        "maxMessageSizeBytes": 48000000,
        "maxWriteBatchSize": 100000,
        "maxBsonObjectSize": 16777216,
        "primary": "ac-ycssmpd-shard-00-01.tvw48ir.mongodb.net:27017",
        "me": "ac-ycssmpd-shard-00-02.tvw48ir.mongodb.net:27017",
        "$clusterTime": {
          "clusterTime": {
            "$timestamp": {
              "t": 1771872985,
              "i": 2
            }
          },
          "signature": {
            "hash": {
              "0": 175,
              "1": 150,
              "2": 16,
              "3": 201,
              "4": 72,
              "5": 102,
              "6": 204,
              "7": 55,
              "8": 55,
              "9": 114,
              "10": 203,
              "11": 217,
              "12": 80,
              "13": 29,
              "14": 173,
              "15": 101,
              "16": 94,
              "17": 35,
              "18": 110,
              "19": 70
            },
            "keyId": 7564130753416528000
          }
        },
        "iscryptd": false
      }
    },
    "stale": false,
    "compatible": true,
    "heartbeatFrequencyMS": 10000,
    "localThresholdMS": 15,
    "setName": "atlas-ldvzrz-shard-0",
    "maxElectionId": {
      "$oid": "7fffffff0000000000000076"
    },
    "maxSetVersion": 34,
    "commonWireVersion": 0,
    "logicalSessionTimeoutMinutes": 30
  },
  "cause": {
    "errorLabelSet": {},
    "beforeHandshake": false
  }
}
2026-02-23T19:47:04.593Z [error]: Cleanup stale presence error: getaddrinfo ENOTFOUND ac-ycssmpd-shard-00-01.tvw48ir.mongodb.net
MongoServerSelectionError: getaddrinfo ENOTFOUND ac-ycssmpd-shard-00-01.tvw48ir.mongodb.net
    at Topology.selectServer (C:\Users\LENOVO\OneDrive\Desktop\JWLovers\server\node_modules\mongodb\src\sdam\topology.ts:630:30)
    at tryOperation (C:\Users\LENOVO\OneDrive\Desktop\JWLovers\server\node_modules\mongodb\src\operations\execute_operation.ts:270:16)
    at executeOperation (C:\Users\LENOVO\OneDrive\Desktop\JWLovers\server\node_modules\mongodb\src\operations\execute_operation.ts:123:12)
    at FindCursor._initialize (C:\Users\LENOVO\OneDrive\Desktop\JWLovers\server\node_modules\mongodb\src\cursor\find_cursor.ts:92:22)
    at FindCursor.cursorInit (C:\Users\LENOVO\OneDrive\Desktop\JWLovers\server\node_modules\mongodb\src\cursor\abstract_cursor.ts:917:21)
    at FindCursor.fetchBatch (C:\Users\LENOVO\OneDrive\Desktop\JWLovers\server\node_modules\mongodb\src\cursor\abstract_cursor.ts:955:7)
    at FindCursor.next (C:\Users\LENOVO\OneDrive\Desktop\JWLovers\server\node_modules\mongodb\src\cursor\abstract_cursor.ts:573:9)
    at FindCursor.[Symbol.asyncIterator] (C:\Users\LENOVO\OneDrive\Desktop\JWLovers\server\node_modules\mongodb\src\cursor\abstract_cursor.ts:492:26)
    at FindCursor.toArray (C:\Users\LENOVO\OneDrive\Desktop\JWLovers\server\node_modules\mongodb\src\cursor\abstract_cursor.ts:661:22)
    at model.Query._find (C:\Users\LENOVO\OneDrive\Desktop\JWLovers\server\node_modules\mongoose\lib\query.js:2436:14)
{
  "errorLabelSet": {},
  "reason": {
    "type": "ReplicaSetNoPrimary",
    "servers": {
      "ac-ycssmpd-shard-00-00.tvw48ir.mongodb.net:27017": {
        "address": "ac-ycssmpd-shard-00-00.tvw48ir.mongodb.net:27017",
        "type": "RSSecondary",
        "hosts": [
          "ac-ycssmpd-shard-00-00.tvw48ir.mongodb.net:27017",
          "ac-ycssmpd-shard-00-01.tvw48ir.mongodb.net:27017",
          "ac-ycssmpd-shard-00-02.tvw48ir.mongodb.net:27017"
        ],
        "passives": [],
        "arbiters": [],
        "tags": {
          "region": "US_EAST_2",
          "workloadType": "OPERATIONAL",
          "provider": "AZURE",
          "availabilityZone": "1",
          "diskState": "READY",
          "nodeType": "ELECTABLE"
        },
        "minWireVersion": 0,
        "maxWireVersion": 25,
        "roundTripTime": 217.2,
        "minRoundTripTime": 192,
        "lastUpdateTime": 362718089,
        "lastWriteDate": {
          "$date": "2026-02-23T19:47:01Z"
        },
        "error": null,
        "topologyVersion": {
          "processId": {
            "$oid": "698f873de44bd3f01729ab0b"
          },
          "counter": 4
        },
        "setName": "atlas-ldvzrz-shard-0",
        "setVersion": 34,
        "electionId": null,
        "logicalSessionTimeoutMinutes": 30,
        "maxMessageSizeBytes": 48000000,
        "maxWriteBatchSize": 100000,
        "maxBsonObjectSize": 16777216,
        "primary": "ac-ycssmpd-shard-00-01.tvw48ir.mongodb.net:27017",
        "me": "ac-ycssmpd-shard-00-00.tvw48ir.mongodb.net:27017",
        "$clusterTime": {
          "clusterTime": {
            "$timestamp": {
              "t": 1771876021,
              "i": 1
            }
          },
          "signature": {
            "hash": {
              "0": 66,
              "1": 158,
              "2": 97,
              "3": 111,
              "4": 170,
              "5": 181,
              "6": 73,
              "7": 9,
              "8": 208,
              "9": 102,
              "10": 3,
              "11": 222,
              "12": 29,
              "13": 147,
              "14": 141,
              "15": 156,
              "16": 100,
              "17": 187,
              "18": 27,
              "19": 53
            },
            "keyId": 7564130753416528000
          }
        },
        "iscryptd": false
      },
      "ac-ycssmpd-shard-00-01.tvw48ir.mongodb.net:27017": {
        "address": "ac-ycssmpd-shard-00-01.tvw48ir.mongodb.net:27017",
        "type": "Unknown",
        "hosts": [],
        "passives": [],
        "arbiters": [],
        "tags": {},
        "minWireVersion": 0,
        "maxWireVersion": 0,
        "roundTripTime": -1,
        "minRoundTripTime": 0,
        "lastUpdateTime": 362716571,
        "lastWriteDate": 0,
        "error": {
          "errorLabelSet": {},
          "beforeHandshake": false
        },
        "topologyVersion": null,
        "setName": null,
        "setVersion": null,
        "electionId": null,
        "logicalSessionTimeoutMinutes": null,
        "maxMessageSizeBytes": null,
        "maxWriteBatchSize": null,
        "maxBsonObjectSize": null,
        "primary": null,
        "me": null,
        "$clusterTime": null,
        "iscryptd": false
      },
      "ac-ycssmpd-shard-00-02.tvw48ir.mongodb.net:27017": {
        "address": "ac-ycssmpd-shard-00-02.tvw48ir.mongodb.net:27017",
        "type": "RSSecondary",
        "hosts": [
          "ac-ycssmpd-shard-00-00.tvw48ir.mongodb.net:27017",
          "ac-ycssmpd-shard-00-01.tvw48ir.mongodb.net:27017",
          "ac-ycssmpd-shard-00-02.tvw48ir.mongodb.net:27017"
        ],
        "passives": [],
        "arbiters": [],
        "tags": {
          "nodeType": "ELECTABLE",
          "diskState": "READY",
          "region": "US_EAST_2",
          "availabilityZone": "3",
          "provider": "AZURE",
          "workloadType": "OPERATIONAL"
        },
        "minWireVersion": 0,
        "maxWireVersion": 25,
        "roundTripTime": 192.5,
        "minRoundTripTime": 188,
        "lastUpdateTime": 362717897,
        "lastWriteDate": {
          "$date": "2026-02-23T19:47:01Z"
        },
        "error": null,
        "topologyVersion": {
          "processId": {
            "$oid": "698f8adf1919e14221cffd40"
          },
          "counter": 3
        },
        "setName": "atlas-ldvzrz-shard-0",
        "setVersion": 34,
        "electionId": null,
        "logicalSessionTimeoutMinutes": 30,
        "maxMessageSizeBytes": 48000000,
        "maxWriteBatchSize": 100000,
        "maxBsonObjectSize": 16777216,
        "primary": "ac-ycssmpd-shard-00-01.tvw48ir.mongodb.net:27017",
        "me": "ac-ycssmpd-shard-00-02.tvw48ir.mongodb.net:27017",
        "$clusterTime": {
          "clusterTime": {
            "$timestamp": {
              "t": 1771876021,
              "i": 1
            }
          },
          "signature": {
            "hash": {
              "0": 66,
              "1": 158,
              "2": 97,
              "3": 111,
              "4": 170,
              "5": 181,
              "6": 73,
              "7": 9,
              "8": 208,
              "9": 102,
              "10": 3,
              "11": 222,
              "12": 29,
              "13": 147,
              "14": 141,
              "15": 156,
              "16": 100,
              "17": 187,
              "18": 27,
              "19": 53
            },
            "keyId": 7564130753416528000
          }
        },
        "iscryptd": false
      }
    },
    "stale": false,
    "compatible": true,
    "heartbeatFrequencyMS": 10000,
    "localThresholdMS": 15,
    "setName": "atlas-ldvzrz-shard-0",
    "maxElectionId": {
      "$oid": "7fffffff0000000000000076"
    },
    "maxSetVersion": 34,
    "commonWireVersion": 0,
    "logicalSessionTimeoutMinutes": 30
  },
  "cause": {
    "errorLabelSet": {},
    "beforeHandshake": false
  }
}
2026-02-24T12:16:05.692Z [error]: Cleanup stale presence error: connection <monitor> to 20.49.59.176:27017 timed out
MongoServerSelectionError: connection <monitor> to 20.49.59.176:27017 timed out
    at Topology.selectServer (C:\Users\LENOVO\OneDrive\Desktop\JWLovers\server\node_modules\mongodb\src\sdam\topology.ts:630:30)
    at tryOperation (C:\Users\LENOVO\OneDrive\Desktop\JWLovers\server\node_modules\mongodb\src\operations\execute_operation.ts:270:16)
    at executeOperation (C:\Users\LENOVO\OneDrive\Desktop\JWLovers\server\node_modules\mongodb\src\operations\execute_operation.ts:123:12)
    at FindCursor._initialize (C:\Users\LENOVO\OneDrive\Desktop\JWLovers\server\node_modules\mongodb\src\cursor\find_cursor.ts:92:22)
    at FindCursor.cursorInit (C:\Users\LENOVO\OneDrive\Desktop\JWLovers\server\node_modules\mongodb\src\cursor\abstract_cursor.ts:917:21)
    at FindCursor.fetchBatch (C:\Users\LENOVO\OneDrive\Desktop\JWLovers\server\node_modules\mongodb\src\cursor\abstract_cursor.ts:955:7)
    at FindCursor.next (C:\Users\LENOVO\OneDrive\Desktop\JWLovers\server\node_modules\mongodb\src\cursor\abstract_cursor.ts:573:9)
    at FindCursor.[Symbol.asyncIterator] (C:\Users\LENOVO\OneDrive\Desktop\JWLovers\server\node_modules\mongodb\src\cursor\abstract_cursor.ts:492:26)
    at FindCursor.toArray (C:\Users\LENOVO\OneDrive\Desktop\JWLovers\server\node_modules\mongodb\src\cursor\abstract_cursor.ts:661:22)
    at model.Query._find (C:\Users\LENOVO\OneDrive\Desktop\JWLovers\server\node_modules\mongoose\lib\query.js:2436:14)
{
  "errorLabelSet": {},
  "reason": {
    "type": "ReplicaSetNoPrimary",
    "servers": {
      "ac-ycssmpd-shard-00-00.tvw48ir.mongodb.net:27017": {
        "address": "ac-ycssmpd-shard-00-00.tvw48ir.mongodb.net:27017",
        "type": "Unknown",
        "hosts": [],
        "passives": [],
        "arbiters": [],
        "tags": {},
        "minWireVersion": 0,
        "maxWireVersion": 0,
        "roundTripTime": -1,
        "minRoundTripTime": 0,
        "lastUpdateTime": 422052954,
        "lastWriteDate": 0,
        "error": {
          "errorLabelSet": {},
          "beforeHandshake": false
        },
        "topologyVersion": null,
        "setName": null,
        "setVersion": null,
        "electionId": null,
        "logicalSessionTimeoutMinutes": null,
        "maxMessageSizeBytes": null,
        "maxWriteBatchSize": null,
        "maxBsonObjectSize": null,
        "primary": null,
        "me": null,
        "$clusterTime": null,
        "iscryptd": false
      },
      "ac-ycssmpd-shard-00-01.tvw48ir.mongodb.net:27017": {
        "address": "ac-ycssmpd-shard-00-01.tvw48ir.mongodb.net:27017",
        "type": "Unknown",
        "hosts": [],
        "passives": [],
        "arbiters": [],
        "tags": {},
        "minWireVersion": 0,
        "maxWireVersion": 0,
        "roundTripTime": -1,
        "minRoundTripTime": 0,
        "lastUpdateTime": 422065968,
        "lastWriteDate": 0,
        "error": {
          "errorLabelSet": {},
          "beforeHandshake": false
        },
        "topologyVersion": null,
        "setName": null,
        "setVersion": null,
        "electionId": null,
        "logicalSessionTimeoutMinutes": null,
        "maxMessageSizeBytes": null,
        "maxWriteBatchSize": null,
        "maxBsonObjectSize": null,
        "primary": null,
        "me": null,
        "$clusterTime": null,
        "iscryptd": false
      },
      "ac-ycssmpd-shard-00-02.tvw48ir.mongodb.net:27017": {
        "address": "ac-ycssmpd-shard-00-02.tvw48ir.mongodb.net:27017",
        "type": "Unknown",
        "hosts": [],
        "passives": [],
        "arbiters": [],
        "tags": {},
        "minWireVersion": 0,
        "maxWireVersion": 0,
        "roundTripTime": -1,
        "minRoundTripTime": 0,
        "lastUpdateTime": 422065460,
        "lastWriteDate": 0,
        "error": {
          "errorLabelSet": {},
          "beforeHandshake": false
        },
        "topologyVersion": null,
        "setName": null,
        "setVersion": null,
        "electionId": null,
        "logicalSessionTimeoutMinutes": null,
        "maxMessageSizeBytes": null,
        "maxWriteBatchSize": null,
        "maxBsonObjectSize": null,
        "primary": null,
        "me": null,
        "$clusterTime": null,
        "iscryptd": false
      }
    },
    "stale": false,
    "compatible": true,
    "heartbeatFrequencyMS": 10000,
    "localThresholdMS": 15,
    "setName": "atlas-ldvzrz-shard-0",
    "maxElectionId": {
      "$oid": "7fffffff0000000000000078"
    },
    "maxSetVersion": 34,
    "commonWireVersion": 0,
    "logicalSessionTimeoutMinutes": null
  },
  "cause": {
    "errorLabelSet": {},
    "beforeHandshake": false
  }
}
2026-02-25T18:12:21.012Z [error]: Authentication error:
2026-02-25T18:12:21.058Z [error]: Authentication error:
2026-02-25T18:12:21.956Z [error]: Authentication error:
2026-02-25T18:27:21.299Z [error]: Authentication error:
2026-02-25T18:27:21.317Z [error]: Authentication error:
2026-02-25T18:27:24.724Z [error]: Authentication error:
2026-02-25T18:44:57.406Z [error]: Cleanup stale presence error: getaddrinfo ENOTFOUND ac-ycssmpd-shard-00-00.tvw48ir.mongodb.net
MongoServerSelectionError: getaddrinfo ENOTFOUND ac-ycssmpd-shard-00-00.tvw48ir.mongodb.net
    at Topology.selectServer (C:\Users\LENOVO\OneDrive\Desktop\JWLovers\server\node_modules\mongodb\src\sdam\topology.ts:630:30)
    at tryOperation (C:\Users\LENOVO\OneDrive\Desktop\JWLovers\server\node_modules\mongodb\src\operations\execute_operation.ts:206:16)
    at executeOperation (C:\Users\LENOVO\OneDrive\Desktop\JWLovers\server\node_modules\mongodb\src\operations\execute_operation.ts:123:12)
    at FindCursor._initialize (C:\Users\LENOVO\OneDrive\Desktop\JWLovers\server\node_modules\mongodb\src\cursor\find_cursor.ts:92:22)
    at FindCursor.cursorInit (C:\Users\LENOVO\OneDrive\Desktop\JWLovers\server\node_modules\mongodb\src\cursor\abstract_cursor.ts:917:21)
    at FindCursor.fetchBatch (C:\Users\LENOVO\OneDrive\Desktop\JWLovers\server\node_modules\mongodb\src\cursor\abstract_cursor.ts:955:7)
    at FindCursor.next (C:\Users\LENOVO\OneDrive\Desktop\JWLovers\server\node_modules\mongodb\src\cursor\abstract_cursor.ts:573:9)
    at FindCursor.[Symbol.asyncIterator] (C:\Users\LENOVO\OneDrive\Desktop\JWLovers\server\node_modules\mongodb\src\cursor\abstract_cursor.ts:492:26)
    at FindCursor.toArray (C:\Users\LENOVO\OneDrive\Desktop\JWLovers\server\node_modules\mongodb\src\cursor\abstract_cursor.ts:661:22)
    at model.Query._find (C:\Users\LENOVO\OneDrive\Desktop\JWLovers\server\node_modules\mongoose\lib\query.js:2436:14)
{
  "errorLabelSet": {},
  "reason": {
    "type": "ReplicaSetNoPrimary",
    "servers": {
      "ac-ycssmpd-shard-00-00.tvw48ir.mongodb.net:27017": {
        "address": "ac-ycssmpd-shard-00-00.tvw48ir.mongodb.net:27017",
        "type": "Unknown",
        "hosts": [],
        "passives": [],
        "arbiters": [],
        "tags": {},
        "minWireVersion": 0,
        "maxWireVersion": 0,
        "roundTripTime": -1,
        "minRoundTripTime": 0,
        "lastUpdateTime": 531815976,
        "lastWriteDate": 0,
        "error": {
          "errorLabelSet": {},
          "beforeHandshake": false
        },
        "topologyVersion": null,
        "setName": null,
        "setVersion": null,
        "electionId": null,
        "logicalSessionTimeoutMinutes": null,
        "maxMessageSizeBytes": null,
        "maxWriteBatchSize": null,
        "maxBsonObjectSize": null,
        "primary": null,
        "me": null,
        "$clusterTime": null,
        "iscryptd": false
      },
      "ac-ycssmpd-shard-00-01.tvw48ir.mongodb.net:27017": {
        "address": "ac-ycssmpd-shard-00-01.tvw48ir.mongodb.net:27017",
        "type": "Unknown",
        "hosts": [],
        "passives": [],
        "arbiters": [],
        "tags": {},
        "minWireVersion": 0,
        "maxWireVersion": 0,
        "roundTripTime": -1,
        "minRoundTripTime": 0,
        "lastUpdateTime": 531815976,
        "lastWriteDate": 0,
        "error": {
          "errorLabelSet": {},
          "beforeHandshake": false
        },
        "topologyVersion": null,
        "setName": null,
        "setVersion": null,
        "electionId": null,
        "logicalSessionTimeoutMinutes": null,
        "maxMessageSizeBytes": null,
        "maxWriteBatchSize": null,
        "maxBsonObjectSize": null,
        "primary": null,
        "me": null,
        "$clusterTime": null,
        "iscryptd": false
      },
      "ac-ycssmpd-shard-00-02.tvw48ir.mongodb.net:27017": {
        "address": "ac-ycssmpd-shard-00-02.tvw48ir.mongodb.net:27017",
        "type": "Unknown",
        "hosts": [],
        "passives": [],
        "arbiters": [],
        "tags": {},
        "minWireVersion": 0,
        "maxWireVersion": 0,
        "roundTripTime": -1,
        "minRoundTripTime": 0,
        "lastUpdateTime": 531815981,
        "lastWriteDate": 0,
        "error": {
          "errorLabelSet": {},
          "beforeHandshake": false
        },
        "topologyVersion": null,
        "setName": null,
        "setVersion": null,
        "electionId": null,
        "logicalSessionTimeoutMinutes": null,
        "maxMessageSizeBytes": null,
        "maxWriteBatchSize": null,
        "maxBsonObjectSize": null,
        "primary": null,
        "me": null,
        "$clusterTime": null,
        "iscryptd": false
      }
    },
    "stale": false,
    "compatible": true,
    "heartbeatFrequencyMS": 10000,
    "localThresholdMS": 15,
    "setName": "atlas-ldvzrz-shard-0",
    "maxElectionId": {
      "$oid": "7fffffff0000000000000078"
    },
    "maxSetVersion": 34,
    "commonWireVersion": 0,
    "logicalSessionTimeoutMinutes": null
  },
  "cause": {
    "errorLabelSet": {},
    "beforeHandshake": false
  }
}
2026-02-25T18:45:57.360Z [error]: Cleanup stale presence error: getaddrinfo ENOTFOUND ac-ycssmpd-shard-00-00.tvw48ir.mongodb.net
MongoServerSelectionError: getaddrinfo ENOTFOUND ac-ycssmpd-shard-00-00.tvw48ir.mongodb.net
    at Topology.selectServer (C:\Users\LENOVO\OneDrive\Desktop\JWLovers\server\node_modules\mongodb\src\sdam\topology.ts:630:30)
    at tryOperation (C:\Users\LENOVO\OneDrive\Desktop\JWLovers\server\node_modules\mongodb\src\operations\execute_operation.ts:206:16)
    at executeOperation (C:\Users\LENOVO\OneDrive\Desktop\JWLovers\server\node_modules\mongodb\src\operations\execute_operation.ts:123:12)
    at FindCursor._initialize (C:\Users\LENOVO\OneDrive\Desktop\JWLovers\server\node_modules\mongodb\src\cursor\find_cursor.ts:92:22)
    at FindCursor.cursorInit (C:\Users\LENOVO\OneDrive\Desktop\JWLovers\server\node_modules\mongodb\src\cursor\abstract_cursor.ts:917:21)
    at FindCursor.fetchBatch (C:\Users\LENOVO\OneDrive\Desktop\JWLovers\server\node_modules\mongodb\src\cursor\abstract_cursor.ts:955:7)
    at FindCursor.next (C:\Users\LENOVO\OneDrive\Desktop\JWLovers\server\node_modules\mongodb\src\cursor\abstract_cursor.ts:573:9)
    at FindCursor.[Symbol.asyncIterator] (C:\Users\LENOVO\OneDrive\Desktop\JWLovers\server\node_modules\mongodb\src\cursor\abstract_cursor.ts:492:26)
    at FindCursor.toArray (C:\Users\LENOVO\OneDrive\Desktop\JWLovers\server\node_modules\mongodb\src\cursor\abstract_cursor.ts:661:22)
    at model.Query._find (C:\Users\LENOVO\OneDrive\Desktop\JWLovers\server\node_modules\mongoose\lib\query.js:2436:14)
{
  "errorLabelSet": {},
  "reason": {
    "type": "ReplicaSetNoPrimary",
    "servers": {
      "ac-ycssmpd-shard-00-00.tvw48ir.mongodb.net:27017": {
        "address": "ac-ycssmpd-shard-00-00.tvw48ir.mongodb.net:27017",
        "type": "Unknown",
        "hosts": [],
        "passives": [],
        "arbiters": [],
        "tags": {},
        "minWireVersion": 0,
        "maxWireVersion": 0,
        "roundTripTime": -1,
        "minRoundTripTime": 0,
        "lastUpdateTime": 531875534,
        "lastWriteDate": 0,
        "error": {
          "errorLabelSet": {},
          "beforeHandshake": false
        },
        "topologyVersion": null,
        "setName": null,
        "setVersion": null,
        "electionId": null,
        "logicalSessionTimeoutMinutes": null,
        "maxMessageSizeBytes": null,
        "maxWriteBatchSize": null,
        "maxBsonObjectSize": null,
        "primary": null,
        "me": null,
        "$clusterTime": null,
        "iscryptd": false
      },
      "ac-ycssmpd-shard-00-01.tvw48ir.mongodb.net:27017": {
        "address": "ac-ycssmpd-shard-00-01.tvw48ir.mongodb.net:27017",
        "type": "Unknown",
        "hosts": [],
        "passives": [],
        "arbiters": [],
        "tags": {},
        "minWireVersion": 0,
        "maxWireVersion": 0,
        "roundTripTime": -1,
        "minRoundTripTime": 0,
        "lastUpdateTime": 531875529,
        "lastWriteDate": 0,
        "error": {
          "errorLabelSet": {},
          "beforeHandshake": false
        },
        "topologyVersion": null,
        "setName": null,
        "setVersion": null,
        "electionId": null,
        "logicalSessionTimeoutMinutes": null,
        "maxMessageSizeBytes": null,
        "maxWriteBatchSize": null,
        "maxBsonObjectSize": null,
        "primary": null,
        "me": null,
        "$clusterTime": null,
        "iscryptd": false
      },
      "ac-ycssmpd-shard-00-02.tvw48ir.mongodb.net:27017": {
        "address": "ac-ycssmpd-shard-00-02.tvw48ir.mongodb.net:27017",
        "type": "Unknown",
        "hosts": [],
        "passives": [],
        "arbiters": [],
        "tags": {},
        "minWireVersion": 0,
        "maxWireVersion": 0,
        "roundTripTime": -1,
        "minRoundTripTime": 0,
        "lastUpdateTime": 531875541,
        "lastWriteDate": 0,
        "error": {
          "errorLabelSet": {},
          "beforeHandshake": false
        },
        "topologyVersion": null,
        "setName": null,
        "setVersion": null,
        "electionId": null,
        "logicalSessionTimeoutMinutes": null,
        "maxMessageSizeBytes": null,
        "maxWriteBatchSize": null,
        "maxBsonObjectSize": null,
        "primary": null,
        "me": null,
        "$clusterTime": null,
        "iscryptd": false
      }
    },
    "stale": false,
    "compatible": true,
    "heartbeatFrequencyMS": 10000,
    "localThresholdMS": 15,
    "setName": "atlas-ldvzrz-shard-0",
    "maxElectionId": {
      "$oid": "7fffffff0000000000000078"
    },
    "maxSetVersion": 34,
    "commonWireVersion": 0,
    "logicalSessionTimeoutMinutes": null
  },
  "cause": {
    "errorLabelSet": {},
    "beforeHandshake": false
  }
}
2026-02-25T18:46:57.410Z [error]: Cleanup stale presence error: getaddrinfo ENOTFOUND ac-ycssmpd-shard-00-00.tvw48ir.mongodb.net
MongoServerSelectionError: getaddrinfo ENOTFOUND ac-ycssmpd-shard-00-00.tvw48ir.mongodb.net
    at Topology.selectServer (C:\Users\LENOVO\OneDrive\Desktop\JWLovers\server\node_modules\mongodb\src\sdam\topology.ts:630:30)
    at tryOperation (C:\Users\LENOVO\OneDrive\Desktop\JWLovers\server\node_modules\mongodb\src\operations\execute_operation.ts:206:16)
    at executeOperation (C:\Users\LENOVO\OneDrive\Desktop\JWLovers\server\node_modules\mongodb\src\operations\execute_operation.ts:123:12)
    at FindCursor._initialize (C:\Users\LENOVO\OneDrive\Desktop\JWLovers\server\node_modules\mongodb\src\cursor\find_cursor.ts:92:22)
    at FindCursor.cursorInit (C:\Users\LENOVO\OneDrive\Desktop\JWLovers\server\node_modules\mongodb\src\cursor\abstract_cursor.ts:917:21)
    at FindCursor.fetchBatch (C:\Users\LENOVO\OneDrive\Desktop\JWLovers\server\node_modules\mongodb\src\cursor\abstract_cursor.ts:955:7)
    at FindCursor.next (C:\Users\LENOVO\OneDrive\Desktop\JWLovers\server\node_modules\mongodb\src\cursor\abstract_cursor.ts:573:9)
    at FindCursor.[Symbol.asyncIterator] (C:\Users\LENOVO\OneDrive\Desktop\JWLovers\server\node_modules\mongodb\src\cursor\abstract_cursor.ts:492:26)
    at FindCursor.toArray (C:\Users\LENOVO\OneDrive\Desktop\JWLovers\server\node_modules\mongodb\src\cursor\abstract_cursor.ts:661:22)
    at model.Query._find (C:\Users\LENOVO\OneDrive\Desktop\JWLovers\server\node_modules\mongoose\lib\query.js:2436:14)
{
  "errorLabelSet": {},
  "reason": {
    "type": "ReplicaSetNoPrimary",
    "servers": {
      "ac-ycssmpd-shard-00-00.tvw48ir.mongodb.net:27017": {
        "address": "ac-ycssmpd-shard-00-00.tvw48ir.mongodb.net:27017",
        "type": "Unknown",
        "hosts": [],
        "passives": [],
        "arbiters": [],
        "tags": {},
        "minWireVersion": 0,
        "maxWireVersion": 0,
        "roundTripTime": -1,
        "minRoundTripTime": 0,
        "lastUpdateTime": 531935509,
        "lastWriteDate": 0,
        "error": {
          "errorLabelSet": {},
          "beforeHandshake": false
        },
        "topologyVersion": null,
        "setName": null,
        "setVersion": null,
        "electionId": null,
        "logicalSessionTimeoutMinutes": null,
        "maxMessageSizeBytes": null,
        "maxWriteBatchSize": null,
        "maxBsonObjectSize": null,
        "primary": null,
        "me": null,
        "$clusterTime": null,
        "iscryptd": false
      },
      "ac-ycssmpd-shard-00-01.tvw48ir.mongodb.net:27017": {
        "address": "ac-ycssmpd-shard-00-01.tvw48ir.mongodb.net:27017",
        "type": "Unknown",
        "hosts": [],
        "passives": [],
        "arbiters": [],
        "tags": {},
        "minWireVersion": 0,
        "maxWireVersion": 0,
        "roundTripTime": -1,
        "minRoundTripTime": 0,
        "lastUpdateTime": 531935508,
        "lastWriteDate": 0,
        "error": {
          "errorLabelSet": {},
          "beforeHandshake": false
        },
        "topologyVersion": null,
        "setName": null,
        "setVersion": null,
        "electionId": null,
        "logicalSessionTimeoutMinutes": null,
        "maxMessageSizeBytes": null,
        "maxWriteBatchSize": null,
        "maxBsonObjectSize": null,
        "primary": null,
        "me": null,
        "$clusterTime": null,
        "iscryptd": false
      },
      "ac-ycssmpd-shard-00-02.tvw48ir.mongodb.net:27017": {
        "address": "ac-ycssmpd-shard-00-02.tvw48ir.mongodb.net:27017",
        "type": "Unknown",
        "hosts": [],
        "passives": [],
        "arbiters": [],
        "tags": {},
        "minWireVersion": 0,
        "maxWireVersion": 0,
        "roundTripTime": -1,
        "minRoundTripTime": 0,
        "lastUpdateTime": 531935691,
        "lastWriteDate": 0,
        "error": {
          "errorLabelSet": {},
          "beforeHandshake": false
        },
        "topologyVersion": null,
        "setName": null,
        "setVersion": null,
        "electionId": null,
        "logicalSessionTimeoutMinutes": null,
        "maxMessageSizeBytes": null,
        "maxWriteBatchSize": null,
        "maxBsonObjectSize": null,
        "primary": null,
        "me": null,
        "$clusterTime": null,
        "iscryptd": false
      }
    },
    "stale": false,
    "compatible": true,
    "heartbeatFrequencyMS": 10000,
    "localThresholdMS": 15,
    "setName": "atlas-ldvzrz-shard-0",
    "maxElectionId": {
      "$oid": "7fffffff0000000000000078"
    },
    "maxSetVersion": 34,
    "commonWireVersion": 0,
    "logicalSessionTimeoutMinutes": null
  },
  "cause": {
    "errorLabelSet": {},
    "beforeHandshake": false
  }
}
2026-02-25T18:47:57.434Z [error]: Cleanup stale presence error: getaddrinfo ENOTFOUND ac-ycssmpd-shard-00-00.tvw48ir.mongodb.net
MongoServerSelectionError: getaddrinfo ENOTFOUND ac-ycssmpd-shard-00-00.tvw48ir.mongodb.net
    at Topology.selectServer (C:\Users\LENOVO\OneDrive\Desktop\JWLovers\server\node_modules\mongodb\src\sdam\topology.ts:630:30)
    at tryOperation (C:\Users\LENOVO\OneDrive\Desktop\JWLovers\server\node_modules\mongodb\src\operations\execute_operation.ts:206:16)
    at executeOperation (C:\Users\LENOVO\OneDrive\Desktop\JWLovers\server\node_modules\mongodb\src\operations\execute_operation.ts:123:12)
    at FindCursor._initialize (C:\Users\LENOVO\OneDrive\Desktop\JWLovers\server\node_modules\mongodb\src\cursor\find_cursor.ts:92:22)
    at FindCursor.cursorInit (C:\Users\LENOVO\OneDrive\Desktop\JWLovers\server\node_modules\mongodb\src\cursor\abstract_cursor.ts:917:21)
    at FindCursor.fetchBatch (C:\Users\LENOVO\OneDrive\Desktop\JWLovers\server\node_modules\mongodb\src\cursor\abstract_cursor.ts:955:7)
    at FindCursor.next (C:\Users\LENOVO\OneDrive\Desktop\JWLovers\server\node_modules\mongodb\src\cursor\abstract_cursor.ts:573:9)
    at FindCursor.[Symbol.asyncIterator] (C:\Users\LENOVO\OneDrive\Desktop\JWLovers\server\node_modules\mongodb\src\cursor\abstract_cursor.ts:492:26)
    at FindCursor.toArray (C:\Users\LENOVO\OneDrive\Desktop\JWLovers\server\node_modules\mongodb\src\cursor\abstract_cursor.ts:661:22)
    at model.Query._find (C:\Users\LENOVO\OneDrive\Desktop\JWLovers\server\node_modules\mongoose\lib\query.js:2436:14)
{
  "errorLabelSet": {},
  "reason": {
    "type": "ReplicaSetNoPrimary",
    "servers": {
      "ac-ycssmpd-shard-00-00.tvw48ir.mongodb.net:27017": {
        "address": "ac-ycssmpd-shard-00-00.tvw48ir.mongodb.net:27017",
        "type": "Unknown",
        "hosts": [],
        "passives": [],
        "arbiters": [],
        "tags": {},
        "minWireVersion": 0,
        "maxWireVersion": 0,
        "roundTripTime": -1,
        "minRoundTripTime": 0,
        "lastUpdateTime": 531995850,
        "lastWriteDate": 0,
        "error": {
          "errorLabelSet": {},
          "beforeHandshake": false
        },
        "topologyVersion": null,
        "setName": null,
        "setVersion": null,
        "electionId": null,
        "logicalSessionTimeoutMinutes": null,
        "maxMessageSizeBytes": null,
        "maxWriteBatchSize": null,
        "maxBsonObjectSize": null,
        "primary": null,
        "me": null,
        "$clusterTime": null,
        "iscryptd": false
      },
      "ac-ycssmpd-shard-00-01.tvw48ir.mongodb.net:27017": {
        "address": "ac-ycssmpd-shard-00-01.tvw48ir.mongodb.net:27017",
        "type": "Unknown",
        "hosts": [],
        "passives": [],
        "arbiters": [],
        "tags": {},
        "minWireVersion": 0,
        "maxWireVersion": 0,
        "roundTripTime": -1,
        "minRoundTripTime": 0,
        "lastUpdateTime": 531995854,
        "lastWriteDate": 0,
        "error": {
          "errorLabelSet": {},
          "beforeHandshake": false
        },
        "topologyVersion": null,
        "setName": null,
        "setVersion": null,
        "electionId": null,
        "logicalSessionTimeoutMinutes": null,
        "maxMessageSizeBytes": null,
        "maxWriteBatchSize": null,
        "maxBsonObjectSize": null,
        "primary": null,
        "me": null,
        "$clusterTime": null,
        "iscryptd": false
      },
      "ac-ycssmpd-shard-00-02.tvw48ir.mongodb.net:27017": {
        "address": "ac-ycssmpd-shard-00-02.tvw48ir.mongodb.net:27017",
        "type": "Unknown",
        "hosts": [],
        "passives": [],
        "arbiters": [],
        "tags": {},
        "minWireVersion": 0,
        "maxWireVersion": 0,
        "roundTripTime": -1,
        "minRoundTripTime": 0,
        "lastUpdateTime": 531995859,
        "lastWriteDate": 0,
        "error": {
          "errorLabelSet": {},
          "beforeHandshake": false
        },
        "topologyVersion": null,
        "setName": null,
        "setVersion": null,
        "electionId": null,
        "logicalSessionTimeoutMinutes": null,
        "maxMessageSizeBytes": null,
        "maxWriteBatchSize": null,
        "maxBsonObjectSize": null,
        "primary": null,
        "me": null,
        "$clusterTime": null,
        "iscryptd": false
      }
    },
    "stale": false,
    "compatible": true,
    "heartbeatFrequencyMS": 10000,
    "localThresholdMS": 15,
    "setName": "atlas-ldvzrz-shard-0",
    "maxElectionId": {
      "$oid": "7fffffff0000000000000078"
    },
    "maxSetVersion": 34,
    "commonWireVersion": 0,
    "logicalSessionTimeoutMinutes": null
  },
  "cause": {
    "errorLabelSet": {},
    "beforeHandshake": false
  }
}
2026-02-25T18:48:57.439Z [error]: Cleanup stale presence error: getaddrinfo ENOTFOUND ac-ycssmpd-shard-00-00.tvw48ir.mongodb.net
MongoServerSelectionError: getaddrinfo ENOTFOUND ac-ycssmpd-shard-00-00.tvw48ir.mongodb.net
    at Topology.selectServer (C:\Users\LENOVO\OneDrive\Desktop\JWLovers\server\node_modules\mongodb\src\sdam\topology.ts:630:30)
    at tryOperation (C:\Users\LENOVO\OneDrive\Desktop\JWLovers\server\node_modules\mongodb\src\operations\execute_operation.ts:206:16)
    at executeOperation (C:\Users\LENOVO\OneDrive\Desktop\JWLovers\server\node_modules\mongodb\src\operations\execute_operation.ts:123:12)
    at FindCursor._initialize (C:\Users\LENOVO\OneDrive\Desktop\JWLovers\server\node_modules\mongodb\src\cursor\find_cursor.ts:92:22)
    at FindCursor.cursorInit (C:\Users\LENOVO\OneDrive\Desktop\JWLovers\server\node_modules\mongodb\src\cursor\abstract_cursor.ts:917:21)
    at FindCursor.fetchBatch (C:\Users\LENOVO\OneDrive\Desktop\JWLovers\server\node_modules\mongodb\src\cursor\abstract_cursor.ts:955:7)
    at FindCursor.next (C:\Users\LENOVO\OneDrive\Desktop\JWLovers\server\node_modules\mongodb\src\cursor\abstract_cursor.ts:573:9)
    at FindCursor.[Symbol.asyncIterator] (C:\Users\LENOVO\OneDrive\Desktop\JWLovers\server\node_modules\mongodb\src\cursor\abstract_cursor.ts:492:26)
    at FindCursor.toArray (C:\Users\LENOVO\OneDrive\Desktop\JWLovers\server\node_modules\mongodb\src\cursor\abstract_cursor.ts:661:22)
    at model.Query._find (C:\Users\LENOVO\OneDrive\Desktop\JWLovers\server\node_modules\mongoose\lib\query.js:2436:14)
{
  "errorLabelSet": {},
  "reason": {
    "type": "ReplicaSetNoPrimary",
    "servers": {
      "ac-ycssmpd-shard-00-00.tvw48ir.mongodb.net:27017": {
        "address": "ac-ycssmpd-shard-00-00.tvw48ir.mongodb.net:27017",
        "type": "Unknown",
        "hosts": [],
        "passives": [],
        "arbiters": [],
        "tags": {},
        "minWireVersion": 0,
        "maxWireVersion": 0,
        "roundTripTime": -1,
        "minRoundTripTime": 0,
        "lastUpdateTime": 532055687,
        "lastWriteDate": 0,
        "error": {
          "errorLabelSet": {},
          "beforeHandshake": false
        },
        "topologyVersion": null,
        "setName": null,
        "setVersion": null,
        "electionId": null,
        "logicalSessionTimeoutMinutes": null,
        "maxMessageSizeBytes": null,
        "maxWriteBatchSize": null,
        "maxBsonObjectSize": null,
        "primary": null,
        "me": null,
        "$clusterTime": null,
        "iscryptd": false
      },
      "ac-ycssmpd-shard-00-01.tvw48ir.mongodb.net:27017": {
        "address": "ac-ycssmpd-shard-00-01.tvw48ir.mongodb.net:27017",
        "type": "Unknown",
        "hosts": [],
        "passives": [],
        "arbiters": [],
        "tags": {},
        "minWireVersion": 0,
        "maxWireVersion": 0,
        "roundTripTime": -1,
        "minRoundTripTime": 0,
        "lastUpdateTime": 532055685,
        "lastWriteDate": 0,
        "error": {
          "errorLabelSet": {},
          "beforeHandshake": false
        },
        "topologyVersion": null,
        "setName": null,
        "setVersion": null,
        "electionId": null,
        "logicalSessionTimeoutMinutes": null,
        "maxMessageSizeBytes": null,
        "maxWriteBatchSize": null,
        "maxBsonObjectSize": null,
        "primary": null,
        "me": null,
        "$clusterTime": null,
        "iscryptd": false
      },
      "ac-ycssmpd-shard-00-02.tvw48ir.mongodb.net:27017": {
        "address": "ac-ycssmpd-shard-00-02.tvw48ir.mongodb.net:27017",
        "type": "Unknown",
        "hosts": [],
        "passives": [],
        "arbiters": [],
        "tags": {},
        "minWireVersion": 0,
        "maxWireVersion": 0,
        "roundTripTime": -1,
        "minRoundTripTime": 0,
        "lastUpdateTime": 532055696,
        "lastWriteDate": 0,
        "error": {
          "errorLabelSet": {},
          "beforeHandshake": false
        },
        "topologyVersion": null,
        "setName": null,
        "setVersion": null,
        "electionId": null,
        "logicalSessionTimeoutMinutes": null,
        "maxMessageSizeBytes": null,
        "maxWriteBatchSize": null,
        "maxBsonObjectSize": null,
        "primary": null,
        "me": null,
        "$clusterTime": null,
        "iscryptd": false
      }
    },
    "stale": false,
    "compatible": true,
    "heartbeatFrequencyMS": 10000,
    "localThresholdMS": 15,
    "setName": "atlas-ldvzrz-shard-0",
    "maxElectionId": {
      "$oid": "7fffffff0000000000000078"
    },
    "maxSetVersion": 34,
    "commonWireVersion": 0,
    "logicalSessionTimeoutMinutes": null
  },
  "cause": {
    "errorLabelSet": {},
    "beforeHandshake": false
  }
}
2026-02-25T18:49:57.457Z [error]: Cleanup stale presence error: getaddrinfo ENOTFOUND ac-ycssmpd-shard-00-00.tvw48ir.mongodb.net
MongoServerSelectionError: getaddrinfo ENOTFOUND ac-ycssmpd-shard-00-00.tvw48ir.mongodb.net
    at Topology.selectServer (C:\Users\LENOVO\OneDrive\Desktop\JWLovers\server\node_modules\mongodb\src\sdam\topology.ts:630:30)
    at tryOperation (C:\Users\LENOVO\OneDrive\Desktop\JWLovers\server\node_modules\mongodb\src\operations\execute_operation.ts:206:16)
    at executeOperation (C:\Users\LENOVO\OneDrive\Desktop\JWLovers\server\node_modules\mongodb\src\operations\execute_operation.ts:123:12)
    at FindCursor._initialize (C:\Users\LENOVO\OneDrive\Desktop\JWLovers\server\node_modules\mongodb\src\cursor\find_cursor.ts:92:22)
    at FindCursor.cursorInit (C:\Users\LENOVO\OneDrive\Desktop\JWLovers\server\node_modules\mongodb\src\cursor\abstract_cursor.ts:917:21)
    at FindCursor.fetchBatch (C:\Users\LENOVO\OneDrive\Desktop\JWLovers\server\node_modules\mongodb\src\cursor\abstract_cursor.ts:955:7)
    at FindCursor.next (C:\Users\LENOVO\OneDrive\Desktop\JWLovers\server\node_modules\mongodb\src\cursor\abstract_cursor.ts:573:9)
    at FindCursor.[Symbol.asyncIterator] (C:\Users\LENOVO\OneDrive\Desktop\JWLovers\server\node_modules\mongodb\src\cursor\abstract_cursor.ts:492:26)
    at FindCursor.toArray (C:\Users\LENOVO\OneDrive\Desktop\JWLovers\server\node_modules\mongodb\src\cursor\abstract_cursor.ts:661:22)
    at model.Query._find (C:\Users\LENOVO\OneDrive\Desktop\JWLovers\server\node_modules\mongoose\lib\query.js:2436:14)
{
  "errorLabelSet": {},
  "reason": {
    "type": "ReplicaSetNoPrimary",
    "servers": {
      "ac-ycssmpd-shard-00-00.tvw48ir.mongodb.net:27017": {
        "address": "ac-ycssmpd-shard-00-00.tvw48ir.mongodb.net:27017",
        "type": "Unknown",
        "hosts": [],
        "passives": [],
        "arbiters": [],
        "tags": {},
        "minWireVersion": 0,
        "maxWireVersion": 0,
        "roundTripTime": -1,
        "minRoundTripTime": 0,
        "lastUpdateTime": 532115732,
        "lastWriteDate": 0,
        "error": {
          "errorLabelSet": {},
          "beforeHandshake": false
        },
        "topologyVersion": null,
        "setName": null,
        "setVersion": null,
        "electionId": null,
        "logicalSessionTimeoutMinutes": null,
        "maxMessageSizeBytes": null,
        "maxWriteBatchSize": null,
        "maxBsonObjectSize": null,
        "primary": null,
        "me": null,
        "$clusterTime": null,
        "iscryptd": false
      },
      "ac-ycssmpd-shard-00-01.tvw48ir.mongodb.net:27017": {
        "address": "ac-ycssmpd-shard-00-01.tvw48ir.mongodb.net:27017",
        "type": "Unknown",
        "hosts": [],
        "passives": [],
        "arbiters": [],
        "tags": {},
        "minWireVersion": 0,
        "maxWireVersion": 0,
        "roundTripTime": -1,
        "minRoundTripTime": 0,
        "lastUpdateTime": 532115734,
        "lastWriteDate": 0,
        "error": {
          "errorLabelSet": {},
          "beforeHandshake": false
        },
        "topologyVersion": null,
        "setName": null,
        "setVersion": null,
        "electionId": null,
        "logicalSessionTimeoutMinutes": null,
        "maxMessageSizeBytes": null,
        "maxWriteBatchSize": null,
        "maxBsonObjectSize": null,
        "primary": null,
        "me": null,
        "$clusterTime": null,
        "iscryptd": false
      },
      "ac-ycssmpd-shard-00-02.tvw48ir.mongodb.net:27017": {
        "address": "ac-ycssmpd-shard-00-02.tvw48ir.mongodb.net:27017",
        "type": "Unknown",
        "hosts": [],
        "passives": [],
        "arbiters": [],
        "tags": {},
        "minWireVersion": 0,
        "maxWireVersion": 0,
        "roundTripTime": -1,
        "minRoundTripTime": 0,
        "lastUpdateTime": 532115738,
        "lastWriteDate": 0,
        "error": {
          "errorLabelSet": {},
          "beforeHandshake": false
        },
        "topologyVersion": null,
        "setName": null,
        "setVersion": null,
        "electionId": null,
        "logicalSessionTimeoutMinutes": null,
        "maxMessageSizeBytes": null,
        "maxWriteBatchSize": null,
        "maxBsonObjectSize": null,
        "primary": null,
        "me": null,
        "$clusterTime": null,
        "iscryptd": false
      }
    },
    "stale": false,
    "compatible": true,
    "heartbeatFrequencyMS": 10000,
    "localThresholdMS": 15,
    "setName": "atlas-ldvzrz-shard-0",
    "maxElectionId": {
      "$oid": "7fffffff0000000000000078"
    },
    "maxSetVersion": 34,
    "commonWireVersion": 0,
    "logicalSessionTimeoutMinutes": null
  },
  "cause": {
    "errorLabelSet": {},
    "beforeHandshake": false
  }
}
2026-02-25T18:50:57.482Z [error]: Cleanup stale presence error: getaddrinfo ENOTFOUND ac-ycssmpd-shard-00-00.tvw48ir.mongodb.net
MongoServerSelectionError: getaddrinfo ENOTFOUND ac-ycssmpd-shard-00-00.tvw48ir.mongodb.net
    at Topology.selectServer (C:\Users\LENOVO\OneDrive\Desktop\JWLovers\server\node_modules\mongodb\src\sdam\topology.ts:630:30)
    at tryOperation (C:\Users\LENOVO\OneDrive\Desktop\JWLovers\server\node_modules\mongodb\src\operations\execute_operation.ts:206:16)
    at executeOperation (C:\Users\LENOVO\OneDrive\Desktop\JWLovers\server\node_modules\mongodb\src\operations\execute_operation.ts:123:12)
    at FindCursor._initialize (C:\Users\LENOVO\OneDrive\Desktop\JWLovers\server\node_modules\mongodb\src\cursor\find_cursor.ts:92:22)
    at FindCursor.cursorInit (C:\Users\LENOVO\OneDrive\Desktop\JWLovers\server\node_modules\mongodb\src\cursor\abstract_cursor.ts:917:21)
    at FindCursor.fetchBatch (C:\Users\LENOVO\OneDrive\Desktop\JWLovers\server\node_modules\mongodb\src\cursor\abstract_cursor.ts:955:7)
    at FindCursor.next (C:\Users\LENOVO\OneDrive\Desktop\JWLovers\server\node_modules\mongodb\src\cursor\abstract_cursor.ts:573:9)
    at FindCursor.[Symbol.asyncIterator] (C:\Users\LENOVO\OneDrive\Desktop\JWLovers\server\node_modules\mongodb\src\cursor\abstract_cursor.ts:492:26)
    at FindCursor.toArray (C:\Users\LENOVO\OneDrive\Desktop\JWLovers\server\node_modules\mongodb\src\cursor\abstract_cursor.ts:661:22)
    at model.Query._find (C:\Users\LENOVO\OneDrive\Desktop\JWLovers\server\node_modules\mongoose\lib\query.js:2436:14)
{
  "errorLabelSet": {},
  "reason": {
    "type": "ReplicaSetNoPrimary",
    "servers": {
      "ac-ycssmpd-shard-00-00.tvw48ir.mongodb.net:27017": {
        "address": "ac-ycssmpd-shard-00-00.tvw48ir.mongodb.net:27017",
        "type": "Unknown",
        "hosts": [],
        "passives": [],
        "arbiters": [],
        "tags": {},
        "minWireVersion": 0,
        "maxWireVersion": 0,
        "roundTripTime": -1,
        "minRoundTripTime": 0,
        "lastUpdateTime": 532175613,
        "lastWriteDate": 0,
        "error": {
          "errorLabelSet": {},
          "beforeHandshake": false
        },
        "topologyVersion": null,
        "setName": null,
        "setVersion": null,
        "electionId": null,
        "logicalSessionTimeoutMinutes": null,
        "maxMessageSizeBytes": null,
        "maxWriteBatchSize": null,
        "maxBsonObjectSize": null,
        "primary": null,
        "me": null,
        "$clusterTime": null,
        "iscryptd": false
      },
      "ac-ycssmpd-shard-00-01.tvw48ir.mongodb.net:27017": {
        "address": "ac-ycssmpd-shard-00-01.tvw48ir.mongodb.net:27017",
        "type": "Unknown",
        "hosts": [],
        "passives": [],
        "arbiters": [],
        "tags": {},
        "minWireVersion": 0,
        "maxWireVersion": 0,
        "roundTripTime": -1,
        "minRoundTripTime": 0,
        "lastUpdateTime": 532175603,
        "lastWriteDate": 0,
        "error": {
          "errorLabelSet": {},
          "beforeHandshake": false
        },
        "topologyVersion": null,
        "setName": null,
        "setVersion": null,
        "electionId": null,
        "logicalSessionTimeoutMinutes": null,
        "maxMessageSizeBytes": null,
        "maxWriteBatchSize": null,
        "maxBsonObjectSize": null,
        "primary": null,
        "me": null,
        "$clusterTime": null,
        "iscryptd": false
      },
      "ac-ycssmpd-shard-00-02.tvw48ir.mongodb.net:27017": {
        "address": "ac-ycssmpd-shard-00-02.tvw48ir.mongodb.net:27017",
        "type": "Unknown",
        "hosts": [],
        "passives": [],
        "arbiters": [],
        "tags": {},
        "minWireVersion": 0,
        "maxWireVersion": 0,
        "roundTripTime": -1,
        "minRoundTripTime": 0,
        "lastUpdateTime": 532175614,
        "lastWriteDate": 0,
        "error": {
          "errorLabelSet": {},
          "beforeHandshake": false
        },
        "topologyVersion": null,
        "setName": null,
        "setVersion": null,
        "electionId": null,
        "logicalSessionTimeoutMinutes": null,
        "maxMessageSizeBytes": null,
        "maxWriteBatchSize": null,
        "maxBsonObjectSize": null,
        "primary": null,
        "me": null,
        "$clusterTime": null,
        "iscryptd": false
      }
    },
    "stale": false,
    "compatible": true,
    "heartbeatFrequencyMS": 10000,
    "localThresholdMS": 15,
    "setName": "atlas-ldvzrz-shard-0",
    "maxElectionId": {
      "$oid": "7fffffff0000000000000078"
    },
    "maxSetVersion": 34,
    "commonWireVersion": 0,
    "logicalSessionTimeoutMinutes": null
  },
  "cause": {
    "errorLabelSet": {},
    "beforeHandshake": false
  }
}
2026-02-25T18:51:57.468Z [error]: Cleanup stale presence error: getaddrinfo ENOTFOUND ac-ycssmpd-shard-00-00.tvw48ir.mongodb.net
MongoServerSelectionError: getaddrinfo ENOTFOUND ac-ycssmpd-shard-00-00.tvw48ir.mongodb.net
    at Topology.selectServer (C:\Users\LENOVO\OneDrive\Desktop\JWLovers\server\node_modules\mongodb\src\sdam\topology.ts:630:30)
    at tryOperation (C:\Users\LENOVO\OneDrive\Desktop\JWLovers\server\node_modules\mongodb\src\operations\execute_operation.ts:206:16)
    at executeOperation (C:\Users\LENOVO\OneDrive\Desktop\JWLovers\server\node_modules\mongodb\src\operations\execute_operation.ts:123:12)
    at FindCursor._initialize (C:\Users\LENOVO\OneDrive\Desktop\JWLovers\server\node_modules\mongodb\src\cursor\find_cursor.ts:92:22)
    at FindCursor.cursorInit (C:\Users\LENOVO\OneDrive\Desktop\JWLovers\server\node_modules\mongodb\src\cursor\abstract_cursor.ts:917:21)
    at FindCursor.fetchBatch (C:\Users\LENOVO\OneDrive\Desktop\JWLovers\server\node_modules\mongodb\src\cursor\abstract_cursor.ts:955:7)
    at FindCursor.next (C:\Users\LENOVO\OneDrive\Desktop\JWLovers\server\node_modules\mongodb\src\cursor\abstract_cursor.ts:573:9)
    at FindCursor.[Symbol.asyncIterator] (C:\Users\LENOVO\OneDrive\Desktop\JWLovers\server\node_modules\mongodb\src\cursor\abstract_cursor.ts:492:26)
    at FindCursor.toArray (C:\Users\LENOVO\OneDrive\Desktop\JWLovers\server\node_modules\mongodb\src\cursor\abstract_cursor.ts:661:22)
    at model.Query._find (C:\Users\LENOVO\OneDrive\Desktop\JWLovers\server\node_modules\mongoose\lib\query.js:2436:14)
{
  "errorLabelSet": {},
  "reason": {
    "type": "ReplicaSetNoPrimary",
    "servers": {
      "ac-ycssmpd-shard-00-00.tvw48ir.mongodb.net:27017": {
        "address": "ac-ycssmpd-shard-00-00.tvw48ir.mongodb.net:27017",
        "type": "Unknown",
        "hosts": [],
        "passives": [],
        "arbiters": [],
        "tags": {},
        "minWireVersion": 0,
        "maxWireVersion": 0,
        "roundTripTime": -1,
        "minRoundTripTime": 0,
        "lastUpdateTime": 532235937,
        "lastWriteDate": 0,
        "error": {
          "errorLabelSet": {},
          "beforeHandshake": false
        },
        "topologyVersion": null,
        "setName": null,
        "setVersion": null,
        "electionId": null,
        "logicalSessionTimeoutMinutes": null,
        "maxMessageSizeBytes": null,
        "maxWriteBatchSize": null,
        "maxBsonObjectSize": null,
        "primary": null,
        "me": null,
        "$clusterTime": null,
        "iscryptd": false
      },
      "ac-ycssmpd-shard-00-01.tvw48ir.mongodb.net:27017": {
        "address": "ac-ycssmpd-shard-00-01.tvw48ir.mongodb.net:27017",
        "type": "Unknown",
        "hosts": [],
        "passives": [],
        "arbiters": [],
        "tags": {},
        "minWireVersion": 0,
        "maxWireVersion": 0,
        "roundTripTime": -1,
        "minRoundTripTime": 0,
        "lastUpdateTime": 532235939,
        "lastWriteDate": 0,
        "error": {
          "errorLabelSet": {},
          "beforeHandshake": false
        },
        "topologyVersion": null,
        "setName": null,
        "setVersion": null,
        "electionId": null,
        "logicalSessionTimeoutMinutes": null,
        "maxMessageSizeBytes": null,
        "maxWriteBatchSize": null,
        "maxBsonObjectSize": null,
        "primary": null,
        "me": null,
        "$clusterTime": null,
        "iscryptd": false
      },
      "ac-ycssmpd-shard-00-02.tvw48ir.mongodb.net:27017": {
        "address": "ac-ycssmpd-shard-00-02.tvw48ir.mongodb.net:27017",
        "type": "Unknown",
        "hosts": [],
        "passives": [],
        "arbiters": [],
        "tags": {},
        "minWireVersion": 0,
        "maxWireVersion": 0,
        "roundTripTime": -1,
        "minRoundTripTime": 0,
        "lastUpdateTime": 532235944,
        "lastWriteDate": 0,
        "error": {
          "errorLabelSet": {},
          "beforeHandshake": false
        },
        "topologyVersion": null,
        "setName": null,
        "setVersion": null,
        "electionId": null,
        "logicalSessionTimeoutMinutes": null,
        "maxMessageSizeBytes": null,
        "maxWriteBatchSize": null,
        "maxBsonObjectSize": null,
        "primary": null,
        "me": null,
        "$clusterTime": null,
        "iscryptd": false
      }
    },
    "stale": false,
    "compatible": true,
    "heartbeatFrequencyMS": 10000,
    "localThresholdMS": 15,
    "setName": "atlas-ldvzrz-shard-0",
    "maxElectionId": {
      "$oid": "7fffffff0000000000000078"
    },
    "maxSetVersion": 34,
    "commonWireVersion": 0,
    "logicalSessionTimeoutMinutes": null
  },
  "cause": {
    "errorLabelSet": {},
    "beforeHandshake": false
  }
}
2026-02-25T18:52:57.460Z [error]: Cleanup stale presence error: getaddrinfo ENOTFOUND ac-ycssmpd-shard-00-00.tvw48ir.mongodb.net
MongoServerSelectionError: getaddrinfo ENOTFOUND ac-ycssmpd-shard-00-00.tvw48ir.mongodb.net
    at Topology.selectServer (C:\Users\LENOVO\OneDrive\Desktop\JWLovers\server\node_modules\mongodb\src\sdam\topology.ts:630:30)
    at tryOperation (C:\Users\LENOVO\OneDrive\Desktop\JWLovers\server\node_modules\mongodb\src\operations\execute_operation.ts:206:16)
    at executeOperation (C:\Users\LENOVO\OneDrive\Desktop\JWLovers\server\node_modules\mongodb\src\operations\execute_operation.ts:123:12)
    at FindCursor._initialize (C:\Users\LENOVO\OneDrive\Desktop\JWLovers\server\node_modules\mongodb\src\cursor\find_cursor.ts:92:22)
    at FindCursor.cursorInit (C:\Users\LENOVO\OneDrive\Desktop\JWLovers\server\node_modules\mongodb\src\cursor\abstract_cursor.ts:917:21)
    at FindCursor.fetchBatch (C:\Users\LENOVO\OneDrive\Desktop\JWLovers\server\node_modules\mongodb\src\cursor\abstract_cursor.ts:955:7)
    at FindCursor.next (C:\Users\LENOVO\OneDrive\Desktop\JWLovers\server\node_modules\mongodb\src\cursor\abstract_cursor.ts:573:9)
    at FindCursor.[Symbol.asyncIterator] (C:\Users\LENOVO\OneDrive\Desktop\JWLovers\server\node_modules\mongodb\src\cursor\abstract_cursor.ts:492:26)
    at FindCursor.toArray (C:\Users\LENOVO\OneDrive\Desktop\JWLovers\server\node_modules\mongodb\src\cursor\abstract_cursor.ts:661:22)
    at model.Query._find (C:\Users\LENOVO\OneDrive\Desktop\JWLovers\server\node_modules\mongoose\lib\query.js:2436:14)
{
  "errorLabelSet": {},
  "reason": {
    "type": "ReplicaSetNoPrimary",
    "servers": {
      "ac-ycssmpd-shard-00-00.tvw48ir.mongodb.net:27017": {
        "address": "ac-ycssmpd-shard-00-00.tvw48ir.mongodb.net:27017",
        "type": "Unknown",
        "hosts": [],
        "passives": [],
        "arbiters": [],
        "tags": {},
        "minWireVersion": 0,
        "maxWireVersion": 0,
        "roundTripTime": -1,
        "minRoundTripTime": 0,
        "lastUpdateTime": 532295893,
        "lastWriteDate": 0,
        "error": {
          "errorLabelSet": {},
          "beforeHandshake": false
        },
        "topologyVersion": null,
        "setName": null,
        "setVersion": null,
        "electionId": null,
        "logicalSessionTimeoutMinutes": null,
        "maxMessageSizeBytes": null,
        "maxWriteBatchSize": null,
        "maxBsonObjectSize": null,
        "primary": null,
        "me": null,
        "$clusterTime": null,
        "iscryptd": false
      },
      "ac-ycssmpd-shard-00-01.tvw48ir.mongodb.net:27017": {
        "address": "ac-ycssmpd-shard-00-01.tvw48ir.mongodb.net:27017",
        "type": "Unknown",
        "hosts": [],
        "passives": [],
        "arbiters": [],
        "tags": {},
        "minWireVersion": 0,
        "maxWireVersion": 0,
        "roundTripTime": -1,
        "minRoundTripTime": 0,
        "lastUpdateTime": 532295897,
        "lastWriteDate": 0,
        "error": {
          "errorLabelSet": {},
          "beforeHandshake": false
        },
        "topologyVersion": null,
        "setName": null,
        "setVersion": null,
        "electionId": null,
        "logicalSessionTimeoutMinutes": null,
        "maxMessageSizeBytes": null,
        "maxWriteBatchSize": null,
        "maxBsonObjectSize": null,
        "primary": null,
        "me": null,
        "$clusterTime": null,
        "iscryptd": false
      },
      "ac-ycssmpd-shard-00-02.tvw48ir.mongodb.net:27017": {
        "address": "ac-ycssmpd-shard-00-02.tvw48ir.mongodb.net:27017",
        "type": "Unknown",
        "hosts": [],
        "passives": [],
        "arbiters": [],
        "tags": {},
        "minWireVersion": 0,
        "maxWireVersion": 0,
        "roundTripTime": -1,
        "minRoundTripTime": 0,
        "lastUpdateTime": 532295899,
        "lastWriteDate": 0,
        "error": {
          "errorLabelSet": {},
          "beforeHandshake": false
        },
        "topologyVersion": null,
        "setName": null,
        "setVersion": null,
        "electionId": null,
        "logicalSessionTimeoutMinutes": null,
        "maxMessageSizeBytes": null,
        "maxWriteBatchSize": null,
        "maxBsonObjectSize": null,
        "primary": null,
        "me": null,
        "$clusterTime": null,
        "iscryptd": false
      }
    },
    "stale": false,
    "compatible": true,
    "heartbeatFrequencyMS": 10000,
    "localThresholdMS": 15,
    "setName": "atlas-ldvzrz-shard-0",
    "maxElectionId": {
      "$oid": "7fffffff0000000000000078"
    },
    "maxSetVersion": 34,
    "commonWireVersion": 0,
    "logicalSessionTimeoutMinutes": null
  },
  "cause": {
    "errorLabelSet": {},
    "beforeHandshake": false
  }
}
2026-02-25T18:53:57.460Z [error]: Cleanup stale presence error: getaddrinfo ENOTFOUND ac-ycssmpd-shard-00-00.tvw48ir.mongodb.net
MongoServerSelectionError: getaddrinfo ENOTFOUND ac-ycssmpd-shard-00-00.tvw48ir.mongodb.net
    at Topology.selectServer (C:\Users\LENOVO\OneDrive\Desktop\JWLovers\server\node_modules\mongodb\src\sdam\topology.ts:630:30)
    at tryOperation (C:\Users\LENOVO\OneDrive\Desktop\JWLovers\server\node_modules\mongodb\src\operations\execute_operation.ts:206:16)
    at executeOperation (C:\Users\LENOVO\OneDrive\Desktop\JWLovers\server\node_modules\mongodb\src\operations\execute_operation.ts:123:12)
    at FindCursor._initialize (C:\Users\LENOVO\OneDrive\Desktop\JWLovers\server\node_modules\mongodb\src\cursor\find_cursor.ts:92:22)
    at FindCursor.cursorInit (C:\Users\LENOVO\OneDrive\Desktop\JWLovers\server\node_modules\mongodb\src\cursor\abstract_cursor.ts:917:21)
    at FindCursor.fetchBatch (C:\Users\LENOVO\OneDrive\Desktop\JWLovers\server\node_modules\mongodb\src\cursor\abstract_cursor.ts:955:7)
    at FindCursor.next (C:\Users\LENOVO\OneDrive\Desktop\JWLovers\server\node_modules\mongodb\src\cursor\abstract_cursor.ts:573:9)
    at FindCursor.[Symbol.asyncIterator] (C:\Users\LENOVO\OneDrive\Desktop\JWLovers\server\node_modules\mongodb\src\cursor\abstract_cursor.ts:492:26)
    at FindCursor.toArray (C:\Users\LENOVO\OneDrive\Desktop\JWLovers\server\node_modules\mongodb\src\cursor\abstract_cursor.ts:661:22)
    at model.Query._find (C:\Users\LENOVO\OneDrive\Desktop\JWLovers\server\node_modules\mongoose\lib\query.js:2436:14)
{
  "errorLabelSet": {},
  "reason": {
    "type": "ReplicaSetNoPrimary",
    "servers": {
      "ac-ycssmpd-shard-00-00.tvw48ir.mongodb.net:27017": {
        "address": "ac-ycssmpd-shard-00-00.tvw48ir.mongodb.net:27017",
        "type": "Unknown",
        "hosts": [],
        "passives": [],
        "arbiters": [],
        "tags": {},
        "minWireVersion": 0,
        "maxWireVersion": 0,
        "roundTripTime": -1,
        "minRoundTripTime": 0,
        "lastUpdateTime": 532355930,
        "lastWriteDate": 0,
        "error": {
          "errorLabelSet": {},
          "beforeHandshake": false
        },
        "topologyVersion": null,
        "setName": null,
        "setVersion": null,
        "electionId": null,
        "logicalSessionTimeoutMinutes": null,
        "maxMessageSizeBytes": null,
        "maxWriteBatchSize": null,
        "maxBsonObjectSize": null,
        "primary": null,
        "me": null,
        "$clusterTime": null,
        "iscryptd": false
      },
      "ac-ycssmpd-shard-00-01.tvw48ir.mongodb.net:27017": {
        "address": "ac-ycssmpd-shard-00-01.tvw48ir.mongodb.net:27017",
        "type": "Unknown",
        "hosts": [],
        "passives": [],
        "arbiters": [],
        "tags": {},
        "minWireVersion": 0,
        "maxWireVersion": 0,
        "roundTripTime": -1,
        "minRoundTripTime": 0,
        "lastUpdateTime": 532355933,
        "lastWriteDate": 0,
        "error": {
          "errorLabelSet": {},
          "beforeHandshake": false
        },
        "topologyVersion": null,
        "setName": null,
        "setVersion": null,
        "electionId": null,
        "logicalSessionTimeoutMinutes": null,
        "maxMessageSizeBytes": null,
        "maxWriteBatchSize": null,
        "maxBsonObjectSize": null,
        "primary": null,
        "me": null,
        "$clusterTime": null,
        "iscryptd": false
      },
      "ac-ycssmpd-shard-00-02.tvw48ir.mongodb.net:27017": {
        "address": "ac-ycssmpd-shard-00-02.tvw48ir.mongodb.net:27017",
        "type": "Unknown",
        "hosts": [],
        "passives": [],
        "arbiters": [],
        "tags": {},
        "minWireVersion": 0,
        "maxWireVersion": 0,
        "roundTripTime": -1,
        "minRoundTripTime": 0,
        "lastUpdateTime": 532355937,
        "lastWriteDate": 0,
        "error": {
          "errorLabelSet": {},
          "beforeHandshake": false
        },
        "topologyVersion": null,
        "setName": null,
        "setVersion": null,
        "electionId": null,
        "logicalSessionTimeoutMinutes": null,
        "maxMessageSizeBytes": null,
        "maxWriteBatchSize": null,
        "maxBsonObjectSize": null,
        "primary": null,
        "me": null,
        "$clusterTime": null,
        "iscryptd": false
      }
    },
    "stale": false,
    "compatible": true,
    "heartbeatFrequencyMS": 10000,
    "localThresholdMS": 15,
    "setName": "atlas-ldvzrz-shard-0",
    "maxElectionId": {
      "$oid": "7fffffff0000000000000078"
    },
    "maxSetVersion": 34,
    "commonWireVersion": 0,
    "logicalSessionTimeoutMinutes": null
  },
  "cause": {
    "errorLabelSet": {},
    "beforeHandshake": false
  }
}
2026-02-25T18:54:57.471Z [error]: Cleanup stale presence error: getaddrinfo ENOTFOUND ac-ycssmpd-shard-00-00.tvw48ir.mongodb.net
MongoServerSelectionError: getaddrinfo ENOTFOUND ac-ycssmpd-shard-00-00.tvw48ir.mongodb.net
    at Topology.selectServer (C:\Users\LENOVO\OneDrive\Desktop\JWLovers\server\node_modules\mongodb\src\sdam\topology.ts:630:30)
    at tryOperation (C:\Users\LENOVO\OneDrive\Desktop\JWLovers\server\node_modules\mongodb\src\operations\execute_operation.ts:206:16)
    at executeOperation (C:\Users\LENOVO\OneDrive\Desktop\JWLovers\server\node_modules\mongodb\src\operations\execute_operation.ts:123:12)
    at FindCursor._initialize (C:\Users\LENOVO\OneDrive\Desktop\JWLovers\server\node_modules\mongodb\src\cursor\find_cursor.ts:92:22)
    at FindCursor.cursorInit (C:\Users\LENOVO\OneDrive\Desktop\JWLovers\server\node_modules\mongodb\src\cursor\abstract_cursor.ts:917:21)
    at FindCursor.fetchBatch (C:\Users\LENOVO\OneDrive\Desktop\JWLovers\server\node_modules\mongodb\src\cursor\abstract_cursor.ts:955:7)
    at FindCursor.next (C:\Users\LENOVO\OneDrive\Desktop\JWLovers\server\node_modules\mongodb\src\cursor\abstract_cursor.ts:573:9)
    at FindCursor.[Symbol.asyncIterator] (C:\Users\LENOVO\OneDrive\Desktop\JWLovers\server\node_modules\mongodb\src\cursor\abstract_cursor.ts:492:26)
    at FindCursor.toArray (C:\Users\LENOVO\OneDrive\Desktop\JWLovers\server\node_modules\mongodb\src\cursor\abstract_cursor.ts:661:22)
    at model.Query._find (C:\Users\LENOVO\OneDrive\Desktop\JWLovers\server\node_modules\mongoose\lib\query.js:2436:14)
{
  "errorLabelSet": {},
  "reason": {
    "type": "ReplicaSetNoPrimary",
    "servers": {
      "ac-ycssmpd-shard-00-00.tvw48ir.mongodb.net:27017": {
        "address": "ac-ycssmpd-shard-00-00.tvw48ir.mongodb.net:27017",
        "type": "Unknown",
        "hosts": [],
        "passives": [],
        "arbiters": [],
        "tags": {},
        "minWireVersion": 0,
        "maxWireVersion": 0,
        "roundTripTime": -1,
        "minRoundTripTime": 0,
        "lastUpdateTime": 532416029,
        "lastWriteDate": 0,
        "error": {
          "errorLabelSet": {},
          "beforeHandshake": false
        },
        "topologyVersion": null,
        "setName": null,
        "setVersion": null,
        "electionId": null,
        "logicalSessionTimeoutMinutes": null,
        "maxMessageSizeBytes": null,
        "maxWriteBatchSize": null,
        "maxBsonObjectSize": null,
        "primary": null,
        "me": null,
        "$clusterTime": null,
        "iscryptd": false
      },
      "ac-ycssmpd-shard-00-01.tvw48ir.mongodb.net:27017": {
        "address": "ac-ycssmpd-shard-00-01.tvw48ir.mongodb.net:27017",
        "type": "Unknown",
        "hosts": [],
        "passives": [],
        "arbiters": [],
        "tags": {},
        "minWireVersion": 0,
        "maxWireVersion": 0,
        "roundTripTime": -1,
        "minRoundTripTime": 0,
        "lastUpdateTime": 532416033,
        "lastWriteDate": 0,
        "error": {
          "errorLabelSet": {},
          "beforeHandshake": false
        },
        "topologyVersion": null,
        "setName": null,
        "setVersion": null,
        "electionId": null,
        "logicalSessionTimeoutMinutes": null,
        "maxMessageSizeBytes": null,
        "maxWriteBatchSize": null,
        "maxBsonObjectSize": null,
        "primary": null,
        "me": null,
        "$clusterTime": null,
        "iscryptd": false
      },
      "ac-ycssmpd-shard-00-02.tvw48ir.mongodb.net:27017": {
        "address": "ac-ycssmpd-shard-00-02.tvw48ir.mongodb.net:27017",
        "type": "Unknown",
        "hosts": [],
        "passives": [],
        "arbiters": [],
        "tags": {},
        "minWireVersion": 0,
        "maxWireVersion": 0,
        "roundTripTime": -1,
        "minRoundTripTime": 0,
        "lastUpdateTime": 532416036,
        "lastWriteDate": 0,
        "error": {
          "errorLabelSet": {},
          "beforeHandshake": false
        },
        "topologyVersion": null,
        "setName": null,
        "setVersion": null,
        "electionId": null,
        "logicalSessionTimeoutMinutes": null,
        "maxMessageSizeBytes": null,
        "maxWriteBatchSize": null,
        "maxBsonObjectSize": null,
        "primary": null,
        "me": null,
        "$clusterTime": null,
        "iscryptd": false
      }
    },
    "stale": false,
    "compatible": true,
    "heartbeatFrequencyMS": 10000,
    "localThresholdMS": 15,
    "setName": "atlas-ldvzrz-shard-0",
    "maxElectionId": {
      "$oid": "7fffffff0000000000000078"
    },
    "maxSetVersion": 34,
    "commonWireVersion": 0,
    "logicalSessionTimeoutMinutes": null
  },
  "cause": {
    "errorLabelSet": {},
    "beforeHandshake": false
  }
}
2026-02-25T18:55:57.492Z [error]: Cleanup stale presence error: getaddrinfo ENOTFOUND ac-ycssmpd-shard-00-00.tvw48ir.mongodb.net
MongoServerSelectionError: getaddrinfo ENOTFOUND ac-ycssmpd-shard-00-00.tvw48ir.mongodb.net
    at Topology.selectServer (C:\Users\LENOVO\OneDrive\Desktop\JWLovers\server\node_modules\mongodb\src\sdam\topology.ts:630:30)
    at tryOperation (C:\Users\LENOVO\OneDrive\Desktop\JWLovers\server\node_modules\mongodb\src\operations\execute_operation.ts:206:16)
    at executeOperation (C:\Users\LENOVO\OneDrive\Desktop\JWLovers\server\node_modules\mongodb\src\operations\execute_operation.ts:123:12)
    at FindCursor._initialize (C:\Users\LENOVO\OneDrive\Desktop\JWLovers\server\node_modules\mongodb\src\cursor\find_cursor.ts:92:22)
    at FindCursor.cursorInit (C:\Users\LENOVO\OneDrive\Desktop\JWLovers\server\node_modules\mongodb\src\cursor\abstract_cursor.ts:917:21)
    at FindCursor.fetchBatch (C:\Users\LENOVO\OneDrive\Desktop\JWLovers\server\node_modules\mongodb\src\cursor\abstract_cursor.ts:955:7)
    at FindCursor.next (C:\Users\LENOVO\OneDrive\Desktop\JWLovers\server\node_modules\mongodb\src\cursor\abstract_cursor.ts:573:9)
    at FindCursor.[Symbol.asyncIterator] (C:\Users\LENOVO\OneDrive\Desktop\JWLovers\server\node_modules\mongodb\src\cursor\abstract_cursor.ts:492:26)
    at FindCursor.toArray (C:\Users\LENOVO\OneDrive\Desktop\JWLovers\server\node_modules\mongodb\src\cursor\abstract_cursor.ts:661:22)
    at model.Query._find (C:\Users\LENOVO\OneDrive\Desktop\JWLovers\server\node_modules\mongoose\lib\query.js:2436:14)
{
  "errorLabelSet": {},
  "reason": {
    "type": "ReplicaSetNoPrimary",
    "servers": {
      "ac-ycssmpd-shard-00-00.tvw48ir.mongodb.net:27017": {
        "address": "ac-ycssmpd-shard-00-00.tvw48ir.mongodb.net:27017",
        "type": "Unknown",
        "hosts": [],
        "passives": [],
        "arbiters": [],
        "tags": {},
        "minWireVersion": 0,
        "maxWireVersion": 0,
        "roundTripTime": -1,
        "minRoundTripTime": 0,
        "lastUpdateTime": 532475736,
        "lastWriteDate": 0,
        "error": {
          "errorLabelSet": {},
          "beforeHandshake": false
        },
        "topologyVersion": null,
        "setName": null,
        "setVersion": null,
        "electionId": null,
        "logicalSessionTimeoutMinutes": null,
        "maxMessageSizeBytes": null,
        "maxWriteBatchSize": null,
        "maxBsonObjectSize": null,
        "primary": null,
        "me": null,
        "$clusterTime": null,
        "iscryptd": false
      },
      "ac-ycssmpd-shard-00-01.tvw48ir.mongodb.net:27017": {
        "address": "ac-ycssmpd-shard-00-01.tvw48ir.mongodb.net:27017",
        "type": "Unknown",
        "hosts": [],
        "passives": [],
        "arbiters": [],
        "tags": {},
        "minWireVersion": 0,
        "maxWireVersion": 0,
        "roundTripTime": -1,
        "minRoundTripTime": 0,
        "lastUpdateTime": 532475737,
        "lastWriteDate": 0,
        "error": {
          "errorLabelSet": {},
          "beforeHandshake": false
        },
        "topologyVersion": null,
        "setName": null,
        "setVersion": null,
        "electionId": null,
        "logicalSessionTimeoutMinutes": null,
        "maxMessageSizeBytes": null,
        "maxWriteBatchSize": null,
        "maxBsonObjectSize": null,
        "primary": null,
        "me": null,
        "$clusterTime": null,
        "iscryptd": false
      },
      "ac-ycssmpd-shard-00-02.tvw48ir.mongodb.net:27017": {
        "address": "ac-ycssmpd-shard-00-02.tvw48ir.mongodb.net:27017",
        "type": "Unknown",
        "hosts": [],
        "passives": [],
        "arbiters": [],
        "tags": {},
        "minWireVersion": 0,
        "maxWireVersion": 0,
        "roundTripTime": -1,
        "minRoundTripTime": 0,
        "lastUpdateTime": 532475735,
        "lastWriteDate": 0,
        "error": {
          "errorLabelSet": {},
          "beforeHandshake": false
        },
        "topologyVersion": null,
        "setName": null,
        "setVersion": null,
        "electionId": null,
        "logicalSessionTimeoutMinutes": null,
        "maxMessageSizeBytes": null,
        "maxWriteBatchSize": null,
        "maxBsonObjectSize": null,
        "primary": null,
        "me": null,
        "$clusterTime": null,
        "iscryptd": false
      }
    },
    "stale": false,
    "compatible": true,
    "heartbeatFrequencyMS": 10000,
    "localThresholdMS": 15,
    "setName": "atlas-ldvzrz-shard-0",
    "maxElectionId": {
      "$oid": "7fffffff0000000000000078"
    },
    "maxSetVersion": 34,
    "commonWireVersion": 0,
    "logicalSessionTimeoutMinutes": null
  },
  "cause": {
    "errorLabelSet": {},
    "beforeHandshake": false
  }
}
2026-02-25T18:56:57.489Z [error]: Cleanup stale presence error: getaddrinfo ENOTFOUND ac-ycssmpd-shard-00-00.tvw48ir.mongodb.net
MongoServerSelectionError: getaddrinfo ENOTFOUND ac-ycssmpd-shard-00-00.tvw48ir.mongodb.net
    at Topology.selectServer (C:\Users\LENOVO\OneDrive\Desktop\JWLovers\server\node_modules\mongodb\src\sdam\topology.ts:630:30)
    at tryOperation (C:\Users\LENOVO\OneDrive\Desktop\JWLovers\server\node_modules\mongodb\src\operations\execute_operation.ts:206:16)
    at executeOperation (C:\Users\LENOVO\OneDrive\Desktop\JWLovers\server\node_modules\mongodb\src\operations\execute_operation.ts:123:12)
    at FindCursor._initialize (C:\Users\LENOVO\OneDrive\Desktop\JWLovers\server\node_modules\mongodb\src\cursor\find_cursor.ts:92:22)
    at FindCursor.cursorInit (C:\Users\LENOVO\OneDrive\Desktop\JWLovers\server\node_modules\mongodb\src\cursor\abstract_cursor.ts:917:21)
    at FindCursor.fetchBatch (C:\Users\LENOVO\OneDrive\Desktop\JWLovers\server\node_modules\mongodb\src\cursor\abstract_cursor.ts:955:7)
    at FindCursor.next (C:\Users\LENOVO\OneDrive\Desktop\JWLovers\server\node_modules\mongodb\src\cursor\abstract_cursor.ts:573:9)
    at FindCursor.[Symbol.asyncIterator] (C:\Users\LENOVO\OneDrive\Desktop\JWLovers\server\node_modules\mongodb\src\cursor\abstract_cursor.ts:492:26)
    at FindCursor.toArray (C:\Users\LENOVO\OneDrive\Desktop\JWLovers\server\node_modules\mongodb\src\cursor\abstract_cursor.ts:661:22)
    at model.Query._find (C:\Users\LENOVO\OneDrive\Desktop\JWLovers\server\node_modules\mongoose\lib\query.js:2436:14)
{
  "errorLabelSet": {},
  "reason": {
    "type": "ReplicaSetNoPrimary",
    "servers": {
      "ac-ycssmpd-shard-00-00.tvw48ir.mongodb.net:27017": {
        "address": "ac-ycssmpd-shard-00-00.tvw48ir.mongodb.net:27017",
        "type": "Unknown",
        "hosts": [],
        "passives": [],
        "arbiters": [],
        "tags": {},
        "minWireVersion": 0,
        "maxWireVersion": 0,
        "roundTripTime": -1,
        "minRoundTripTime": 0,
        "lastUpdateTime": 532535771,
        "lastWriteDate": 0,
        "error": {
          "errorLabelSet": {},
          "beforeHandshake": false
        },
        "topologyVersion": null,
        "setName": null,
        "setVersion": null,
        "electionId": null,
        "logicalSessionTimeoutMinutes": null,
        "maxMessageSizeBytes": null,
        "maxWriteBatchSize": null,
        "maxBsonObjectSize": null,
        "primary": null,
        "me": null,
        "$clusterTime": null,
        "iscryptd": false
      },
      "ac-ycssmpd-shard-00-01.tvw48ir.mongodb.net:27017": {
        "address": "ac-ycssmpd-shard-00-01.tvw48ir.mongodb.net:27017",
        "type": "Unknown",
        "hosts": [],
        "passives": [],
        "arbiters": [],
        "tags": {},
        "minWireVersion": 0,
        "maxWireVersion": 0,
        "roundTripTime": -1,
        "minRoundTripTime": 0,
        "lastUpdateTime": 532535771,
        "lastWriteDate": 0,
        "error": {
          "errorLabelSet": {},
          "beforeHandshake": false
        },
        "topologyVersion": null,
        "setName": null,
        "setVersion": null,
        "electionId": null,
        "logicalSessionTimeoutMinutes": null,
        "maxMessageSizeBytes": null,
        "maxWriteBatchSize": null,
        "maxBsonObjectSize": null,
        "primary": null,
        "me": null,
        "$clusterTime": null,
        "iscryptd": false
      },
      "ac-ycssmpd-shard-00-02.tvw48ir.mongodb.net:27017": {
        "address": "ac-ycssmpd-shard-00-02.tvw48ir.mongodb.net:27017",
        "type": "Unknown",
        "hosts": [],
        "passives": [],
        "arbiters": [],
        "tags": {},
        "minWireVersion": 0,
        "maxWireVersion": 0,
        "roundTripTime": -1,
        "minRoundTripTime": 0,
        "lastUpdateTime": 532535772,
        "lastWriteDate": 0,
        "error": {
          "errorLabelSet": {},
          "beforeHandshake": false
        },
        "topologyVersion": null,
        "setName": null,
        "setVersion": null,
        "electionId": null,
        "logicalSessionTimeoutMinutes": null,
        "maxMessageSizeBytes": null,
        "maxWriteBatchSize": null,
        "maxBsonObjectSize": null,
        "primary": null,
        "me": null,
        "$clusterTime": null,
        "iscryptd": false
      }
    },
    "stale": false,
    "compatible": true,
    "heartbeatFrequencyMS": 10000,
    "localThresholdMS": 15,
    "setName": "atlas-ldvzrz-shard-0",
    "maxElectionId": {
      "$oid": "7fffffff0000000000000078"
    },
    "maxSetVersion": 34,
    "commonWireVersion": 0,
    "logicalSessionTimeoutMinutes": null
  },
  "cause": {
    "errorLabelSet": {},
    "beforeHandshake": false
  }
}
2026-02-25T18:57:57.493Z [error]: Cleanup stale presence error: getaddrinfo ENOTFOUND ac-ycssmpd-shard-00-00.tvw48ir.mongodb.net
MongoServerSelectionError: getaddrinfo ENOTFOUND ac-ycssmpd-shard-00-00.tvw48ir.mongodb.net
    at Topology.selectServer (C:\Users\LENOVO\OneDrive\Desktop\JWLovers\server\node_modules\mongodb\src\sdam\topology.ts:630:30)
    at tryOperation (C:\Users\LENOVO\OneDrive\Desktop\JWLovers\server\node_modules\mongodb\src\operations\execute_operation.ts:206:16)
    at executeOperation (C:\Users\LENOVO\OneDrive\Desktop\JWLovers\server\node_modules\mongodb\src\operations\execute_operation.ts:123:12)
    at FindCursor._initialize (C:\Users\LENOVO\OneDrive\Desktop\JWLovers\server\node_modules\mongodb\src\cursor\find_cursor.ts:92:22)
    at FindCursor.cursorInit (C:\Users\LENOVO\OneDrive\Desktop\JWLovers\server\node_modules\mongodb\src\cursor\abstract_cursor.ts:917:21)
    at FindCursor.fetchBatch (C:\Users\LENOVO\OneDrive\Desktop\JWLovers\server\node_modules\mongodb\src\cursor\abstract_cursor.ts:955:7)
    at FindCursor.next (C:\Users\LENOVO\OneDrive\Desktop\JWLovers\server\node_modules\mongodb\src\cursor\abstract_cursor.ts:573:9)
    at FindCursor.[Symbol.asyncIterator] (C:\Users\LENOVO\OneDrive\Desktop\JWLovers\server\node_modules\mongodb\src\cursor\abstract_cursor.ts:492:26)
    at FindCursor.toArray (C:\Users\LENOVO\OneDrive\Desktop\JWLovers\server\node_modules\mongodb\src\cursor\abstract_cursor.ts:661:22)
    at model.Query._find (C:\Users\LENOVO\OneDrive\Desktop\JWLovers\server\node_modules\mongoose\lib\query.js:2436:14)
{
  "errorLabelSet": {},
  "reason": {
    "type": "ReplicaSetNoPrimary",
    "servers": {
      "ac-ycssmpd-shard-00-00.tvw48ir.mongodb.net:27017": {
        "address": "ac-ycssmpd-shard-00-00.tvw48ir.mongodb.net:27017",
        "type": "Unknown",
        "hosts": [],
        "passives": [],
        "arbiters": [],
        "tags": {},
        "minWireVersion": 0,
        "maxWireVersion": 0,
        "roundTripTime": -1,
        "minRoundTripTime": 0,
        "lastUpdateTime": 532595732,
        "lastWriteDate": 0,
        "error": {
          "errorLabelSet": {},
          "beforeHandshake": false
        },
        "topologyVersion": null,
        "setName": null,
        "setVersion": null,
        "electionId": null,
        "logicalSessionTimeoutMinutes": null,
        "maxMessageSizeBytes": null,
        "maxWriteBatchSize": null,
        "maxBsonObjectSize": null,
        "primary": null,
        "me": null,
        "$clusterTime": null,
        "iscryptd": false
      },
      "ac-ycssmpd-shard-00-01.tvw48ir.mongodb.net:27017": {
        "address": "ac-ycssmpd-shard-00-01.tvw48ir.mongodb.net:27017",
        "type": "Unknown",
        "hosts": [],
        "passives": [],
        "arbiters": [],
        "tags": {},
        "minWireVersion": 0,
        "maxWireVersion": 0,
        "roundTripTime": -1,
        "minRoundTripTime": 0,
        "lastUpdateTime": 532595733,
        "lastWriteDate": 0,
        "error": {
          "errorLabelSet": {},
          "beforeHandshake": false
        },
        "topologyVersion": null,
        "setName": null,
        "setVersion": null,
        "electionId": null,
        "logicalSessionTimeoutMinutes": null,
        "maxMessageSizeBytes": null,
        "maxWriteBatchSize": null,
        "maxBsonObjectSize": null,
        "primary": null,
        "me": null,
        "$clusterTime": null,
        "iscryptd": false
      },
      "ac-ycssmpd-shard-00-02.tvw48ir.mongodb.net:27017": {
        "address": "ac-ycssmpd-shard-00-02.tvw48ir.mongodb.net:27017",
        "type": "Unknown",
        "hosts": [],
        "passives": [],
        "arbiters": [],
        "tags": {},
        "minWireVersion": 0,
        "maxWireVersion": 0,
        "roundTripTime": -1,
        "minRoundTripTime": 0,
        "lastUpdateTime": 532595733,
        "lastWriteDate": 0,
        "error": {
          "errorLabelSet": {},
          "beforeHandshake": false
        },
        "topologyVersion": null,
        "setName": null,
        "setVersion": null,
        "electionId": null,
        "logicalSessionTimeoutMinutes": null,
        "maxMessageSizeBytes": null,
        "maxWriteBatchSize": null,
        "maxBsonObjectSize": null,
        "primary": null,
        "me": null,
        "$clusterTime": null,
        "iscryptd": false
      }
    },
    "stale": false,
    "compatible": true,
    "heartbeatFrequencyMS": 10000,
    "localThresholdMS": 15,
    "setName": "atlas-ldvzrz-shard-0",
    "maxElectionId": {
      "$oid": "7fffffff0000000000000078"
    },
    "maxSetVersion": 34,
    "commonWireVersion": 0,
    "logicalSessionTimeoutMinutes": null
  },
  "cause": {
    "errorLabelSet": {},
    "beforeHandshake": false
  }
}
2026-02-25T18:58:57.500Z [error]: Cleanup stale presence error: getaddrinfo ENOTFOUND ac-ycssmpd-shard-00-00.tvw48ir.mongodb.net
MongoServerSelectionError: getaddrinfo ENOTFOUND ac-ycssmpd-shard-00-00.tvw48ir.mongodb.net
    at Topology.selectServer (C:\Users\LENOVO\OneDrive\Desktop\JWLovers\server\node_modules\mongodb\src\sdam\topology.ts:630:30)
    at tryOperation (C:\Users\LENOVO\OneDrive\Desktop\JWLovers\server\node_modules\mongodb\src\operations\execute_operation.ts:206:16)
    at executeOperation (C:\Users\LENOVO\OneDrive\Desktop\JWLovers\server\node_modules\mongodb\src\operations\execute_operation.ts:123:12)
    at FindCursor._initialize (C:\Users\LENOVO\OneDrive\Desktop\JWLovers\server\node_modules\mongodb\src\cursor\find_cursor.ts:92:22)
    at FindCursor.cursorInit (C:\Users\LENOVO\OneDrive\Desktop\JWLovers\server\node_modules\mongodb\src\cursor\abstract_cursor.ts:917:21)
    at FindCursor.fetchBatch (C:\Users\LENOVO\OneDrive\Desktop\JWLovers\server\node_modules\mongodb\src\cursor\abstract_cursor.ts:955:7)
    at FindCursor.next (C:\Users\LENOVO\OneDrive\Desktop\JWLovers\server\node_modules\mongodb\src\cursor\abstract_cursor.ts:573:9)
    at FindCursor.[Symbol.asyncIterator] (C:\Users\LENOVO\OneDrive\Desktop\JWLovers\server\node_modules\mongodb\src\cursor\abstract_cursor.ts:492:26)
    at FindCursor.toArray (C:\Users\LENOVO\OneDrive\Desktop\JWLovers\server\node_modules\mongodb\src\cursor\abstract_cursor.ts:661:22)
    at model.Query._find (C:\Users\LENOVO\OneDrive\Desktop\JWLovers\server\node_modules\mongoose\lib\query.js:2436:14)
{
  "errorLabelSet": {},
  "reason": {
    "type": "ReplicaSetNoPrimary",
    "servers": {
      "ac-ycssmpd-shard-00-00.tvw48ir.mongodb.net:27017": {
        "address": "ac-ycssmpd-shard-00-00.tvw48ir.mongodb.net:27017",
        "type": "Unknown",
        "hosts": [],
        "passives": [],
        "arbiters": [],
        "tags": {},
        "minWireVersion": 0,
        "maxWireVersion": 0,
        "roundTripTime": -1,
        "minRoundTripTime": 0,
        "lastUpdateTime": 532655849,
        "lastWriteDate": 0,
        "error": {
          "errorLabelSet": {},
          "beforeHandshake": false
        },
        "topologyVersion": null,
        "setName": null,
        "setVersion": null,
        "electionId": null,
        "logicalSessionTimeoutMinutes": null,
        "maxMessageSizeBytes": null,
        "maxWriteBatchSize": null,
        "maxBsonObjectSize": null,
        "primary": null,
        "me": null,
        "$clusterTime": null,
        "iscryptd": false
      },
      "ac-ycssmpd-shard-00-01.tvw48ir.mongodb.net:27017": {
        "address": "ac-ycssmpd-shard-00-01.tvw48ir.mongodb.net:27017",
        "type": "Unknown",
        "hosts": [],
        "passives": [],
        "arbiters": [],
        "tags": {},
        "minWireVersion": 0,
        "maxWireVersion": 0,
        "roundTripTime": -1,
        "minRoundTripTime": 0,
        "lastUpdateTime": 532655851,
        "lastWriteDate": 0,
        "error": {
          "errorLabelSet": {},
          "beforeHandshake": false
        },
        "topologyVersion": null,
        "setName": null,
        "setVersion": null,
        "electionId": null,
        "logicalSessionTimeoutMinutes": null,
        "maxMessageSizeBytes": null,
        "maxWriteBatchSize": null,
        "maxBsonObjectSize": null,
        "primary": null,
        "me": null,
        "$clusterTime": null,
        "iscryptd": false
      },
      "ac-ycssmpd-shard-00-02.tvw48ir.mongodb.net:27017": {
        "address": "ac-ycssmpd-shard-00-02.tvw48ir.mongodb.net:27017",
        "type": "Unknown",
        "hosts": [],
        "passives": [],
        "arbiters": [],
        "tags": {},
        "minWireVersion": 0,
        "maxWireVersion": 0,
        "roundTripTime": -1,
        "minRoundTripTime": 0,
        "lastUpdateTime": 532655852,
        "lastWriteDate": 0,
        "error": {
          "errorLabelSet": {},
          "beforeHandshake": false
        },
        "topologyVersion": null,
        "setName": null,
        "setVersion": null,
        "electionId": null,
        "logicalSessionTimeoutMinutes": null,
        "maxMessageSizeBytes": null,
        "maxWriteBatchSize": null,
        "maxBsonObjectSize": null,
        "primary": null,
        "me": null,
        "$clusterTime": null,
        "iscryptd": false
      }
    },
    "stale": false,
    "compatible": true,
    "heartbeatFrequencyMS": 10000,
    "localThresholdMS": 15,
    "setName": "atlas-ldvzrz-shard-0",
    "maxElectionId": {
      "$oid": "7fffffff0000000000000078"
    },
    "maxSetVersion": 34,
    "commonWireVersion": 0,
    "logicalSessionTimeoutMinutes": null
  },
  "cause": {
    "errorLabelSet": {},
    "beforeHandshake": false
  }
}
2026-02-25T19:21:32.227Z [error]: Cleanup stale presence error: getaddrinfo ENOTFOUND ac-ycssmpd-shard-00-00.tvw48ir.mongodb.net
MongoServerSelectionError: getaddrinfo ENOTFOUND ac-ycssmpd-shard-00-00.tvw48ir.mongodb.net
    at Topology.selectServer (C:\Users\LENOVO\OneDrive\Desktop\JWLovers\server\node_modules\mongodb\src\sdam\topology.ts:630:30)
    at tryOperation (C:\Users\LENOVO\OneDrive\Desktop\JWLovers\server\node_modules\mongodb\src\operations\execute_operation.ts:206:16)
    at executeOperation (C:\Users\LENOVO\OneDrive\Desktop\JWLovers\server\node_modules\mongodb\src\operations\execute_operation.ts:123:12)
    at FindCursor._initialize (C:\Users\LENOVO\OneDrive\Desktop\JWLovers\server\node_modules\mongodb\src\cursor\find_cursor.ts:92:22)
    at FindCursor.cursorInit (C:\Users\LENOVO\OneDrive\Desktop\JWLovers\server\node_modules\mongodb\src\cursor\abstract_cursor.ts:917:21)
    at FindCursor.fetchBatch (C:\Users\LENOVO\OneDrive\Desktop\JWLovers\server\node_modules\mongodb\src\cursor\abstract_cursor.ts:955:7)
    at FindCursor.next (C:\Users\LENOVO\OneDrive\Desktop\JWLovers\server\node_modules\mongodb\src\cursor\abstract_cursor.ts:573:9)
    at FindCursor.[Symbol.asyncIterator] (C:\Users\LENOVO\OneDrive\Desktop\JWLovers\server\node_modules\mongodb\src\cursor\abstract_cursor.ts:492:26)
    at FindCursor.toArray (C:\Users\LENOVO\OneDrive\Desktop\JWLovers\server\node_modules\mongodb\src\cursor\abstract_cursor.ts:661:22)
    at model.Query._find (C:\Users\LENOVO\OneDrive\Desktop\JWLovers\server\node_modules\mongoose\lib\query.js:2436:14)
{
  "errorLabelSet": {},
  "reason": {
    "type": "ReplicaSetNoPrimary",
    "servers": {
      "ac-ycssmpd-shard-00-00.tvw48ir.mongodb.net:27017": {
        "address": "ac-ycssmpd-shard-00-00.tvw48ir.mongodb.net:27017",
        "type": "Unknown",
        "hosts": [],
        "passives": [],
        "arbiters": [],
        "tags": {},
        "minWireVersion": 0,
        "maxWireVersion": 0,
        "roundTripTime": -1,
        "minRoundTripTime": 0,
        "lastUpdateTime": 532666409,
        "lastWriteDate": 0,
        "error": {
          "errorLabelSet": {},
          "beforeHandshake": false
        },
        "topologyVersion": null,
        "setName": null,
        "setVersion": null,
        "electionId": null,
        "logicalSessionTimeoutMinutes": null,
        "maxMessageSizeBytes": null,
        "maxWriteBatchSize": null,
        "maxBsonObjectSize": null,
        "primary": null,
        "me": null,
        "$clusterTime": null,
        "iscryptd": false
      },
      "ac-ycssmpd-shard-00-01.tvw48ir.mongodb.net:27017": {
        "address": "ac-ycssmpd-shard-00-01.tvw48ir.mongodb.net:27017",
        "type": "Unknown",
        "hosts": [],
        "passives": [],
        "arbiters": [],
        "tags": {},
        "minWireVersion": 0,
        "maxWireVersion": 0,
        "roundTripTime": -1,
        "minRoundTripTime": 0,
        "lastUpdateTime": 532666413,
        "lastWriteDate": 0,
        "error": {
          "errorLabelSet": {},
          "beforeHandshake": false
        },
        "topologyVersion": null,
        "setName": null,
        "setVersion": null,
        "electionId": null,
        "logicalSessionTimeoutMinutes": null,
        "maxMessageSizeBytes": null,
        "maxWriteBatchSize": null,
        "maxBsonObjectSize": null,
        "primary": null,
        "me": null,
        "$clusterTime": null,
        "iscryptd": false
      },
      "ac-ycssmpd-shard-00-02.tvw48ir.mongodb.net:27017": {
        "address": "ac-ycssmpd-shard-00-02.tvw48ir.mongodb.net:27017",
        "type": "Unknown",
        "hosts": [],
        "passives": [],
        "arbiters": [],
        "tags": {},
        "minWireVersion": 0,
        "maxWireVersion": 0,
        "roundTripTime": -1,
        "minRoundTripTime": 0,
        "lastUpdateTime": 532666414,
        "lastWriteDate": 0,
        "error": {
          "errorLabelSet": {},
          "beforeHandshake": false
        },
        "topologyVersion": null,
        "setName": null,
        "setVersion": null,
        "electionId": null,
        "logicalSessionTimeoutMinutes": null,
        "maxMessageSizeBytes": null,
        "maxWriteBatchSize": null,
        "maxBsonObjectSize": null,
        "primary": null,
        "me": null,
        "$clusterTime": null,
        "iscryptd": false
      }
    },
    "stale": false,
    "compatible": true,
    "heartbeatFrequencyMS": 10000,
    "localThresholdMS": 15,
    "setName": "atlas-ldvzrz-shard-0",
    "maxElectionId": {
      "$oid": "7fffffff0000000000000078"
    },
    "maxSetVersion": 34,
    "commonWireVersion": 0,
    "logicalSessionTimeoutMinutes": null
  },
  "cause": {
    "errorLabelSet": {},
    "beforeHandshake": false
  }
}
2026-02-25T19:24:39.008Z [error]: Authentication error:
2026-02-25T19:24:39.073Z [error]: Authentication error:
2026-02-25T19:45:21.749Z [error]: Mark user offline error: connection <monitor> to 20.49.59.176:27017 timed out
MongoServerSelectionError: connection <monitor> to 20.49.59.176:27017 timed out
    at Topology.selectServer (C:\Users\LENOVO\OneDrive\Desktop\JWLovers\server\node_modules\mongodb\src\sdam\topology.ts:630:30)
    at runNextTicks (node:internal/process/task_queues:65:5)
    at listOnTimeout (node:internal/timers:549:9)
    at processTimers (node:internal/timers:523:7)
    at tryOperation (C:\Users\LENOVO\OneDrive\Desktop\JWLovers\server\node_modules\mongodb\src\operations\execute_operation.ts:270:16)
    at executeOperation (C:\Users\LENOVO\OneDrive\Desktop\JWLovers\server\node_modules\mongodb\src\operations\execute_operation.ts:123:12)
    at FindCursor._initialize (C:\Users\LENOVO\OneDrive\Desktop\JWLovers\server\node_modules\mongodb\src\cursor\find_cursor.ts:92:22)
    at FindCursor.cursorInit (C:\Users\LENOVO\OneDrive\Desktop\JWLovers\server\node_modules\mongodb\src\cursor\abstract_cursor.ts:917:21)
    at FindCursor.fetchBatch (C:\Users\LENOVO\OneDrive\Desktop\JWLovers\server\node_modules\mongodb\src\cursor\abstract_cursor.ts:955:7)
    at FindCursor.next (C:\Users\LENOVO\OneDrive\Desktop\JWLovers\server\node_modules\mongodb\src\cursor\abstract_cursor.ts:573:9)
{
  "errorLabelSet": {},
  "reason": {
    "type": "ReplicaSetNoPrimary",
    "servers": {
      "ac-ycssmpd-shard-00-00.tvw48ir.mongodb.net:27017": {
        "address": "ac-ycssmpd-shard-00-00.tvw48ir.mongodb.net:27017",
        "type": "Unknown",
        "hosts": [],
        "passives": [],
        "arbiters": [],
        "tags": {},
        "minWireVersion": 0,
        "maxWireVersion": 0,
        "roundTripTime": -1,
        "minRoundTripTime": 0,
        "lastUpdateTime": 535434483,
        "lastWriteDate": 0,
        "error": {
          "errorLabelSet": {},
          "beforeHandshake": false
        },
        "topologyVersion": null,
        "setName": null,
        "setVersion": null,
        "electionId": null,
        "logicalSessionTimeoutMinutes": null,
        "maxMessageSizeBytes": null,
        "maxWriteBatchSize": null,
        "maxBsonObjectSize": null,
        "primary": null,
        "me": null,
        "$clusterTime": null,
        "iscryptd": false
      },
      "ac-ycssmpd-shard-00-01.tvw48ir.mongodb.net:27017": {
        "address": "ac-ycssmpd-shard-00-01.tvw48ir.mongodb.net:27017",
        "type": "Unknown",
        "hosts": [],
        "passives": [],
        "arbiters": [],
        "tags": {},
        "minWireVersion": 0,
        "maxWireVersion": 0,
        "roundTripTime": -1,
        "minRoundTripTime": 0,
        "lastUpdateTime": 535431080,
        "lastWriteDate": 0,
        "error": {
          "errorLabelSet": {},
          "beforeHandshake": false
        },
        "topologyVersion": null,
        "setName": null,
        "setVersion": null,
        "electionId": null,
        "logicalSessionTimeoutMinutes": null,
        "maxMessageSizeBytes": null,
        "maxWriteBatchSize": null,
        "maxBsonObjectSize": null,
        "primary": null,
        "me": null,
        "$clusterTime": null,
        "iscryptd": false
      },
      "ac-ycssmpd-shard-00-02.tvw48ir.mongodb.net:27017": {
        "address": "ac-ycssmpd-shard-00-02.tvw48ir.mongodb.net:27017",
        "type": "Unknown",
        "hosts": [],
        "passives": [],
        "arbiters": [],
        "tags": {},
        "minWireVersion": 0,
        "maxWireVersion": 0,
        "roundTripTime": -1,
        "minRoundTripTime": 0,
        "lastUpdateTime": 535434542,
        "lastWriteDate": 0,
        "error": {
          "errorLabelSet": {},
          "beforeHandshake": false
        },
        "topologyVersion": null,
        "setName": null,
        "setVersion": null,
        "electionId": null,
        "logicalSessionTimeoutMinutes": null,
        "maxMessageSizeBytes": null,
        "maxWriteBatchSize": null,
        "maxBsonObjectSize": null,
        "primary": null,
        "me": null,
        "$clusterTime": null,
        "iscryptd": false
      }
    },
    "stale": false,
    "compatible": true,
    "heartbeatFrequencyMS": 10000,
    "localThresholdMS": 15,
    "setName": "atlas-ldvzrz-shard-0",
    "maxElectionId": {
      "$oid": "7fffffff0000000000000078"
    },
    "maxSetVersion": 34,
    "commonWireVersion": 0,
    "logicalSessionTimeoutMinutes": null
  },
  "cause": {
    "errorLabelSet": {},
    "beforeHandshake": false
  }
}
2026-02-25T19:45:22.469Z [error]: Cleanup stale presence error: connection <monitor> to 20.49.59.176:27017 timed out
MongoServerSelectionError: connection <monitor> to 20.49.59.176:27017 timed out
    at Topology.selectServer (C:\Users\LENOVO\OneDrive\Desktop\JWLovers\server\node_modules\mongodb\src\sdam\topology.ts:630:30)
    at runNextTicks (node:internal/process/task_queues:65:5)
    at processTimers (node:internal/timers:520:9)
    at tryOperation (C:\Users\LENOVO\OneDrive\Desktop\JWLovers\server\node_modules\mongodb\src\operations\execute_operation.ts:270:16)
    at executeOperation (C:\Users\LENOVO\OneDrive\Desktop\JWLovers\server\node_modules\mongodb\src\operations\execute_operation.ts:123:12)
    at FindCursor._initialize (C:\Users\LENOVO\OneDrive\Desktop\JWLovers\server\node_modules\mongodb\src\cursor\find_cursor.ts:92:22)
    at FindCursor.cursorInit (C:\Users\LENOVO\OneDrive\Desktop\JWLovers\server\node_modules\mongodb\src\cursor\abstract_cursor.ts:917:21)
    at FindCursor.fetchBatch (C:\Users\LENOVO\OneDrive\Desktop\JWLovers\server\node_modules\mongodb\src\cursor\abstract_cursor.ts:955:7)
    at FindCursor.next (C:\Users\LENOVO\OneDrive\Desktop\JWLovers\server\node_modules\mongodb\src\cursor\abstract_cursor.ts:573:9)
    at FindCursor.[Symbol.asyncIterator] (C:\Users\LENOVO\OneDrive\Desktop\JWLovers\server\node_modules\mongodb\src\cursor\abstract_cursor.ts:492:26)
{
  "errorLabelSet": {},
  "reason": {
    "type": "ReplicaSetNoPrimary",
    "servers": {
      "ac-ycssmpd-shard-00-00.tvw48ir.mongodb.net:27017": {
        "address": "ac-ycssmpd-shard-00-00.tvw48ir.mongodb.net:27017",
        "type": "Unknown",
        "hosts": [],
        "passives": [],
        "arbiters": [],
        "tags": {},
        "minWireVersion": 0,
        "maxWireVersion": 0,
        "roundTripTime": -1,
        "minRoundTripTime": 0,
        "lastUpdateTime": 535434483,
        "lastWriteDate": 0,
        "error": {
          "errorLabelSet": {},
          "beforeHandshake": false
        },
        "topologyVersion": null,
        "setName": null,
        "setVersion": null,
        "electionId": null,
        "logicalSessionTimeoutMinutes": null,
        "maxMessageSizeBytes": null,
        "maxWriteBatchSize": null,
        "maxBsonObjectSize": null,
        "primary": null,
        "me": null,
        "$clusterTime": null,
        "iscryptd": false
      },
      "ac-ycssmpd-shard-00-01.tvw48ir.mongodb.net:27017": {
        "address": "ac-ycssmpd-shard-00-01.tvw48ir.mongodb.net:27017",
        "type": "Unknown",
        "hosts": [],
        "passives": [],
        "arbiters": [],
        "tags": {},
        "minWireVersion": 0,
        "maxWireVersion": 0,
        "roundTripTime": -1,
        "minRoundTripTime": 0,
        "lastUpdateTime": 535431080,
        "lastWriteDate": 0,
        "error": {
          "errorLabelSet": {},
          "beforeHandshake": false
        },
        "topologyVersion": null,
        "setName": null,
        "setVersion": null,
        "electionId": null,
        "logicalSessionTimeoutMinutes": null,
        "maxMessageSizeBytes": null,
        "maxWriteBatchSize": null,
        "maxBsonObjectSize": null,
        "primary": null,
        "me": null,
        "$clusterTime": null,
        "iscryptd": false
      },
      "ac-ycssmpd-shard-00-02.tvw48ir.mongodb.net:27017": {
        "address": "ac-ycssmpd-shard-00-02.tvw48ir.mongodb.net:27017",
        "type": "Unknown",
        "hosts": [],
        "passives": [],
        "arbiters": [],
        "tags": {},
        "minWireVersion": 0,
        "maxWireVersion": 0,
        "roundTripTime": -1,
        "minRoundTripTime": 0,
        "lastUpdateTime": 535434542,
        "lastWriteDate": 0,
        "error": {
          "errorLabelSet": {},
          "beforeHandshake": false
        },
        "topologyVersion": null,
        "setName": null,
        "setVersion": null,
        "electionId": null,
        "logicalSessionTimeoutMinutes": null,
        "maxMessageSizeBytes": null,
        "maxWriteBatchSize": null,
        "maxBsonObjectSize": null,
        "primary": null,
        "me": null,
        "$clusterTime": null,
        "iscryptd": false
      }
    },
    "stale": false,
    "compatible": true,
    "heartbeatFrequencyMS": 10000,
    "localThresholdMS": 15,
    "setName": "atlas-ldvzrz-shard-0",
    "maxElectionId": {
      "$oid": "7fffffff0000000000000078"
    },
    "maxSetVersion": 34,
    "commonWireVersion": 0,
    "logicalSessionTimeoutMinutes": null
  },
  "cause": {
    "errorLabelSet": {},
    "beforeHandshake": false
  }
}
2026-02-26T02:53:59.618Z [error]: Cleanup stale presence error: connection <monitor> to 20.49.59.176:27017 timed out
MongoServerSelectionError: connection <monitor> to 20.49.59.176:27017 timed out
    at Topology.selectServer (C:\Users\LENOVO\OneDrive\Desktop\JWLovers\server\node_modules\mongodb\src\sdam\topology.ts:630:30)
    at tryOperation (C:\Users\LENOVO\OneDrive\Desktop\JWLovers\server\node_modules\mongodb\src\operations\execute_operation.ts:270:16)
    at executeOperation (C:\Users\LENOVO\OneDrive\Desktop\JWLovers\server\node_modules\mongodb\src\operations\execute_operation.ts:123:12)
    at FindCursor._initialize (C:\Users\LENOVO\OneDrive\Desktop\JWLovers\server\node_modules\mongodb\src\cursor\find_cursor.ts:92:22)
    at FindCursor.cursorInit (C:\Users\LENOVO\OneDrive\Desktop\JWLovers\server\node_modules\mongodb\src\cursor\abstract_cursor.ts:917:21)
    at FindCursor.fetchBatch (C:\Users\LENOVO\OneDrive\Desktop\JWLovers\server\node_modules\mongodb\src\cursor\abstract_cursor.ts:955:7)
    at FindCursor.next (C:\Users\LENOVO\OneDrive\Desktop\JWLovers\server\node_modules\mongodb\src\cursor\abstract_cursor.ts:573:9)
    at FindCursor.[Symbol.asyncIterator] (C:\Users\LENOVO\OneDrive\Desktop\JWLovers\server\node_modules\mongodb\src\cursor\abstract_cursor.ts:492:26)
    at FindCursor.toArray (C:\Users\LENOVO\OneDrive\Desktop\JWLovers\server\node_modules\mongodb\src\cursor\abstract_cursor.ts:661:22)
    at model.Query._find (C:\Users\LENOVO\OneDrive\Desktop\JWLovers\server\node_modules\mongoose\lib\query.js:2436:14)
{
  "errorLabelSet": {},
  "reason": {
    "type": "ReplicaSetNoPrimary",
    "servers": {
      "ac-ycssmpd-shard-00-00.tvw48ir.mongodb.net:27017": {
        "address": "ac-ycssmpd-shard-00-00.tvw48ir.mongodb.net:27017",
        "type": "Unknown",
        "hosts": [],
        "passives": [],
        "arbiters": [],
        "tags": {},
        "minWireVersion": 0,
        "maxWireVersion": 0,
        "roundTripTime": -1,
        "minRoundTripTime": 0,
        "lastUpdateTime": 561153460,
        "lastWriteDate": 0,
        "error": {
          "errorLabelSet": {},
          "beforeHandshake": false
        },
        "topologyVersion": null,
        "setName": null,
        "setVersion": null,
        "electionId": null,
        "logicalSessionTimeoutMinutes": null,
        "maxMessageSizeBytes": null,
        "maxWriteBatchSize": null,
        "maxBsonObjectSize": null,
        "primary": null,
        "me": null,
        "$clusterTime": null,
        "iscryptd": false
      },
      "ac-ycssmpd-shard-00-01.tvw48ir.mongodb.net:27017": {
        "address": "ac-ycssmpd-shard-00-01.tvw48ir.mongodb.net:27017",
        "type": "Unknown",
        "hosts": [],
        "passives": [],
        "arbiters": [],
        "tags": {},
        "minWireVersion": 0,
        "maxWireVersion": 0,
        "roundTripTime": -1,
        "minRoundTripTime": 0,
        "lastUpdateTime": 561153466,
        "lastWriteDate": 0,
        "error": {
          "errorLabelSet": {},
          "beforeHandshake": false
        },
        "topologyVersion": null,
        "setName": null,
        "setVersion": null,
        "electionId": null,
        "logicalSessionTimeoutMinutes": null,
        "maxMessageSizeBytes": null,
        "maxWriteBatchSize": null,
        "maxBsonObjectSize": null,
        "primary": null,
        "me": null,
        "$clusterTime": null,
        "iscryptd": false
      },
      "ac-ycssmpd-shard-00-02.tvw48ir.mongodb.net:27017": {
        "address": "ac-ycssmpd-shard-00-02.tvw48ir.mongodb.net:27017",
        "type": "Unknown",
        "hosts": [],
        "passives": [],
        "arbiters": [],
        "tags": {},
        "minWireVersion": 0,
        "maxWireVersion": 0,
        "roundTripTime": -1,
        "minRoundTripTime": 0,
        "lastUpdateTime": 561153464,
        "lastWriteDate": 0,
        "error": {
          "errorLabelSet": {},
          "beforeHandshake": false
        },
        "topologyVersion": null,
        "setName": null,
        "setVersion": null,
        "electionId": null,
        "logicalSessionTimeoutMinutes": null,
        "maxMessageSizeBytes": null,
        "maxWriteBatchSize": null,
        "maxBsonObjectSize": null,
        "primary": null,
        "me": null,
        "$clusterTime": null,
        "iscryptd": false
      }
    },
    "stale": false,
    "compatible": true,
    "heartbeatFrequencyMS": 10000,
    "localThresholdMS": 15,
    "setName": "atlas-ldvzrz-shard-0",
    "maxElectionId": {
      "$oid": "7fffffff0000000000000079"
    },
    "maxSetVersion": 34,
    "commonWireVersion": 0,
    "logicalSessionTimeoutMinutes": null
  },
  "cause": {
    "errorLabelSet": {},
    "beforeHandshake": false
  }
}
2026-02-26T05:17:52.825Z [error]: Cleanup stale presence error: getaddrinfo ENOTFOUND ac-ycssmpd-shard-00-00.tvw48ir.mongodb.net
MongoServerSelectionError: getaddrinfo ENOTFOUND ac-ycssmpd-shard-00-00.tvw48ir.mongodb.net
    at Topology.selectServer (C:\Users\LENOVO\OneDrive\Desktop\JWLovers\server\node_modules\mongodb\src\sdam\topology.ts:630:30)
    at tryOperation (C:\Users\LENOVO\OneDrive\Desktop\JWLovers\server\node_modules\mongodb\src\operations\execute_operation.ts:270:16)
    at executeOperation (C:\Users\LENOVO\OneDrive\Desktop\JWLovers\server\node_modules\mongodb\src\operations\execute_operation.ts:123:12)
    at FindCursor._initialize (C:\Users\LENOVO\OneDrive\Desktop\JWLovers\server\node_modules\mongodb\src\cursor\find_cursor.ts:92:22)
    at FindCursor.cursorInit (C:\Users\LENOVO\OneDrive\Desktop\JWLovers\server\node_modules\mongodb\src\cursor\abstract_cursor.ts:917:21)
    at FindCursor.fetchBatch (C:\Users\LENOVO\OneDrive\Desktop\JWLovers\server\node_modules\mongodb\src\cursor\abstract_cursor.ts:955:7)
    at FindCursor.next (C:\Users\LENOVO\OneDrive\Desktop\JWLovers\server\node_modules\mongodb\src\cursor\abstract_cursor.ts:573:9)
    at FindCursor.[Symbol.asyncIterator] (C:\Users\LENOVO\OneDrive\Desktop\JWLovers\server\node_modules\mongodb\src\cursor\abstract_cursor.ts:492:26)
    at FindCursor.toArray (C:\Users\LENOVO\OneDrive\Desktop\JWLovers\server\node_modules\mongodb\src\cursor\abstract_cursor.ts:661:22)
    at model.Query._find (C:\Users\LENOVO\OneDrive\Desktop\JWLovers\server\node_modules\mongoose\lib\query.js:2436:14)
{
  "errorLabelSet": {},
  "reason": {
    "type": "ReplicaSetNoPrimary",
    "servers": {
      "ac-ycssmpd-shard-00-00.tvw48ir.mongodb.net:27017": {
        "address": "ac-ycssmpd-shard-00-00.tvw48ir.mongodb.net:27017",
        "type": "Unknown",
        "hosts": [],
        "passives": [],
        "arbiters": [],
        "tags": {},
        "minWireVersion": 0,
        "maxWireVersion": 0,
        "roundTripTime": -1,
        "minRoundTripTime": 0,
        "lastUpdateTime": 569796490,
        "lastWriteDate": 0,
        "error": {
          "errorLabelSet": {},
          "beforeHandshake": false
        },
        "topologyVersion": null,
        "setName": null,
        "setVersion": null,
        "electionId": null,
        "logicalSessionTimeoutMinutes": null,
        "maxMessageSizeBytes": null,
        "maxWriteBatchSize": null,
        "maxBsonObjectSize": null,
        "primary": null,
        "me": null,
        "$clusterTime": null,
        "iscryptd": false
      },
      "ac-ycssmpd-shard-00-01.tvw48ir.mongodb.net:27017": {
        "address": "ac-ycssmpd-shard-00-01.tvw48ir.mongodb.net:27017",
        "type": "RSSecondary",
        "hosts": [
          "ac-ycssmpd-shard-00-00.tvw48ir.mongodb.net:27017",
          "ac-ycssmpd-shard-00-01.tvw48ir.mongodb.net:27017",
          "ac-ycssmpd-shard-00-02.tvw48ir.mongodb.net:27017"
        ],
        "passives": [],
        "arbiters": [],
        "tags": {
          "nodeType": "ELECTABLE",
          "availabilityZone": "2",
          "provider": "AZURE",
          "region": "US_EAST_2",
          "workloadType": "OPERATIONAL",
          "diskState": "READY"
        },
        "minWireVersion": 0,
        "maxWireVersion": 25,
        "roundTripTime": 281.2,
        "minRoundTripTime": 181,
        "lastUpdateTime": 569799253,
        "lastWriteDate": {
          "$date": "2026-02-26T05:17:50Z"
        },
        "error": null,
        "topologyVersion": {
          "processId": {
            "$oid": "699f5e8279c172c7e3ec5c4d"
          },
          "counter": 3
        },
        "setName": "atlas-ldvzrz-shard-0",
        "setVersion": 34,
        "electionId": null,
        "logicalSessionTimeoutMinutes": 30,
        "maxMessageSizeBytes": 48000000,
        "maxWriteBatchSize": 100000,
        "maxBsonObjectSize": 16777216,
        "primary": "ac-ycssmpd-shard-00-02.tvw48ir.mongodb.net:27017",
        "me": "ac-ycssmpd-shard-00-01.tvw48ir.mongodb.net:27017",
        "$clusterTime": {
          "clusterTime": {
            "$timestamp": {
              "t": 1772083070,
              "i": 1
            }
          },
          "signature": {
            "hash": {
              "0": 212,
              "1": 248,
              "2": 183,
              "3": 97,
              "4": 144,
              "5": 127,
              "6": 81,
              "7": 132,
              "8": 63,
              "9": 219,
              "10": 234,
              "11": 216,
              "12": 129,
              "13": 185,
              "14": 253,
              "15": 39,
              "16": 114,
              "17": 147,
              "18": 204,
              "19": 95
            },
            "keyId": 7564130753416528000
          }
        },
        "iscryptd": false
      },
      "ac-ycssmpd-shard-00-02.tvw48ir.mongodb.net:27017": {
        "address": "ac-ycssmpd-shard-00-02.tvw48ir.mongodb.net:27017",
        "type": "Unknown",
        "hosts": [],
        "passives": [],
        "arbiters": [],
        "tags": {},
        "minWireVersion": 0,
        "maxWireVersion": 0,
        "roundTripTime": -1,
        "minRoundTripTime": 0,
        "lastUpdateTime": 569796488,
        "lastWriteDate": 0,
        "error": {
          "errorLabelSet": {},
          "beforeHandshake": false
        },
        "topologyVersion": null,
        "setName": null,
        "setVersion": null,
        "electionId": null,
        "logicalSessionTimeoutMinutes": null,
        "maxMessageSizeBytes": null,
        "maxWriteBatchSize": null,
        "maxBsonObjectSize": null,
        "primary": null,
        "me": null,
        "$clusterTime": null,
        "iscryptd": false
      }
    },
    "stale": false,
    "compatible": true,
    "heartbeatFrequencyMS": 10000,
    "localThresholdMS": 15,
    "setName": "atlas-ldvzrz-shard-0",
    "maxElectionId": {
      "$oid": "7fffffff0000000000000079"
    },
    "maxSetVersion": 34,
    "commonWireVersion": 0,
    "logicalSessionTimeoutMinutes": 30
  },
  "cause": {
    "errorLabelSet": {},
    "beforeHandshake": false
  }
}
2026-02-26T05:18:52.200Z [error]: Cleanup stale presence error: getaddrinfo ENOTFOUND ac-ycssmpd-shard-00-00.tvw48ir.mongodb.net
MongoServerSelectionError: getaddrinfo ENOTFOUND ac-ycssmpd-shard-00-00.tvw48ir.mongodb.net
    at Topology.selectServer (C:\Users\LENOVO\OneDrive\Desktop\JWLovers\server\node_modules\mongodb\src\sdam\topology.ts:630:30)
    at tryOperation (C:\Users\LENOVO\OneDrive\Desktop\JWLovers\server\node_modules\mongodb\src\operations\execute_operation.ts:206:16)
    at executeOperation (C:\Users\LENOVO\OneDrive\Desktop\JWLovers\server\node_modules\mongodb\src\operations\execute_operation.ts:123:12)
    at FindCursor._initialize (C:\Users\LENOVO\OneDrive\Desktop\JWLovers\server\node_modules\mongodb\src\cursor\find_cursor.ts:92:22)
    at FindCursor.cursorInit (C:\Users\LENOVO\OneDrive\Desktop\JWLovers\server\node_modules\mongodb\src\cursor\abstract_cursor.ts:917:21)
    at FindCursor.fetchBatch (C:\Users\LENOVO\OneDrive\Desktop\JWLovers\server\node_modules\mongodb\src\cursor\abstract_cursor.ts:955:7)
    at FindCursor.next (C:\Users\LENOVO\OneDrive\Desktop\JWLovers\server\node_modules\mongodb\src\cursor\abstract_cursor.ts:573:9)
    at FindCursor.[Symbol.asyncIterator] (C:\Users\LENOVO\OneDrive\Desktop\JWLovers\server\node_modules\mongodb\src\cursor\abstract_cursor.ts:492:26)
    at FindCursor.toArray (C:\Users\LENOVO\OneDrive\Desktop\JWLovers\server\node_modules\mongodb\src\cursor\abstract_cursor.ts:661:22)
    at model.Query._find (C:\Users\LENOVO\OneDrive\Desktop\JWLovers\server\node_modules\mongoose\lib\query.js:2436:14)
{
  "errorLabelSet": {},
  "reason": {
    "type": "ReplicaSetNoPrimary",
    "servers": {
      "ac-ycssmpd-shard-00-00.tvw48ir.mongodb.net:27017": {
        "address": "ac-ycssmpd-shard-00-00.tvw48ir.mongodb.net:27017",
        "type": "Unknown",
        "hosts": [],
        "passives": [],
        "arbiters": [],
        "tags": {},
        "minWireVersion": 0,
        "maxWireVersion": 0,
        "roundTripTime": -1,
        "minRoundTripTime": 0,
        "lastUpdateTime": 569858012,
        "lastWriteDate": 0,
        "error": {
          "errorLabelSet": {},
          "beforeHandshake": false
        },
        "topologyVersion": null,
        "setName": null,
        "setVersion": null,
        "electionId": null,
        "logicalSessionTimeoutMinutes": null,
        "maxMessageSizeBytes": null,
        "maxWriteBatchSize": null,
        "maxBsonObjectSize": null,
        "primary": null,
        "me": null,
        "$clusterTime": null,
        "iscryptd": false
      },
      "ac-ycssmpd-shard-00-01.tvw48ir.mongodb.net:27017": {
        "address": "ac-ycssmpd-shard-00-01.tvw48ir.mongodb.net:27017",
        "type": "Unknown",
        "hosts": [],
        "passives": [],
        "arbiters": [],
        "tags": {},
        "minWireVersion": 0,
        "maxWireVersion": 0,
        "roundTripTime": -1,
        "minRoundTripTime": 0,
        "lastUpdateTime": 569858753,
        "lastWriteDate": 0,
        "error": {
          "errorLabelSet": {},
          "beforeHandshake": false
        },
        "topologyVersion": null,
        "setName": null,
        "setVersion": null,
        "electionId": null,
        "logicalSessionTimeoutMinutes": null,
        "maxMessageSizeBytes": null,
        "maxWriteBatchSize": null,
        "maxBsonObjectSize": null,
        "primary": null,
        "me": null,
        "$clusterTime": null,
        "iscryptd": false
      },
      "ac-ycssmpd-shard-00-02.tvw48ir.mongodb.net:27017": {
        "address": "ac-ycssmpd-shard-00-02.tvw48ir.mongodb.net:27017",
        "type": "Unknown",
        "hosts": [],
        "passives": [],
        "arbiters": [],
        "tags": {},
        "minWireVersion": 0,
        "maxWireVersion": 0,
        "roundTripTime": -1,
        "minRoundTripTime": 0,
        "lastUpdateTime": 569858030,
        "lastWriteDate": 0,
        "error": {
          "errorLabelSet": {},
          "beforeHandshake": false
        },
        "topologyVersion": null,
        "setName": null,
        "setVersion": null,
        "electionId": null,
        "logicalSessionTimeoutMinutes": null,
        "maxMessageSizeBytes": null,
        "maxWriteBatchSize": null,
        "maxBsonObjectSize": null,
        "primary": null,
        "me": null,
        "$clusterTime": null,
        "iscryptd": false
      }
    },
    "stale": false,
    "compatible": true,
    "heartbeatFrequencyMS": 10000,
    "localThresholdMS": 15,
    "setName": "atlas-ldvzrz-shard-0",
    "maxElectionId": {
      "$oid": "7fffffff0000000000000079"
    },
    "maxSetVersion": 34,
    "commonWireVersion": 0,
    "logicalSessionTimeoutMinutes": null
  },
  "cause": {
    "errorLabelSet": {},
    "beforeHandshake": false
  }
}
2026-02-26T06:39:45.756Z [error]: Cleanup stale presence error: connection <monitor> to 20.36.142.157:27017 timed out
MongoServerSelectionError: connection <monitor> to 20.36.142.157:27017 timed out
    at Topology.selectServer (C:\Users\LENOVO\OneDrive\Desktop\JWLovers\server\node_modules\mongodb\src\sdam\topology.ts:630:30)
    at tryOperation (C:\Users\LENOVO\OneDrive\Desktop\JWLovers\server\node_modules\mongodb\src\operations\execute_operation.ts:270:16)
    at executeOperation (C:\Users\LENOVO\OneDrive\Desktop\JWLovers\server\node_modules\mongodb\src\operations\execute_operation.ts:123:12)
    at FindCursor._initialize (C:\Users\LENOVO\OneDrive\Desktop\JWLovers\server\node_modules\mongodb\src\cursor\find_cursor.ts:92:22)
    at FindCursor.cursorInit (C:\Users\LENOVO\OneDrive\Desktop\JWLovers\server\node_modules\mongodb\src\cursor\abstract_cursor.ts:917:21)
    at FindCursor.fetchBatch (C:\Users\LENOVO\OneDrive\Desktop\JWLovers\server\node_modules\mongodb\src\cursor\abstract_cursor.ts:955:7)
    at FindCursor.next (C:\Users\LENOVO\OneDrive\Desktop\JWLovers\server\node_modules\mongodb\src\cursor\abstract_cursor.ts:573:9)
    at FindCursor.[Symbol.asyncIterator] (C:\Users\LENOVO\OneDrive\Desktop\JWLovers\server\node_modules\mongodb\src\cursor\abstract_cursor.ts:492:26)
    at FindCursor.toArray (C:\Users\LENOVO\OneDrive\Desktop\JWLovers\server\node_modules\mongodb\src\cursor\abstract_cursor.ts:661:22)
    at model.Query._find (C:\Users\LENOVO\OneDrive\Desktop\JWLovers\server\node_modules\mongoose\lib\query.js:2436:14)
{
  "errorLabelSet": {},
  "reason": {
    "type": "ReplicaSetNoPrimary",
    "servers": {
      "ac-ycssmpd-shard-00-00.tvw48ir.mongodb.net:27017": {
        "address": "ac-ycssmpd-shard-00-00.tvw48ir.mongodb.net:27017",
        "type": "RSSecondary",
        "hosts": [
          "ac-ycssmpd-shard-00-00.tvw48ir.mongodb.net:27017",
          "ac-ycssmpd-shard-00-01.tvw48ir.mongodb.net:27017",
          "ac-ycssmpd-shard-00-02.tvw48ir.mongodb.net:27017"
        ],
        "passives": [],
        "arbiters": [],
        "tags": {
          "diskState": "READY",
          "region": "US_EAST_2",
          "availabilityZone": "1",
          "provider": "AZURE",
          "nodeType": "ELECTABLE",
          "workloadType": "OPERATIONAL"
        },
        "minWireVersion": 0,
        "maxWireVersion": 25,
        "roundTripTime": 234.1,
        "minRoundTripTime": 178,
        "lastUpdateTime": 574711597,
        "lastWriteDate": {
          "$date": "2026-02-26T06:39:42Z"
        },
        "error": null,
        "topologyVersion": {
          "processId": {
            "$oid": "699f57d7129059c183c638b0"
          },
          "counter": 4
        },
        "setName": "atlas-ldvzrz-shard-0",
        "setVersion": 34,
        "electionId": null,
        "logicalSessionTimeoutMinutes": 30,
        "maxMessageSizeBytes": 48000000,
        "maxWriteBatchSize": 100000,
        "maxBsonObjectSize": 16777216,
        "primary": "ac-ycssmpd-shard-00-02.tvw48ir.mongodb.net:27017",
        "me": "ac-ycssmpd-shard-00-00.tvw48ir.mongodb.net:27017",
        "$clusterTime": {
          "clusterTime": {
            "$timestamp": {
              "t": 1772087982,
              "i": 4
            }
          },
          "signature": {
            "hash": {
              "0": 187,
              "1": 151,
              "2": 133,
              "3": 247,
              "4": 38,
              "5": 227,
              "6": 248,
              "7": 22,
              "8": 8,
              "9": 167,
              "10": 61,
              "11": 39,
              "12": 224,
              "13": 175,
              "14": 225,
              "15": 166,
              "16": 170,
              "17": 194,
              "18": 16,
              "19": 162
            },
            "keyId": 7564130753416528000
          }
        },
        "iscryptd": false
      },
      "ac-ycssmpd-shard-00-01.tvw48ir.mongodb.net:27017": {
        "address": "ac-ycssmpd-shard-00-01.tvw48ir.mongodb.net:27017",
        "type": "RSSecondary",
        "hosts": [
          "ac-ycssmpd-shard-00-00.tvw48ir.mongodb.net:27017",
          "ac-ycssmpd-shard-00-01.tvw48ir.mongodb.net:27017",
          "ac-ycssmpd-shard-00-02.tvw48ir.mongodb.net:27017"
        ],
        "passives": [],
        "arbiters": [],
        "tags": {
          "workloadType": "OPERATIONAL",
          "diskState": "READY",
          "provider": "AZURE",
          "nodeType": "ELECTABLE",
          "availabilityZone": "2",
          "region": "US_EAST_2"
        },
        "minWireVersion": 0,
        "maxWireVersion": 25,
        "roundTripTime": 211.7,
        "minRoundTripTime": 176,
        "lastUpdateTime": 574712587,
        "lastWriteDate": {
          "$date": "2026-02-26T06:39:43Z"
        },
        "error": null,
        "topologyVersion": {
          "processId": {
            "$oid": "699f5e8279c172c7e3ec5c4d"
          },
          "counter": 3
        },
        "setName": "atlas-ldvzrz-shard-0",
        "setVersion": 34,
        "electionId": null,
        "logicalSessionTimeoutMinutes": 30,
        "maxMessageSizeBytes": 48000000,
        "maxWriteBatchSize": 100000,
        "maxBsonObjectSize": 16777216,
        "primary": "ac-ycssmpd-shard-00-02.tvw48ir.mongodb.net:27017",
        "me": "ac-ycssmpd-shard-00-01.tvw48ir.mongodb.net:27017",
        "$clusterTime": {
          "clusterTime": {
            "$timestamp": {
              "t": 1772087983,
              "i": 3
            }
          },
          "signature": {
            "hash": {
              "0": 17,
              "1": 60,
              "2": 42,
              "3": 109,
              "4": 250,
              "5": 176,
              "6": 17,
              "7": 58,
              "8": 86,
              "9": 156,
              "10": 236,
              "11": 236,
              "12": 211,
              "13": 23,
              "14": 169,
              "15": 33,
              "16": 103,
              "17": 86,
              "18": 87,
              "19": 251
            },
            "keyId": 7564130753416528000
          }
        },
        "iscryptd": false
      },
      "ac-ycssmpd-shard-00-02.tvw48ir.mongodb.net:27017": {
        "address": "ac-ycssmpd-shard-00-02.tvw48ir.mongodb.net:27017",
        "type": "Unknown",
        "hosts": [],
        "passives": [],
        "arbiters": [],
        "tags": {},
        "minWireVersion": 0,
        "maxWireVersion": 0,
        "roundTripTime": -1,
        "minRoundTripTime": 0,
        "lastUpdateTime": 574708081,
        "lastWriteDate": 0,
        "error": {
          "errorLabelSet": {},
          "beforeHandshake": false
        },
        "topologyVersion": null,
        "setName": null,
        "setVersion": null,
        "electionId": null,
        "logicalSessionTimeoutMinutes": null,
        "maxMessageSizeBytes": null,
        "maxWriteBatchSize": null,
        "maxBsonObjectSize": null,
        "primary": null,
        "me": null,
        "$clusterTime": null,
        "iscryptd": false
      }
    },
    "stale": false,
    "compatible": true,
    "heartbeatFrequencyMS": 10000,
    "localThresholdMS": 15,
    "setName": "atlas-ldvzrz-shard-0",
    "maxElectionId": {
      "$oid": "7fffffff0000000000000079"
    },
    "maxSetVersion": 34,
    "commonWireVersion": 0,
    "logicalSessionTimeoutMinutes": 30
  },
  "cause": {
    "errorLabelSet": {},
    "beforeHandshake": false
  }
}
2026-02-26T08:13:26.002Z [error]: Cleanup stale presence error: getaddrinfo ENOTFOUND ac-ycssmpd-shard-00-00.tvw48ir.mongodb.net
MongoServerSelectionError: getaddrinfo ENOTFOUND ac-ycssmpd-shard-00-00.tvw48ir.mongodb.net
    at Topology.selectServer (C:\Users\LENOVO\OneDrive\Desktop\JWLovers\server\node_modules\mongodb\src\sdam\topology.ts:630:30)
    at tryOperation (C:\Users\LENOVO\OneDrive\Desktop\JWLovers\server\node_modules\mongodb\src\operations\execute_operation.ts:270:16)
    at executeOperation (C:\Users\LENOVO\OneDrive\Desktop\JWLovers\server\node_modules\mongodb\src\operations\execute_operation.ts:123:12)
    at FindCursor._initialize (C:\Users\LENOVO\OneDrive\Desktop\JWLovers\server\node_modules\mongodb\src\cursor\find_cursor.ts:92:22)
    at FindCursor.cursorInit (C:\Users\LENOVO\OneDrive\Desktop\JWLovers\server\node_modules\mongodb\src\cursor\abstract_cursor.ts:917:21)
    at FindCursor.fetchBatch (C:\Users\LENOVO\OneDrive\Desktop\JWLovers\server\node_modules\mongodb\src\cursor\abstract_cursor.ts:955:7)
    at FindCursor.next (C:\Users\LENOVO\OneDrive\Desktop\JWLovers\server\node_modules\mongodb\src\cursor\abstract_cursor.ts:573:9)
    at FindCursor.[Symbol.asyncIterator] (C:\Users\LENOVO\OneDrive\Desktop\JWLovers\server\node_modules\mongodb\src\cursor\abstract_cursor.ts:492:26)
    at FindCursor.toArray (C:\Users\LENOVO\OneDrive\Desktop\JWLovers\server\node_modules\mongodb\src\cursor\abstract_cursor.ts:661:22)
    at model.Query._find (C:\Users\LENOVO\OneDrive\Desktop\JWLovers\server\node_modules\mongoose\lib\query.js:2436:14)
{
  "errorLabelSet": {},
  "reason": {
    "type": "ReplicaSetNoPrimary",
    "servers": {
      "ac-ycssmpd-shard-00-00.tvw48ir.mongodb.net:27017": {
        "address": "ac-ycssmpd-shard-00-00.tvw48ir.mongodb.net:27017",
        "type": "Unknown",
        "hosts": [],
        "passives": [],
        "arbiters": [],
        "tags": {},
        "minWireVersion": 0,
        "maxWireVersion": 0,
        "roundTripTime": -1,
        "minRoundTripTime": 0,
        "lastUpdateTime": 580330262,
        "lastWriteDate": 0,
        "error": {
          "errorLabelSet": {},
          "beforeHandshake": false
        },
        "topologyVersion": null,
        "setName": null,
        "setVersion": null,
        "electionId": null,
        "logicalSessionTimeoutMinutes": null,
        "maxMessageSizeBytes": null,
        "maxWriteBatchSize": null,
        "maxBsonObjectSize": null,
        "primary": null,
        "me": null,
        "$clusterTime": null,
        "iscryptd": false
      },
      "ac-ycssmpd-shard-00-01.tvw48ir.mongodb.net:27017": {
        "address": "ac-ycssmpd-shard-00-01.tvw48ir.mongodb.net:27017",
        "type": "Unknown",
        "hosts": [],
        "passives": [],
        "arbiters": [],
        "tags": {},
        "minWireVersion": 0,
        "maxWireVersion": 0,
        "roundTripTime": -1,
        "minRoundTripTime": 0,
        "lastUpdateTime": 580330083,
        "lastWriteDate": 0,
        "error": {
          "errorLabelSet": {},
          "beforeHandshake": false
        },
        "topologyVersion": null,
        "setName": null,
        "setVersion": null,
        "electionId": null,
        "logicalSessionTimeoutMinutes": null,
        "maxMessageSizeBytes": null,
        "maxWriteBatchSize": null,
        "maxBsonObjectSize": null,
        "primary": null,
        "me": null,
        "$clusterTime": null,
        "iscryptd": false
      },
      "ac-ycssmpd-shard-00-02.tvw48ir.mongodb.net:27017": {
        "address": "ac-ycssmpd-shard-00-02.tvw48ir.mongodb.net:27017",
        "type": "Unknown",
        "hosts": [],
        "passives": [],
        "arbiters": [],
        "tags": {},
        "minWireVersion": 0,
        "maxWireVersion": 0,
        "roundTripTime": -1,
        "minRoundTripTime": 0,
        "lastUpdateTime": 580330261,
        "lastWriteDate": 0,
        "error": {
          "errorLabelSet": {},
          "beforeHandshake": false
        },
        "topologyVersion": null,
        "setName": null,
        "setVersion": null,
        "electionId": null,
        "logicalSessionTimeoutMinutes": null,
        "maxMessageSizeBytes": null,
        "maxWriteBatchSize": null,
        "maxBsonObjectSize": null,
        "primary": null,
        "me": null,
        "$clusterTime": null,
        "iscryptd": false
      }
    },
    "stale": false,
    "compatible": true,
    "heartbeatFrequencyMS": 10000,
    "localThresholdMS": 15,
    "setName": "atlas-ldvzrz-shard-0",
    "maxElectionId": {
      "$oid": "7fffffff0000000000000079"
    },
    "maxSetVersion": 34,
    "commonWireVersion": 0,
    "logicalSessionTimeoutMinutes": null
  },
  "cause": {
    "errorLabelSet": {},
    "beforeHandshake": false
  }
}
2026-02-26T09:03:15.400Z [error]: Cleanup stale presence error: connection <monitor> to 20.49.59.176:27017 timed out
MongoServerSelectionError: connection <monitor> to 20.49.59.176:27017 timed out
    at Topology.selectServer (C:\Users\LENOVO\OneDrive\Desktop\JWLovers\server\node_modules\mongodb\src\sdam\topology.ts:630:30)
    at tryOperation (C:\Users\LENOVO\OneDrive\Desktop\JWLovers\server\node_modules\mongodb\src\operations\execute_operation.ts:270:16)
    at executeOperation (C:\Users\LENOVO\OneDrive\Desktop\JWLovers\server\node_modules\mongodb\src\operations\execute_operation.ts:123:12)
    at FindCursor._initialize (C:\Users\LENOVO\OneDrive\Desktop\JWLovers\server\node_modules\mongodb\src\cursor\find_cursor.ts:92:22)
    at FindCursor.cursorInit (C:\Users\LENOVO\OneDrive\Desktop\JWLovers\server\node_modules\mongodb\src\cursor\abstract_cursor.ts:917:21)
    at FindCursor.fetchBatch (C:\Users\LENOVO\OneDrive\Desktop\JWLovers\server\node_modules\mongodb\src\cursor\abstract_cursor.ts:955:7)
    at FindCursor.next (C:\Users\LENOVO\OneDrive\Desktop\JWLovers\server\node_modules\mongodb\src\cursor\abstract_cursor.ts:573:9)
    at FindCursor.[Symbol.asyncIterator] (C:\Users\LENOVO\OneDrive\Desktop\JWLovers\server\node_modules\mongodb\src\cursor\abstract_cursor.ts:492:26)
    at FindCursor.toArray (C:\Users\LENOVO\OneDrive\Desktop\JWLovers\server\node_modules\mongodb\src\cursor\abstract_cursor.ts:661:22)
    at model.Query._find (C:\Users\LENOVO\OneDrive\Desktop\JWLovers\server\node_modules\mongoose\lib\query.js:2436:14)
{
  "errorLabelSet": {},
  "reason": {
    "type": "ReplicaSetNoPrimary",
    "servers": {
      "ac-ycssmpd-shard-00-00.tvw48ir.mongodb.net:27017": {
        "address": "ac-ycssmpd-shard-00-00.tvw48ir.mongodb.net:27017",
        "type": "Unknown",
        "hosts": [],
        "passives": [],
        "arbiters": [],
        "tags": {},
        "minWireVersion": 0,
        "maxWireVersion": 0,
        "roundTripTime": -1,
        "minRoundTripTime": 0,
        "lastUpdateTime": 583317616,
        "lastWriteDate": 0,
        "error": {
          "errorLabelSet": {},
          "beforeHandshake": false
        },
        "topologyVersion": null,
        "setName": null,
        "setVersion": null,
        "electionId": null,
        "logicalSessionTimeoutMinutes": null,
        "maxMessageSizeBytes": null,
        "maxWriteBatchSize": null,
        "maxBsonObjectSize": null,
        "primary": null,
        "me": null,
        "$clusterTime": null,
        "iscryptd": false
      },
      "ac-ycssmpd-shard-00-01.tvw48ir.mongodb.net:27017": {
        "address": "ac-ycssmpd-shard-00-01.tvw48ir.mongodb.net:27017",
        "type": "Unknown",
        "hosts": [],
        "passives": [],
        "arbiters": [],
        "tags": {},
        "minWireVersion": 0,
        "maxWireVersion": 0,
        "roundTripTime": -1,
        "minRoundTripTime": 0,
        "lastUpdateTime": 583317615,
        "lastWriteDate": 0,
        "error": {
          "errorLabelSet": {},
          "beforeHandshake": false
        },
        "topologyVersion": null,
        "setName": null,
        "setVersion": null,
        "electionId": null,
        "logicalSessionTimeoutMinutes": null,
        "maxMessageSizeBytes": null,
        "maxWriteBatchSize": null,
        "maxBsonObjectSize": null,
        "primary": null,
        "me": null,
        "$clusterTime": null,
        "iscryptd": false
      },
      "ac-ycssmpd-shard-00-02.tvw48ir.mongodb.net:27017": {
        "address": "ac-ycssmpd-shard-00-02.tvw48ir.mongodb.net:27017",
        "type": "Unknown",
        "hosts": [],
        "passives": [],
        "arbiters": [],
        "tags": {},
        "minWireVersion": 0,
        "maxWireVersion": 0,
        "roundTripTime": -1,
        "minRoundTripTime": 0,
        "lastUpdateTime": 583317601,
        "lastWriteDate": 0,
        "error": {
          "errorLabelSet": {},
          "beforeHandshake": false
        },
        "topologyVersion": null,
        "setName": null,
        "setVersion": null,
        "electionId": null,
        "logicalSessionTimeoutMinutes": null,
        "maxMessageSizeBytes": null,
        "maxWriteBatchSize": null,
        "maxBsonObjectSize": null,
        "primary": null,
        "me": null,
        "$clusterTime": null,
        "iscryptd": false
      }
    },
    "stale": false,
    "compatible": true,
    "heartbeatFrequencyMS": 10000,
    "localThresholdMS": 15,
    "setName": "atlas-ldvzrz-shard-0",
    "maxElectionId": {
      "$oid": "7fffffff0000000000000079"
    },
    "maxSetVersion": 34,
    "commonWireVersion": 0,
    "logicalSessionTimeoutMinutes": null
  },
  "cause": {
    "errorLabelSet": {},
    "beforeHandshake": false
  }
}
2026-02-26T09:33:45.665Z [error]: Cleanup stale presence error: getaddrinfo ENOTFOUND ac-ycssmpd-shard-00-00.tvw48ir.mongodb.net
MongoServerSelectionError: getaddrinfo ENOTFOUND ac-ycssmpd-shard-00-00.tvw48ir.mongodb.net
    at Topology.selectServer (C:\Users\LENOVO\OneDrive\Desktop\JWLovers\server\node_modules\mongodb\src\sdam\topology.ts:630:30)
    at tryOperation (C:\Users\LENOVO\OneDrive\Desktop\JWLovers\server\node_modules\mongodb\src\operations\execute_operation.ts:206:16)
    at executeOperation (C:\Users\LENOVO\OneDrive\Desktop\JWLovers\server\node_modules\mongodb\src\operations\execute_operation.ts:123:12)
    at FindCursor._initialize (C:\Users\LENOVO\OneDrive\Desktop\JWLovers\server\node_modules\mongodb\src\cursor\find_cursor.ts:92:22)
    at FindCursor.cursorInit (C:\Users\LENOVO\OneDrive\Desktop\JWLovers\server\node_modules\mongodb\src\cursor\abstract_cursor.ts:917:21)
    at FindCursor.fetchBatch (C:\Users\LENOVO\OneDrive\Desktop\JWLovers\server\node_modules\mongodb\src\cursor\abstract_cursor.ts:955:7)
    at FindCursor.next (C:\Users\LENOVO\OneDrive\Desktop\JWLovers\server\node_modules\mongodb\src\cursor\abstract_cursor.ts:573:9)
    at FindCursor.[Symbol.asyncIterator] (C:\Users\LENOVO\OneDrive\Desktop\JWLovers\server\node_modules\mongodb\src\cursor\abstract_cursor.ts:492:26)
    at FindCursor.toArray (C:\Users\LENOVO\OneDrive\Desktop\JWLovers\server\node_modules\mongodb\src\cursor\abstract_cursor.ts:661:22)
    at model.Query._find (C:\Users\LENOVO\OneDrive\Desktop\JWLovers\server\node_modules\mongoose\lib\query.js:2436:14)
{
  "errorLabelSet": {},
  "reason": {
    "type": "ReplicaSetNoPrimary",
    "servers": {
      "ac-ycssmpd-shard-00-00.tvw48ir.mongodb.net:27017": {
        "address": "ac-ycssmpd-shard-00-00.tvw48ir.mongodb.net:27017",
        "type": "Unknown",
        "hosts": [],
        "passives": [],
        "arbiters": [],
        "tags": {},
        "minWireVersion": 0,
        "maxWireVersion": 0,
        "roundTripTime": -1,
        "minRoundTripTime": 0,
        "lastUpdateTime": 585153176,
        "lastWriteDate": 0,
        "error": {
          "errorLabelSet": {},
          "beforeHandshake": false
        },
        "topologyVersion": null,
        "setName": null,
        "setVersion": null,
        "electionId": null,
        "logicalSessionTimeoutMinutes": null,
        "maxMessageSizeBytes": null,
        "maxWriteBatchSize": null,
        "maxBsonObjectSize": null,
        "primary": null,
        "me": null,
        "$clusterTime": null,
        "iscryptd": false
      },
      "ac-ycssmpd-shard-00-01.tvw48ir.mongodb.net:27017": {
        "address": "ac-ycssmpd-shard-00-01.tvw48ir.mongodb.net:27017",
        "type": "Unknown",
        "hosts": [],
        "passives": [],
        "arbiters": [],
        "tags": {},
        "minWireVersion": 0,
        "maxWireVersion": 0,
        "roundTripTime": -1,
        "minRoundTripTime": 0,
        "lastUpdateTime": 585153176,
        "lastWriteDate": 0,
        "error": {
          "errorLabelSet": {},
          "beforeHandshake": false
        },
        "topologyVersion": null,
        "setName": null,
        "setVersion": null,
        "electionId": null,
        "logicalSessionTimeoutMinutes": null,
        "maxMessageSizeBytes": null,
        "maxWriteBatchSize": null,
        "maxBsonObjectSize": null,
        "primary": null,
        "me": null,
        "$clusterTime": null,
        "iscryptd": false
      },
      "ac-ycssmpd-shard-00-02.tvw48ir.mongodb.net:27017": {
        "address": "ac-ycssmpd-shard-00-02.tvw48ir.mongodb.net:27017",
        "type": "Unknown",
        "hosts": [],
        "passives": [],
        "arbiters": [],
        "tags": {},
        "minWireVersion": 0,
        "maxWireVersion": 0,
        "roundTripTime": -1,
        "minRoundTripTime": 0,
        "lastUpdateTime": 585153259,
        "lastWriteDate": 0,
        "error": {
          "errorLabelSet": {},
          "beforeHandshake": false
        },
        "topologyVersion": null,
        "setName": null,
        "setVersion": null,
        "electionId": null,
        "logicalSessionTimeoutMinutes": null,
        "maxMessageSizeBytes": null,
        "maxWriteBatchSize": null,
        "maxBsonObjectSize": null,
        "primary": null,
        "me": null,
        "$clusterTime": null,
        "iscryptd": false
      }
    },
    "stale": false,
    "compatible": true,
    "heartbeatFrequencyMS": 10000,
    "localThresholdMS": 15,
    "setName": "atlas-ldvzrz-shard-0",
    "maxElectionId": {
      "$oid": "7fffffff0000000000000079"
    },
    "maxSetVersion": 34,
    "commonWireVersion": 0,
    "logicalSessionTimeoutMinutes": null
  },
  "cause": {
    "errorLabelSet": {},
    "beforeHandshake": false
  }
}
2026-02-26T09:34:45.681Z [error]: Cleanup stale presence error: getaddrinfo ENOTFOUND ac-ycssmpd-shard-00-00.tvw48ir.mongodb.net
MongoServerSelectionError: getaddrinfo ENOTFOUND ac-ycssmpd-shard-00-00.tvw48ir.mongodb.net
    at Topology.selectServer (C:\Users\LENOVO\OneDrive\Desktop\JWLovers\server\node_modules\mongodb\src\sdam\topology.ts:630:30)
    at tryOperation (C:\Users\LENOVO\OneDrive\Desktop\JWLovers\server\node_modules\mongodb\src\operations\execute_operation.ts:206:16)
    at executeOperation (C:\Users\LENOVO\OneDrive\Desktop\JWLovers\server\node_modules\mongodb\src\operations\execute_operation.ts:123:12)
    at FindCursor._initialize (C:\Users\LENOVO\OneDrive\Desktop\JWLovers\server\node_modules\mongodb\src\cursor\find_cursor.ts:92:22)
    at FindCursor.cursorInit (C:\Users\LENOVO\OneDrive\Desktop\JWLovers\server\node_modules\mongodb\src\cursor\abstract_cursor.ts:917:21)
    at FindCursor.fetchBatch (C:\Users\LENOVO\OneDrive\Desktop\JWLovers\server\node_modules\mongodb\src\cursor\abstract_cursor.ts:955:7)
    at FindCursor.next (C:\Users\LENOVO\OneDrive\Desktop\JWLovers\server\node_modules\mongodb\src\cursor\abstract_cursor.ts:573:9)
    at FindCursor.[Symbol.asyncIterator] (C:\Users\LENOVO\OneDrive\Desktop\JWLovers\server\node_modules\mongodb\src\cursor\abstract_cursor.ts:492:26)
    at FindCursor.toArray (C:\Users\LENOVO\OneDrive\Desktop\JWLovers\server\node_modules\mongodb\src\cursor\abstract_cursor.ts:661:22)
    at model.Query._find (C:\Users\LENOVO\OneDrive\Desktop\JWLovers\server\node_modules\mongoose\lib\query.js:2436:14)
{
  "errorLabelSet": {},
  "reason": {
    "type": "ReplicaSetNoPrimary",
    "servers": {
      "ac-ycssmpd-shard-00-00.tvw48ir.mongodb.net:27017": {
        "address": "ac-ycssmpd-shard-00-00.tvw48ir.mongodb.net:27017",
        "type": "Unknown",
        "hosts": [],
        "passives": [],
        "arbiters": [],
        "tags": {},
        "minWireVersion": 0,
        "maxWireVersion": 0,
        "roundTripTime": -1,
        "minRoundTripTime": 0,
        "lastUpdateTime": 585213170,
        "lastWriteDate": 0,
        "error": {
          "errorLabelSet": {},
          "beforeHandshake": false
        },
        "topologyVersion": null,
        "setName": null,
        "setVersion": null,
        "electionId": null,
        "logicalSessionTimeoutMinutes": null,
        "maxMessageSizeBytes": null,
        "maxWriteBatchSize": null,
        "maxBsonObjectSize": null,
        "primary": null,
        "me": null,
        "$clusterTime": null,
        "iscryptd": false
      },
      "ac-ycssmpd-shard-00-01.tvw48ir.mongodb.net:27017": {
        "address": "ac-ycssmpd-shard-00-01.tvw48ir.mongodb.net:27017",
        "type": "Unknown",
        "hosts": [],
        "passives": [],
        "arbiters": [],
        "tags": {},
        "minWireVersion": 0,
        "maxWireVersion": 0,
        "roundTripTime": -1,
        "minRoundTripTime": 0,
        "lastUpdateTime": 585213169,
        "lastWriteDate": 0,
        "error": {
          "errorLabelSet": {},
          "beforeHandshake": false
        },
        "topologyVersion": null,
        "setName": null,
        "setVersion": null,
        "electionId": null,
        "logicalSessionTimeoutMinutes": null,
        "maxMessageSizeBytes": null,
        "maxWriteBatchSize": null,
        "maxBsonObjectSize": null,
        "primary": null,
        "me": null,
        "$clusterTime": null,
        "iscryptd": false
      },
      "ac-ycssmpd-shard-00-02.tvw48ir.mongodb.net:27017": {
        "address": "ac-ycssmpd-shard-00-02.tvw48ir.mongodb.net:27017",
        "type": "Unknown",
        "hosts": [],
        "passives": [],
        "arbiters": [],
        "tags": {},
        "minWireVersion": 0,
        "maxWireVersion": 0,
        "roundTripTime": -1,
        "minRoundTripTime": 0,
        "lastUpdateTime": 585213176,
        "lastWriteDate": 0,
        "error": {
          "errorLabelSet": {},
          "beforeHandshake": false
        },
        "topologyVersion": null,
        "setName": null,
        "setVersion": null,
        "electionId": null,
        "logicalSessionTimeoutMinutes": null,
        "maxMessageSizeBytes": null,
        "maxWriteBatchSize": null,
        "maxBsonObjectSize": null,
        "primary": null,
        "me": null,
        "$clusterTime": null,
        "iscryptd": false
      }
    },
    "stale": false,
    "compatible": true,
    "heartbeatFrequencyMS": 10000,
    "localThresholdMS": 15,
    "setName": "atlas-ldvzrz-shard-0",
    "maxElectionId": {
      "$oid": "7fffffff0000000000000079"
    },
    "maxSetVersion": 34,
    "commonWireVersion": 0,
    "logicalSessionTimeoutMinutes": null
  },
  "cause": {
    "errorLabelSet": {},
    "beforeHandshake": false
  }
}
2026-02-26T09:35:45.691Z [error]: Cleanup stale presence error: getaddrinfo ENOTFOUND ac-ycssmpd-shard-00-00.tvw48ir.mongodb.net
MongoServerSelectionError: getaddrinfo ENOTFOUND ac-ycssmpd-shard-00-00.tvw48ir.mongodb.net
    at Topology.selectServer (C:\Users\LENOVO\OneDrive\Desktop\JWLovers\server\node_modules\mongodb\src\sdam\topology.ts:630:30)
    at tryOperation (C:\Users\LENOVO\OneDrive\Desktop\JWLovers\server\node_modules\mongodb\src\operations\execute_operation.ts:206:16)
    at executeOperation (C:\Users\LENOVO\OneDrive\Desktop\JWLovers\server\node_modules\mongodb\src\operations\execute_operation.ts:123:12)
    at FindCursor._initialize (C:\Users\LENOVO\OneDrive\Desktop\JWLovers\server\node_modules\mongodb\src\cursor\find_cursor.ts:92:22)
    at FindCursor.cursorInit (C:\Users\LENOVO\OneDrive\Desktop\JWLovers\server\node_modules\mongodb\src\cursor\abstract_cursor.ts:917:21)
    at FindCursor.fetchBatch (C:\Users\LENOVO\OneDrive\Desktop\JWLovers\server\node_modules\mongodb\src\cursor\abstract_cursor.ts:955:7)
    at FindCursor.next (C:\Users\LENOVO\OneDrive\Desktop\JWLovers\server\node_modules\mongodb\src\cursor\abstract_cursor.ts:573:9)
    at FindCursor.[Symbol.asyncIterator] (C:\Users\LENOVO\OneDrive\Desktop\JWLovers\server\node_modules\mongodb\src\cursor\abstract_cursor.ts:492:26)
    at FindCursor.toArray (C:\Users\LENOVO\OneDrive\Desktop\JWLovers\server\node_modules\mongodb\src\cursor\abstract_cursor.ts:661:22)
    at model.Query._find (C:\Users\LENOVO\OneDrive\Desktop\JWLovers\server\node_modules\mongoose\lib\query.js:2436:14)
{
  "errorLabelSet": {},
  "reason": {
    "type": "ReplicaSetNoPrimary",
    "servers": {
      "ac-ycssmpd-shard-00-00.tvw48ir.mongodb.net:27017": {
        "address": "ac-ycssmpd-shard-00-00.tvw48ir.mongodb.net:27017",
        "type": "Unknown",
        "hosts": [],
        "passives": [],
        "arbiters": [],
        "tags": {},
        "minWireVersion": 0,
        "maxWireVersion": 0,
        "roundTripTime": -1,
        "minRoundTripTime": 0,
        "lastUpdateTime": 585273046,
        "lastWriteDate": 0,
        "error": {
          "errorLabelSet": {},
          "beforeHandshake": false
        },
        "topologyVersion": null,
        "setName": null,
        "setVersion": null,
        "electionId": null,
        "logicalSessionTimeoutMinutes": null,
        "maxMessageSizeBytes": null,
        "maxWriteBatchSize": null,
        "maxBsonObjectSize": null,
        "primary": null,
        "me": null,
        "$clusterTime": null,
        "iscryptd": false
      },
      "ac-ycssmpd-shard-00-01.tvw48ir.mongodb.net:27017": {
        "address": "ac-ycssmpd-shard-00-01.tvw48ir.mongodb.net:27017",
        "type": "Unknown",
        "hosts": [],
        "passives": [],
        "arbiters": [],
        "tags": {},
        "minWireVersion": 0,
        "maxWireVersion": 0,
        "roundTripTime": -1,
        "minRoundTripTime": 0,
        "lastUpdateTime": 585273049,
        "lastWriteDate": 0,
        "error": {
          "errorLabelSet": {},
          "beforeHandshake": false
        },
        "topologyVersion": null,
        "setName": null,
        "setVersion": null,
        "electionId": null,
        "logicalSessionTimeoutMinutes": null,
        "maxMessageSizeBytes": null,
        "maxWriteBatchSize": null,
        "maxBsonObjectSize": null,
        "primary": null,
        "me": null,
        "$clusterTime": null,
        "iscryptd": false
      },
      "ac-ycssmpd-shard-00-02.tvw48ir.mongodb.net:27017": {
        "address": "ac-ycssmpd-shard-00-02.tvw48ir.mongodb.net:27017",
        "type": "Unknown",
        "hosts": [],
        "passives": [],
        "arbiters": [],
        "tags": {},
        "minWireVersion": 0,
        "maxWireVersion": 0,
        "roundTripTime": -1,
        "minRoundTripTime": 0,
        "lastUpdateTime": 585273102,
        "lastWriteDate": 0,
        "error": {
          "errorLabelSet": {},
          "beforeHandshake": false
        },
        "topologyVersion": null,
        "setName": null,
        "setVersion": null,
        "electionId": null,
        "logicalSessionTimeoutMinutes": null,
        "maxMessageSizeBytes": null,
        "maxWriteBatchSize": null,
        "maxBsonObjectSize": null,
        "primary": null,
        "me": null,
        "$clusterTime": null,
        "iscryptd": false
      }
    },
    "stale": false,
    "compatible": true,
    "heartbeatFrequencyMS": 10000,
    "localThresholdMS": 15,
    "setName": "atlas-ldvzrz-shard-0",
    "maxElectionId": {
      "$oid": "7fffffff0000000000000079"
    },
    "maxSetVersion": 34,
    "commonWireVersion": 0,
    "logicalSessionTimeoutMinutes": null
  },
  "cause": {
    "errorLabelSet": {},
    "beforeHandshake": false
  }
}
2026-02-26T09:36:45.692Z [error]: Cleanup stale presence error: getaddrinfo ENOTFOUND ac-ycssmpd-shard-00-00.tvw48ir.mongodb.net
MongoServerSelectionError: getaddrinfo ENOTFOUND ac-ycssmpd-shard-00-00.tvw48ir.mongodb.net
    at Topology.selectServer (C:\Users\LENOVO\OneDrive\Desktop\JWLovers\server\node_modules\mongodb\src\sdam\topology.ts:630:30)
    at tryOperation (C:\Users\LENOVO\OneDrive\Desktop\JWLovers\server\node_modules\mongodb\src\operations\execute_operation.ts:206:16)
    at executeOperation (C:\Users\LENOVO\OneDrive\Desktop\JWLovers\server\node_modules\mongodb\src\operations\execute_operation.ts:123:12)
    at FindCursor._initialize (C:\Users\LENOVO\OneDrive\Desktop\JWLovers\server\node_modules\mongodb\src\cursor\find_cursor.ts:92:22)
    at FindCursor.cursorInit (C:\Users\LENOVO\OneDrive\Desktop\JWLovers\server\node_modules\mongodb\src\cursor\abstract_cursor.ts:917:21)
    at FindCursor.fetchBatch (C:\Users\LENOVO\OneDrive\Desktop\JWLovers\server\node_modules\mongodb\src\cursor\abstract_cursor.ts:955:7)
    at FindCursor.next (C:\Users\LENOVO\OneDrive\Desktop\JWLovers\server\node_modules\mongodb\src\cursor\abstract_cursor.ts:573:9)
    at FindCursor.[Symbol.asyncIterator] (C:\Users\LENOVO\OneDrive\Desktop\JWLovers\server\node_modules\mongodb\src\cursor\abstract_cursor.ts:492:26)
    at FindCursor.toArray (C:\Users\LENOVO\OneDrive\Desktop\JWLovers\server\node_modules\mongodb\src\cursor\abstract_cursor.ts:661:22)
    at model.Query._find (C:\Users\LENOVO\OneDrive\Desktop\JWLovers\server\node_modules\mongoose\lib\query.js:2436:14)
{
  "errorLabelSet": {},
  "reason": {
    "type": "ReplicaSetNoPrimary",
    "servers": {
      "ac-ycssmpd-shard-00-00.tvw48ir.mongodb.net:27017": {
        "address": "ac-ycssmpd-shard-00-00.tvw48ir.mongodb.net:27017",
        "type": "Unknown",
        "hosts": [],
        "passives": [],
        "arbiters": [],
        "tags": {},
        "minWireVersion": 0,
        "maxWireVersion": 0,
        "roundTripTime": -1,
        "minRoundTripTime": 0,
        "lastUpdateTime": 585333080,
        "lastWriteDate": 0,
        "error": {
          "errorLabelSet": {},
          "beforeHandshake": false
        },
        "topologyVersion": null,
        "setName": null,
        "setVersion": null,
        "electionId": null,
        "logicalSessionTimeoutMinutes": null,
        "maxMessageSizeBytes": null,
        "maxWriteBatchSize": null,
        "maxBsonObjectSize": null,
        "primary": null,
        "me": null,
        "$clusterTime": null,
        "iscryptd": false
      },
      "ac-ycssmpd-shard-00-01.tvw48ir.mongodb.net:27017": {
        "address": "ac-ycssmpd-shard-00-01.tvw48ir.mongodb.net:27017",
        "type": "Unknown",
        "hosts": [],
        "passives": [],
        "arbiters": [],
        "tags": {},
        "minWireVersion": 0,
        "maxWireVersion": 0,
        "roundTripTime": -1,
        "minRoundTripTime": 0,
        "lastUpdateTime": 585333080,
        "lastWriteDate": 0,
        "error": {
          "errorLabelSet": {},
          "beforeHandshake": false
        },
        "topologyVersion": null,
        "setName": null,
        "setVersion": null,
        "electionId": null,
        "logicalSessionTimeoutMinutes": null,
        "maxMessageSizeBytes": null,
        "maxWriteBatchSize": null,
        "maxBsonObjectSize": null,
        "primary": null,
        "me": null,
        "$clusterTime": null,
        "iscryptd": false
      },
      "ac-ycssmpd-shard-00-02.tvw48ir.mongodb.net:27017": {
        "address": "ac-ycssmpd-shard-00-02.tvw48ir.mongodb.net:27017",
        "type": "Unknown",
        "hosts": [],
        "passives": [],
        "arbiters": [],
        "tags": {},
        "minWireVersion": 0,
        "maxWireVersion": 0,
        "roundTripTime": -1,
        "minRoundTripTime": 0,
        "lastUpdateTime": 585333081,
        "lastWriteDate": 0,
        "error": {
          "errorLabelSet": {},
          "beforeHandshake": false
        },
        "topologyVersion": null,
        "setName": null,
        "setVersion": null,
        "electionId": null,
        "logicalSessionTimeoutMinutes": null,
        "maxMessageSizeBytes": null,
        "maxWriteBatchSize": null,
        "maxBsonObjectSize": null,
        "primary": null,
        "me": null,
        "$clusterTime": null,
        "iscryptd": false
      }
    },
    "stale": false,
    "compatible": true,
    "heartbeatFrequencyMS": 10000,
    "localThresholdMS": 15,
    "setName": "atlas-ldvzrz-shard-0",
    "maxElectionId": {
      "$oid": "7fffffff0000000000000079"
    },
    "maxSetVersion": 34,
    "commonWireVersion": 0,
    "logicalSessionTimeoutMinutes": null
  },
  "cause": {
    "errorLabelSet": {},
    "beforeHandshake": false
  }
}
2026-02-26T09:37:45.703Z [error]: Cleanup stale presence error: getaddrinfo ENOTFOUND ac-ycssmpd-shard-00-00.tvw48ir.mongodb.net
MongoServerSelectionError: getaddrinfo ENOTFOUND ac-ycssmpd-shard-00-00.tvw48ir.mongodb.net
    at Topology.selectServer (C:\Users\LENOVO\OneDrive\Desktop\JWLovers\server\node_modules\mongodb\src\sdam\topology.ts:630:30)
    at tryOperation (C:\Users\LENOVO\OneDrive\Desktop\JWLovers\server\node_modules\mongodb\src\operations\execute_operation.ts:206:16)
    at executeOperation (C:\Users\LENOVO\OneDrive\Desktop\JWLovers\server\node_modules\mongodb\src\operations\execute_operation.ts:123:12)
    at FindCursor._initialize (C:\Users\LENOVO\OneDrive\Desktop\JWLovers\server\node_modules\mongodb\src\cursor\find_cursor.ts:92:22)
    at FindCursor.cursorInit (C:\Users\LENOVO\OneDrive\Desktop\JWLovers\server\node_modules\mongodb\src\cursor\abstract_cursor.ts:917:21)
    at FindCursor.fetchBatch (C:\Users\LENOVO\OneDrive\Desktop\JWLovers\server\node_modules\mongodb\src\cursor\abstract_cursor.ts:955:7)
    at FindCursor.next (C:\Users\LENOVO\OneDrive\Desktop\JWLovers\server\node_modules\mongodb\src\cursor\abstract_cursor.ts:573:9)
    at FindCursor.[Symbol.asyncIterator] (C:\Users\LENOVO\OneDrive\Desktop\JWLovers\server\node_modules\mongodb\src\cursor\abstract_cursor.ts:492:26)
    at FindCursor.toArray (C:\Users\LENOVO\OneDrive\Desktop\JWLovers\server\node_modules\mongodb\src\cursor\abstract_cursor.ts:661:22)
    at model.Query._find (C:\Users\LENOVO\OneDrive\Desktop\JWLovers\server\node_modules\mongoose\lib\query.js:2436:14)
{
  "errorLabelSet": {},
  "reason": {
    "type": "ReplicaSetNoPrimary",
    "servers": {
      "ac-ycssmpd-shard-00-00.tvw48ir.mongodb.net:27017": {
        "address": "ac-ycssmpd-shard-00-00.tvw48ir.mongodb.net:27017",
        "type": "Unknown",
        "hosts": [],
        "passives": [],
        "arbiters": [],
        "tags": {},
        "minWireVersion": 0,
        "maxWireVersion": 0,
        "roundTripTime": -1,
        "minRoundTripTime": 0,
        "lastUpdateTime": 585393114,
        "lastWriteDate": 0,
        "error": {
          "errorLabelSet": {},
          "beforeHandshake": false
        },
        "topologyVersion": null,
        "setName": null,
        "setVersion": null,
        "electionId": null,
        "logicalSessionTimeoutMinutes": null,
        "maxMessageSizeBytes": null,
        "maxWriteBatchSize": null,
        "maxBsonObjectSize": null,
        "primary": null,
        "me": null,
        "$clusterTime": null,
        "iscryptd": false
      },
      "ac-ycssmpd-shard-00-01.tvw48ir.mongodb.net:27017": {
        "address": "ac-ycssmpd-shard-00-01.tvw48ir.mongodb.net:27017",
        "type": "Unknown",
        "hosts": [],
        "passives": [],
        "arbiters": [],
        "tags": {},
        "minWireVersion": 0,
        "maxWireVersion": 0,
        "roundTripTime": -1,
        "minRoundTripTime": 0,
        "lastUpdateTime": 585393108,
        "lastWriteDate": 0,
        "error": {
          "errorLabelSet": {},
          "beforeHandshake": false
        },
        "topologyVersion": null,
        "setName": null,
        "setVersion": null,
        "electionId": null,
        "logicalSessionTimeoutMinutes": null,
        "maxMessageSizeBytes": null,
        "maxWriteBatchSize": null,
        "maxBsonObjectSize": null,
        "primary": null,
        "me": null,
        "$clusterTime": null,
        "iscryptd": false
      },
      "ac-ycssmpd-shard-00-02.tvw48ir.mongodb.net:27017": {
        "address": "ac-ycssmpd-shard-00-02.tvw48ir.mongodb.net:27017",
        "type": "Unknown",
        "hosts": [],
        "passives": [],
        "arbiters": [],
        "tags": {},
        "minWireVersion": 0,
        "maxWireVersion": 0,
        "roundTripTime": -1,
        "minRoundTripTime": 0,
        "lastUpdateTime": 585393114,
        "lastWriteDate": 0,
        "error": {
          "errorLabelSet": {},
          "beforeHandshake": false
        },
        "topologyVersion": null,
        "setName": null,
        "setVersion": null,
        "electionId": null,
        "logicalSessionTimeoutMinutes": null,
        "maxMessageSizeBytes": null,
        "maxWriteBatchSize": null,
        "maxBsonObjectSize": null,
        "primary": null,
        "me": null,
        "$clusterTime": null,
        "iscryptd": false
      }
    },
    "stale": false,
    "compatible": true,
    "heartbeatFrequencyMS": 10000,
    "localThresholdMS": 15,
    "setName": "atlas-ldvzrz-shard-0",
    "maxElectionId": {
      "$oid": "7fffffff0000000000000079"
    },
    "maxSetVersion": 34,
    "commonWireVersion": 0,
    "logicalSessionTimeoutMinutes": null
  },
  "cause": {
    "errorLabelSet": {},
    "beforeHandshake": false
  }
}
2026-02-26T09:38:45.717Z [error]: Cleanup stale presence error: getaddrinfo ENOTFOUND ac-ycssmpd-shard-00-00.tvw48ir.mongodb.net
MongoServerSelectionError: getaddrinfo ENOTFOUND ac-ycssmpd-shard-00-00.tvw48ir.mongodb.net
    at Topology.selectServer (C:\Users\LENOVO\OneDrive\Desktop\JWLovers\server\node_modules\mongodb\src\sdam\topology.ts:630:30)
    at tryOperation (C:\Users\LENOVO\OneDrive\Desktop\JWLovers\server\node_modules\mongodb\src\operations\execute_operation.ts:206:16)
    at executeOperation (C:\Users\LENOVO\OneDrive\Desktop\JWLovers\server\node_modules\mongodb\src\operations\execute_operation.ts:123:12)
    at FindCursor._initialize (C:\Users\LENOVO\OneDrive\Desktop\JWLovers\server\node_modules\mongodb\src\cursor\find_cursor.ts:92:22)
    at FindCursor.cursorInit (C:\Users\LENOVO\OneDrive\Desktop\JWLovers\server\node_modules\mongodb\src\cursor\abstract_cursor.ts:917:21)
    at FindCursor.fetchBatch (C:\Users\LENOVO\OneDrive\Desktop\JWLovers\server\node_modules\mongodb\src\cursor\abstract_cursor.ts:955:7)
    at FindCursor.next (C:\Users\LENOVO\OneDrive\Desktop\JWLovers\server\node_modules\mongodb\src\cursor\abstract_cursor.ts:573:9)
    at FindCursor.[Symbol.asyncIterator] (C:\Users\LENOVO\OneDrive\Desktop\JWLovers\server\node_modules\mongodb\src\cursor\abstract_cursor.ts:492:26)
    at FindCursor.toArray (C:\Users\LENOVO\OneDrive\Desktop\JWLovers\server\node_modules\mongodb\src\cursor\abstract_cursor.ts:661:22)
    at model.Query._find (C:\Users\LENOVO\OneDrive\Desktop\JWLovers\server\node_modules\mongoose\lib\query.js:2436:14)
{
  "errorLabelSet": {},
  "reason": {
    "type": "ReplicaSetNoPrimary",
    "servers": {
      "ac-ycssmpd-shard-00-00.tvw48ir.mongodb.net:27017": {
        "address": "ac-ycssmpd-shard-00-00.tvw48ir.mongodb.net:27017",
        "type": "Unknown",
        "hosts": [],
        "passives": [],
        "arbiters": [],
        "tags": {},
        "minWireVersion": 0,
        "maxWireVersion": 0,
        "roundTripTime": -1,
        "minRoundTripTime": 0,
        "lastUpdateTime": 585453139,
        "lastWriteDate": 0,
        "error": {
          "errorLabelSet": {},
          "beforeHandshake": false
        },
        "topologyVersion": null,
        "setName": null,
        "setVersion": null,
        "electionId": null,
        "logicalSessionTimeoutMinutes": null,
        "maxMessageSizeBytes": null,
        "maxWriteBatchSize": null,
        "maxBsonObjectSize": null,
        "primary": null,
        "me": null,
        "$clusterTime": null,
        "iscryptd": false
      },
      "ac-ycssmpd-shard-00-01.tvw48ir.mongodb.net:27017": {
        "address": "ac-ycssmpd-shard-00-01.tvw48ir.mongodb.net:27017",
        "type": "Unknown",
        "hosts": [],
        "passives": [],
        "arbiters": [],
        "tags": {},
        "minWireVersion": 0,
        "maxWireVersion": 0,
        "roundTripTime": -1,
        "minRoundTripTime": 0,
        "lastUpdateTime": 585453138,
        "lastWriteDate": 0,
        "error": {
          "errorLabelSet": {},
          "beforeHandshake": false
        },
        "topologyVersion": null,
        "setName": null,
        "setVersion": null,
        "electionId": null,
        "logicalSessionTimeoutMinutes": null,
        "maxMessageSizeBytes": null,
        "maxWriteBatchSize": null,
        "maxBsonObjectSize": null,
        "primary": null,
        "me": null,
        "$clusterTime": null,
        "iscryptd": false
      },
      "ac-ycssmpd-shard-00-02.tvw48ir.mongodb.net:27017": {
        "address": "ac-ycssmpd-shard-00-02.tvw48ir.mongodb.net:27017",
        "type": "Unknown",
        "hosts": [],
        "passives": [],
        "arbiters": [],
        "tags": {},
        "minWireVersion": 0,
        "maxWireVersion": 0,
        "roundTripTime": -1,
        "minRoundTripTime": 0,
        "lastUpdateTime": 585453143,
        "lastWriteDate": 0,
        "error": {
          "errorLabelSet": {},
          "beforeHandshake": false
        },
        "topologyVersion": null,
        "setName": null,
        "setVersion": null,
        "electionId": null,
        "logicalSessionTimeoutMinutes": null,
        "maxMessageSizeBytes": null,
        "maxWriteBatchSize": null,
        "maxBsonObjectSize": null,
        "primary": null,
        "me": null,
        "$clusterTime": null,
        "iscryptd": false
      }
    },
    "stale": false,
    "compatible": true,
    "heartbeatFrequencyMS": 10000,
    "localThresholdMS": 15,
    "setName": "atlas-ldvzrz-shard-0",
    "maxElectionId": {
      "$oid": "7fffffff0000000000000079"
    },
    "maxSetVersion": 34,
    "commonWireVersion": 0,
    "logicalSessionTimeoutMinutes": null
  },
  "cause": {
    "errorLabelSet": {},
    "beforeHandshake": false
  }
}
2026-02-26T09:39:45.730Z [error]: Cleanup stale presence error: getaddrinfo ENOTFOUND ac-ycssmpd-shard-00-00.tvw48ir.mongodb.net
MongoServerSelectionError: getaddrinfo ENOTFOUND ac-ycssmpd-shard-00-00.tvw48ir.mongodb.net
    at Topology.selectServer (C:\Users\LENOVO\OneDrive\Desktop\JWLovers\server\node_modules\mongodb\src\sdam\topology.ts:630:30)
    at tryOperation (C:\Users\LENOVO\OneDrive\Desktop\JWLovers\server\node_modules\mongodb\src\operations\execute_operation.ts:206:16)
    at executeOperation (C:\Users\LENOVO\OneDrive\Desktop\JWLovers\server\node_modules\mongodb\src\operations\execute_operation.ts:123:12)
    at FindCursor._initialize (C:\Users\LENOVO\OneDrive\Desktop\JWLovers\server\node_modules\mongodb\src\cursor\find_cursor.ts:92:22)
    at FindCursor.cursorInit (C:\Users\LENOVO\OneDrive\Desktop\JWLovers\server\node_modules\mongodb\src\cursor\abstract_cursor.ts:917:21)
    at FindCursor.fetchBatch (C:\Users\LENOVO\OneDrive\Desktop\JWLovers\server\node_modules\mongodb\src\cursor\abstract_cursor.ts:955:7)
    at FindCursor.next (C:\Users\LENOVO\OneDrive\Desktop\JWLovers\server\node_modules\mongodb\src\cursor\abstract_cursor.ts:573:9)
    at FindCursor.[Symbol.asyncIterator] (C:\Users\LENOVO\OneDrive\Desktop\JWLovers\server\node_modules\mongodb\src\cursor\abstract_cursor.ts:492:26)
    at FindCursor.toArray (C:\Users\LENOVO\OneDrive\Desktop\JWLovers\server\node_modules\mongodb\src\cursor\abstract_cursor.ts:661:22)
    at model.Query._find (C:\Users\LENOVO\OneDrive\Desktop\JWLovers\server\node_modules\mongoose\lib\query.js:2436:14)
{
  "errorLabelSet": {},
  "reason": {
    "type": "ReplicaSetNoPrimary",
    "servers": {
      "ac-ycssmpd-shard-00-00.tvw48ir.mongodb.net:27017": {
        "address": "ac-ycssmpd-shard-00-00.tvw48ir.mongodb.net:27017",
        "type": "Unknown",
        "hosts": [],
        "passives": [],
        "arbiters": [],
        "tags": {},
        "minWireVersion": 0,
        "maxWireVersion": 0,
        "roundTripTime": -1,
        "minRoundTripTime": 0,
        "lastUpdateTime": 585513115,
        "lastWriteDate": 0,
        "error": {
          "errorLabelSet": {},
          "beforeHandshake": false
        },
        "topologyVersion": null,
        "setName": null,
        "setVersion": null,
        "electionId": null,
        "logicalSessionTimeoutMinutes": null,
        "maxMessageSizeBytes": null,
        "maxWriteBatchSize": null,
        "maxBsonObjectSize": null,
        "primary": null,
        "me": null,
        "$clusterTime": null,
        "iscryptd": false
      },
      "ac-ycssmpd-shard-00-01.tvw48ir.mongodb.net:27017": {
        "address": "ac-ycssmpd-shard-00-01.tvw48ir.mongodb.net:27017",
        "type": "Unknown",
        "hosts": [],
        "passives": [],
        "arbiters": [],
        "tags": {},
        "minWireVersion": 0,
        "maxWireVersion": 0,
        "roundTripTime": -1,
        "minRoundTripTime": 0,
        "lastUpdateTime": 585513117,
        "lastWriteDate": 0,
        "error": {
          "errorLabelSet": {},
          "beforeHandshake": false
        },
        "topologyVersion": null,
        "setName": null,
        "setVersion": null,
        "electionId": null,
        "logicalSessionTimeoutMinutes": null,
        "maxMessageSizeBytes": null,
        "maxWriteBatchSize": null,
        "maxBsonObjectSize": null,
        "primary": null,
        "me": null,
        "$clusterTime": null,
        "iscryptd": false
      },
      "ac-ycssmpd-shard-00-02.tvw48ir.mongodb.net:27017": {
        "address": "ac-ycssmpd-shard-00-02.tvw48ir.mongodb.net:27017",
        "type": "Unknown",
        "hosts": [],
        "passives": [],
        "arbiters": [],
        "tags": {},
        "minWireVersion": 0,
        "maxWireVersion": 0,
        "roundTripTime": -1,
        "minRoundTripTime": 0,
        "lastUpdateTime": 585513121,
        "lastWriteDate": 0,
        "error": {
          "errorLabelSet": {},
          "beforeHandshake": false
        },
        "topologyVersion": null,
        "setName": null,
        "setVersion": null,
        "electionId": null,
        "logicalSessionTimeoutMinutes": null,
        "maxMessageSizeBytes": null,
        "maxWriteBatchSize": null,
        "maxBsonObjectSize": null,
        "primary": null,
        "me": null,
        "$clusterTime": null,
        "iscryptd": false
      }
    },
    "stale": false,
    "compatible": true,
    "heartbeatFrequencyMS": 10000,
    "localThresholdMS": 15,
    "setName": "atlas-ldvzrz-shard-0",
    "maxElectionId": {
      "$oid": "7fffffff0000000000000079"
    },
    "maxSetVersion": 34,
    "commonWireVersion": 0,
    "logicalSessionTimeoutMinutes": null
  },
  "cause": {
    "errorLabelSet": {},
    "beforeHandshake": false
  }
}
2026-02-26T09:40:45.739Z [error]: Cleanup stale presence error: getaddrinfo ENOTFOUND ac-ycssmpd-shard-00-00.tvw48ir.mongodb.net
MongoServerSelectionError: getaddrinfo ENOTFOUND ac-ycssmpd-shard-00-00.tvw48ir.mongodb.net
    at Topology.selectServer (C:\Users\LENOVO\OneDrive\Desktop\JWLovers\server\node_modules\mongodb\src\sdam\topology.ts:630:30)
    at tryOperation (C:\Users\LENOVO\OneDrive\Desktop\JWLovers\server\node_modules\mongodb\src\operations\execute_operation.ts:206:16)
    at executeOperation (C:\Users\LENOVO\OneDrive\Desktop\JWLovers\server\node_modules\mongodb\src\operations\execute_operation.ts:123:12)
    at FindCursor._initialize (C:\Users\LENOVO\OneDrive\Desktop\JWLovers\server\node_modules\mongodb\src\cursor\find_cursor.ts:92:22)
    at FindCursor.cursorInit (C:\Users\LENOVO\OneDrive\Desktop\JWLovers\server\node_modules\mongodb\src\cursor\abstract_cursor.ts:917:21)
    at FindCursor.fetchBatch (C:\Users\LENOVO\OneDrive\Desktop\JWLovers\server\node_modules\mongodb\src\cursor\abstract_cursor.ts:955:7)
    at FindCursor.next (C:\Users\LENOVO\OneDrive\Desktop\JWLovers\server\node_modules\mongodb\src\cursor\abstract_cursor.ts:573:9)
    at FindCursor.[Symbol.asyncIterator] (C:\Users\LENOVO\OneDrive\Desktop\JWLovers\server\node_modules\mongodb\src\cursor\abstract_cursor.ts:492:26)
    at FindCursor.toArray (C:\Users\LENOVO\OneDrive\Desktop\JWLovers\server\node_modules\mongodb\src\cursor\abstract_cursor.ts:661:22)
    at model.Query._find (C:\Users\LENOVO\OneDrive\Desktop\JWLovers\server\node_modules\mongoose\lib\query.js:2436:14)
{
  "errorLabelSet": {},
  "reason": {
    "type": "ReplicaSetNoPrimary",
    "servers": {
      "ac-ycssmpd-shard-00-00.tvw48ir.mongodb.net:27017": {
        "address": "ac-ycssmpd-shard-00-00.tvw48ir.mongodb.net:27017",
        "type": "Unknown",
        "hosts": [],
        "passives": [],
        "arbiters": [],
        "tags": {},
        "minWireVersion": 0,
        "maxWireVersion": 0,
        "roundTripTime": -1,
        "minRoundTripTime": 0,
        "lastUpdateTime": 585573102,
        "lastWriteDate": 0,
        "error": {
          "errorLabelSet": {},
          "beforeHandshake": false
        },
        "topologyVersion": null,
        "setName": null,
        "setVersion": null,
        "electionId": null,
        "logicalSessionTimeoutMinutes": null,
        "maxMessageSizeBytes": null,
        "maxWriteBatchSize": null,
        "maxBsonObjectSize": null,
        "primary": null,
        "me": null,
        "$clusterTime": null,
        "iscryptd": false
      },
      "ac-ycssmpd-shard-00-01.tvw48ir.mongodb.net:27017": {
        "address": "ac-ycssmpd-shard-00-01.tvw48ir.mongodb.net:27017",
        "type": "Unknown",
        "hosts": [],
        "passives": [],
        "arbiters": [],
        "tags": {},
        "minWireVersion": 0,
        "maxWireVersion": 0,
        "roundTripTime": -1,
        "minRoundTripTime": 0,
        "lastUpdateTime": 585573101,
        "lastWriteDate": 0,
        "error": {
          "errorLabelSet": {},
          "beforeHandshake": false
        },
        "topologyVersion": null,
        "setName": null,
        "setVersion": null,
        "electionId": null,
        "logicalSessionTimeoutMinutes": null,
        "maxMessageSizeBytes": null,
        "maxWriteBatchSize": null,
        "maxBsonObjectSize": null,
        "primary": null,
        "me": null,
        "$clusterTime": null,
        "iscryptd": false
      },
      "ac-ycssmpd-shard-00-02.tvw48ir.mongodb.net:27017": {
        "address": "ac-ycssmpd-shard-00-02.tvw48ir.mongodb.net:27017",
        "type": "Unknown",
        "hosts": [],
        "passives": [],
        "arbiters": [],
        "tags": {},
        "minWireVersion": 0,
        "maxWireVersion": 0,
        "roundTripTime": -1,
        "minRoundTripTime": 0,
        "lastUpdateTime": 585573105,
        "lastWriteDate": 0,
        "error": {
          "errorLabelSet": {},
          "beforeHandshake": false
        },
        "topologyVersion": null,
        "setName": null,
        "setVersion": null,
        "electionId": null,
        "logicalSessionTimeoutMinutes": null,
        "maxMessageSizeBytes": null,
        "maxWriteBatchSize": null,
        "maxBsonObjectSize": null,
        "primary": null,
        "me": null,
        "$clusterTime": null,
        "iscryptd": false
      }
    },
    "stale": false,
    "compatible": true,
    "heartbeatFrequencyMS": 10000,
    "localThresholdMS": 15,
    "setName": "atlas-ldvzrz-shard-0",
    "maxElectionId": {
      "$oid": "7fffffff0000000000000079"
    },
    "maxSetVersion": 34,
    "commonWireVersion": 0,
    "logicalSessionTimeoutMinutes": null
  },
  "cause": {
    "errorLabelSet": {},
    "beforeHandshake": false
  }
}
2026-02-26T09:41:45.728Z [error]: Cleanup stale presence error: getaddrinfo ENOTFOUND ac-ycssmpd-shard-00-00.tvw48ir.mongodb.net
MongoServerSelectionError: getaddrinfo ENOTFOUND ac-ycssmpd-shard-00-00.tvw48ir.mongodb.net
    at Topology.selectServer (C:\Users\LENOVO\OneDrive\Desktop\JWLovers\server\node_modules\mongodb\src\sdam\topology.ts:630:30)
    at tryOperation (C:\Users\LENOVO\OneDrive\Desktop\JWLovers\server\node_modules\mongodb\src\operations\execute_operation.ts:206:16)
    at executeOperation (C:\Users\LENOVO\OneDrive\Desktop\JWLovers\server\node_modules\mongodb\src\operations\execute_operation.ts:123:12)
    at FindCursor._initialize (C:\Users\LENOVO\OneDrive\Desktop\JWLovers\server\node_modules\mongodb\src\cursor\find_cursor.ts:92:22)
    at FindCursor.cursorInit (C:\Users\LENOVO\OneDrive\Desktop\JWLovers\server\node_modules\mongodb\src\cursor\abstract_cursor.ts:917:21)
    at FindCursor.fetchBatch (C:\Users\LENOVO\OneDrive\Desktop\JWLovers\server\node_modules\mongodb\src\cursor\abstract_cursor.ts:955:7)
    at FindCursor.next (C:\Users\LENOVO\OneDrive\Desktop\JWLovers\server\node_modules\mongodb\src\cursor\abstract_cursor.ts:573:9)
    at FindCursor.[Symbol.asyncIterator] (C:\Users\LENOVO\OneDrive\Desktop\JWLovers\server\node_modules\mongodb\src\cursor\abstract_cursor.ts:492:26)
    at FindCursor.toArray (C:\Users\LENOVO\OneDrive\Desktop\JWLovers\server\node_modules\mongodb\src\cursor\abstract_cursor.ts:661:22)
    at model.Query._find (C:\Users\LENOVO\OneDrive\Desktop\JWLovers\server\node_modules\mongoose\lib\query.js:2436:14)
{
  "errorLabelSet": {},
  "reason": {
    "type": "ReplicaSetNoPrimary",
    "servers": {
      "ac-ycssmpd-shard-00-00.tvw48ir.mongodb.net:27017": {
        "address": "ac-ycssmpd-shard-00-00.tvw48ir.mongodb.net:27017",
        "type": "Unknown",
        "hosts": [],
        "passives": [],
        "arbiters": [],
        "tags": {},
        "minWireVersion": 0,
        "maxWireVersion": 0,
        "roundTripTime": -1,
        "minRoundTripTime": 0,
        "lastUpdateTime": 585633377,
        "lastWriteDate": 0,
        "error": {
          "errorLabelSet": {},
          "beforeHandshake": false
        },
        "topologyVersion": null,
        "setName": null,
        "setVersion": null,
        "electionId": null,
        "logicalSessionTimeoutMinutes": null,
        "maxMessageSizeBytes": null,
        "maxWriteBatchSize": null,
        "maxBsonObjectSize": null,
        "primary": null,
        "me": null,
        "$clusterTime": null,
        "iscryptd": false
      },
      "ac-ycssmpd-shard-00-01.tvw48ir.mongodb.net:27017": {
        "address": "ac-ycssmpd-shard-00-01.tvw48ir.mongodb.net:27017",
        "type": "Unknown",
        "hosts": [],
        "passives": [],
        "arbiters": [],
        "tags": {},
        "minWireVersion": 0,
        "maxWireVersion": 0,
        "roundTripTime": -1,
        "minRoundTripTime": 0,
        "lastUpdateTime": 585633064,
        "lastWriteDate": 0,
        "error": {
          "errorLabelSet": {},
          "beforeHandshake": false
        },
        "topologyVersion": null,
        "setName": null,
        "setVersion": null,
        "electionId": null,
        "logicalSessionTimeoutMinutes": null,
        "maxMessageSizeBytes": null,
        "maxWriteBatchSize": null,
        "maxBsonObjectSize": null,
        "primary": null,
        "me": null,
        "$clusterTime": null,
        "iscryptd": false
      },
      "ac-ycssmpd-shard-00-02.tvw48ir.mongodb.net:27017": {
        "address": "ac-ycssmpd-shard-00-02.tvw48ir.mongodb.net:27017",
        "type": "Unknown",
        "hosts": [],
        "passives": [],
        "arbiters": [],
        "tags": {},
        "minWireVersion": 0,
        "maxWireVersion": 0,
        "roundTripTime": -1,
        "minRoundTripTime": 0,
        "lastUpdateTime": 585633063,
        "lastWriteDate": 0,
        "error": {
          "errorLabelSet": {},
          "beforeHandshake": false
        },
        "topologyVersion": null,
        "setName": null,
        "setVersion": null,
        "electionId": null,
        "logicalSessionTimeoutMinutes": null,
        "maxMessageSizeBytes": null,
        "maxWriteBatchSize": null,
        "maxBsonObjectSize": null,
        "primary": null,
        "me": null,
        "$clusterTime": null,
        "iscryptd": false
      }
    },
    "stale": false,
    "compatible": true,
    "heartbeatFrequencyMS": 10000,
    "localThresholdMS": 15,
    "setName": "atlas-ldvzrz-shard-0",
    "maxElectionId": {
      "$oid": "7fffffff0000000000000079"
    },
    "maxSetVersion": 34,
    "commonWireVersion": 0,
    "logicalSessionTimeoutMinutes": null
  },
  "cause": {
    "errorLabelSet": {},
    "beforeHandshake": false
  }
}
2026-02-26T09:42:45.738Z [error]: Cleanup stale presence error: getaddrinfo ENOTFOUND ac-ycssmpd-shard-00-00.tvw48ir.mongodb.net
MongoServerSelectionError: getaddrinfo ENOTFOUND ac-ycssmpd-shard-00-00.tvw48ir.mongodb.net
    at Topology.selectServer (C:\Users\LENOVO\OneDrive\Desktop\JWLovers\server\node_modules\mongodb\src\sdam\topology.ts:630:30)
    at tryOperation (C:\Users\LENOVO\OneDrive\Desktop\JWLovers\server\node_modules\mongodb\src\operations\execute_operation.ts:206:16)
    at executeOperation (C:\Users\LENOVO\OneDrive\Desktop\JWLovers\server\node_modules\mongodb\src\operations\execute_operation.ts:123:12)
    at FindCursor._initialize (C:\Users\LENOVO\OneDrive\Desktop\JWLovers\server\node_modules\mongodb\src\cursor\find_cursor.ts:92:22)
    at FindCursor.cursorInit (C:\Users\LENOVO\OneDrive\Desktop\JWLovers\server\node_modules\mongodb\src\cursor\abstract_cursor.ts:917:21)
    at FindCursor.fetchBatch (C:\Users\LENOVO\OneDrive\Desktop\JWLovers\server\node_modules\mongodb\src\cursor\abstract_cursor.ts:955:7)
    at FindCursor.next (C:\Users\LENOVO\OneDrive\Desktop\JWLovers\server\node_modules\mongodb\src\cursor\abstract_cursor.ts:573:9)
    at FindCursor.[Symbol.asyncIterator] (C:\Users\LENOVO\OneDrive\Desktop\JWLovers\server\node_modules\mongodb\src\cursor\abstract_cursor.ts:492:26)
    at FindCursor.toArray (C:\Users\LENOVO\OneDrive\Desktop\JWLovers\server\node_modules\mongodb\src\cursor\abstract_cursor.ts:661:22)
    at model.Query._find (C:\Users\LENOVO\OneDrive\Desktop\JWLovers\server\node_modules\mongoose\lib\query.js:2436:14)
{
  "errorLabelSet": {},
  "reason": {
    "type": "ReplicaSetNoPrimary",
    "servers": {
      "ac-ycssmpd-shard-00-00.tvw48ir.mongodb.net:27017": {
        "address": "ac-ycssmpd-shard-00-00.tvw48ir.mongodb.net:27017",
        "type": "Unknown",
        "hosts": [],
        "passives": [],
        "arbiters": [],
        "tags": {},
        "minWireVersion": 0,
        "maxWireVersion": 0,
        "roundTripTime": -1,
        "minRoundTripTime": 0,
        "lastUpdateTime": 585693180,
        "lastWriteDate": 0,
        "error": {
          "errorLabelSet": {},
          "beforeHandshake": false
        },
        "topologyVersion": null,
        "setName": null,
        "setVersion": null,
        "electionId": null,
        "logicalSessionTimeoutMinutes": null,
        "maxMessageSizeBytes": null,
        "maxWriteBatchSize": null,
        "maxBsonObjectSize": null,
        "primary": null,
        "me": null,
        "$clusterTime": null,
        "iscryptd": false
      },
      "ac-ycssmpd-shard-00-01.tvw48ir.mongodb.net:27017": {
        "address": "ac-ycssmpd-shard-00-01.tvw48ir.mongodb.net:27017",
        "type": "Unknown",
        "hosts": [],
        "passives": [],
        "arbiters": [],
        "tags": {},
        "minWireVersion": 0,
        "maxWireVersion": 0,
        "roundTripTime": -1,
        "minRoundTripTime": 0,
        "lastUpdateTime": 585693180,
        "lastWriteDate": 0,
        "error": {
          "errorLabelSet": {},
          "beforeHandshake": false
        },
        "topologyVersion": null,
        "setName": null,
        "setVersion": null,
        "electionId": null,
        "logicalSessionTimeoutMinutes": null,
        "maxMessageSizeBytes": null,
        "maxWriteBatchSize": null,
        "maxBsonObjectSize": null,
        "primary": null,
        "me": null,
        "$clusterTime": null,
        "iscryptd": false
      },
      "ac-ycssmpd-shard-00-02.tvw48ir.mongodb.net:27017": {
        "address": "ac-ycssmpd-shard-00-02.tvw48ir.mongodb.net:27017",
        "type": "Unknown",
        "hosts": [],
        "passives": [],
        "arbiters": [],
        "tags": {},
        "minWireVersion": 0,
        "maxWireVersion": 0,
        "roundTripTime": -1,
        "minRoundTripTime": 0,
        "lastUpdateTime": 585693184,
        "lastWriteDate": 0,
        "error": {
          "errorLabelSet": {},
          "beforeHandshake": false
        },
        "topologyVersion": null,
        "setName": null,
        "setVersion": null,
        "electionId": null,
        "logicalSessionTimeoutMinutes": null,
        "maxMessageSizeBytes": null,
        "maxWriteBatchSize": null,
        "maxBsonObjectSize": null,
        "primary": null,
        "me": null,
        "$clusterTime": null,
        "iscryptd": false
      }
    },
    "stale": false,
    "compatible": true,
    "heartbeatFrequencyMS": 10000,
    "localThresholdMS": 15,
    "setName": "atlas-ldvzrz-shard-0",
    "maxElectionId": {
      "$oid": "7fffffff0000000000000079"
    },
    "maxSetVersion": 34,
    "commonWireVersion": 0,
    "logicalSessionTimeoutMinutes": null
  },
  "cause": {
    "errorLabelSet": {},
    "beforeHandshake": false
  }
}
2026-02-26T09:43:45.756Z [error]: Cleanup stale presence error: getaddrinfo ENOTFOUND ac-ycssmpd-shard-00-00.tvw48ir.mongodb.net
MongoServerSelectionError: getaddrinfo ENOTFOUND ac-ycssmpd-shard-00-00.tvw48ir.mongodb.net
    at Topology.selectServer (C:\Users\LENOVO\OneDrive\Desktop\JWLovers\server\node_modules\mongodb\src\sdam\topology.ts:630:30)
    at tryOperation (C:\Users\LENOVO\OneDrive\Desktop\JWLovers\server\node_modules\mongodb\src\operations\execute_operation.ts:206:16)
    at executeOperation (C:\Users\LENOVO\OneDrive\Desktop\JWLovers\server\node_modules\mongodb\src\operations\execute_operation.ts:123:12)
    at FindCursor._initialize (C:\Users\LENOVO\OneDrive\Desktop\JWLovers\server\node_modules\mongodb\src\cursor\find_cursor.ts:92:22)
    at FindCursor.cursorInit (C:\Users\LENOVO\OneDrive\Desktop\JWLovers\server\node_modules\mongodb\src\cursor\abstract_cursor.ts:917:21)
    at FindCursor.fetchBatch (C:\Users\LENOVO\OneDrive\Desktop\JWLovers\server\node_modules\mongodb\src\cursor\abstract_cursor.ts:955:7)
    at FindCursor.next (C:\Users\LENOVO\OneDrive\Desktop\JWLovers\server\node_modules\mongodb\src\cursor\abstract_cursor.ts:573:9)
    at FindCursor.[Symbol.asyncIterator] (C:\Users\LENOVO\OneDrive\Desktop\JWLovers\server\node_modules\mongodb\src\cursor\abstract_cursor.ts:492:26)
    at FindCursor.toArray (C:\Users\LENOVO\OneDrive\Desktop\JWLovers\server\node_modules\mongodb\src\cursor\abstract_cursor.ts:661:22)
    at model.Query._find (C:\Users\LENOVO\OneDrive\Desktop\JWLovers\server\node_modules\mongoose\lib\query.js:2436:14)
{
  "errorLabelSet": {},
  "reason": {
    "type": "ReplicaSetNoPrimary",
    "servers": {
      "ac-ycssmpd-shard-00-00.tvw48ir.mongodb.net:27017": {
        "address": "ac-ycssmpd-shard-00-00.tvw48ir.mongodb.net:27017",
        "type": "Unknown",
        "hosts": [],
        "passives": [],
        "arbiters": [],
        "tags": {},
        "minWireVersion": 0,
        "maxWireVersion": 0,
        "roundTripTime": -1,
        "minRoundTripTime": 0,
        "lastUpdateTime": 585753234,
        "lastWriteDate": 0,
        "error": {
          "errorLabelSet": {},
          "beforeHandshake": false
        },
        "topologyVersion": null,
        "setName": null,
        "setVersion": null,
        "electionId": null,
        "logicalSessionTimeoutMinutes": null,
        "maxMessageSizeBytes": null,
        "maxWriteBatchSize": null,
        "maxBsonObjectSize": null,
        "primary": null,
        "me": null,
        "$clusterTime": null,
        "iscryptd": false
      },
      "ac-ycssmpd-shard-00-01.tvw48ir.mongodb.net:27017": {
        "address": "ac-ycssmpd-shard-00-01.tvw48ir.mongodb.net:27017",
        "type": "Unknown",
        "hosts": [],
        "passives": [],
        "arbiters": [],
        "tags": {},
        "minWireVersion": 0,
        "maxWireVersion": 0,
        "roundTripTime": -1,
        "minRoundTripTime": 0,
        "lastUpdateTime": 585753232,
        "lastWriteDate": 0,
        "error": {
          "errorLabelSet": {},
          "beforeHandshake": false
        },
        "topologyVersion": null,
        "setName": null,
        "setVersion": null,
        "electionId": null,
        "logicalSessionTimeoutMinutes": null,
        "maxMessageSizeBytes": null,
        "maxWriteBatchSize": null,
        "maxBsonObjectSize": null,
        "primary": null,
        "me": null,
        "$clusterTime": null,
        "iscryptd": false
      },
      "ac-ycssmpd-shard-00-02.tvw48ir.mongodb.net:27017": {
        "address": "ac-ycssmpd-shard-00-02.tvw48ir.mongodb.net:27017",
        "type": "Unknown",
        "hosts": [],
        "passives": [],
        "arbiters": [],
        "tags": {},
        "minWireVersion": 0,
        "maxWireVersion": 0,
        "roundTripTime": -1,
        "minRoundTripTime": 0,
        "lastUpdateTime": 585753239,
        "lastWriteDate": 0,
        "error": {
          "errorLabelSet": {},
          "beforeHandshake": false
        },
        "topologyVersion": null,
        "setName": null,
        "setVersion": null,
        "electionId": null,
        "logicalSessionTimeoutMinutes": null,
        "maxMessageSizeBytes": null,
        "maxWriteBatchSize": null,
        "maxBsonObjectSize": null,
        "primary": null,
        "me": null,
        "$clusterTime": null,
        "iscryptd": false
      }
    },
    "stale": false,
    "compatible": true,
    "heartbeatFrequencyMS": 10000,
    "localThresholdMS": 15,
    "setName": "atlas-ldvzrz-shard-0",
    "maxElectionId": {
      "$oid": "7fffffff0000000000000079"
    },
    "maxSetVersion": 34,
    "commonWireVersion": 0,
    "logicalSessionTimeoutMinutes": null
  },
  "cause": {
    "errorLabelSet": {},
    "beforeHandshake": false
  }
}
2026-02-26T10:54:56.751Z [error]: Cleanup stale presence error: getaddrinfo ENOTFOUND ac-ycssmpd-shard-00-00.tvw48ir.mongodb.net
MongoServerSelectionError: getaddrinfo ENOTFOUND ac-ycssmpd-shard-00-00.tvw48ir.mongodb.net
    at Topology.selectServer (C:\Users\LENOVO\OneDrive\Desktop\JWLovers\server\node_modules\mongodb\src\sdam\topology.ts:630:30)
    at tryOperation (C:\Users\LENOVO\OneDrive\Desktop\JWLovers\server\node_modules\mongodb\src\operations\execute_operation.ts:206:16)
    at executeOperation (C:\Users\LENOVO\OneDrive\Desktop\JWLovers\server\node_modules\mongodb\src\operations\execute_operation.ts:123:12)
    at FindCursor._initialize (C:\Users\LENOVO\OneDrive\Desktop\JWLovers\server\node_modules\mongodb\src\cursor\find_cursor.ts:92:22)
    at FindCursor.cursorInit (C:\Users\LENOVO\OneDrive\Desktop\JWLovers\server\node_modules\mongodb\src\cursor\abstract_cursor.ts:917:21)
    at FindCursor.fetchBatch (C:\Users\LENOVO\OneDrive\Desktop\JWLovers\server\node_modules\mongodb\src\cursor\abstract_cursor.ts:955:7)
    at FindCursor.next (C:\Users\LENOVO\OneDrive\Desktop\JWLovers\server\node_modules\mongodb\src\cursor\abstract_cursor.ts:573:9)
    at FindCursor.[Symbol.asyncIterator] (C:\Users\LENOVO\OneDrive\Desktop\JWLovers\server\node_modules\mongodb\src\cursor\abstract_cursor.ts:492:26)
    at FindCursor.toArray (C:\Users\LENOVO\OneDrive\Desktop\JWLovers\server\node_modules\mongodb\src\cursor\abstract_cursor.ts:661:22)
    at model.Query._find (C:\Users\LENOVO\OneDrive\Desktop\JWLovers\server\node_modules\mongoose\lib\query.js:2436:14)
{
  "errorLabelSet": {},
  "reason": {
    "type": "ReplicaSetNoPrimary",
    "servers": {
      "ac-ycssmpd-shard-00-00.tvw48ir.mongodb.net:27017": {
        "address": "ac-ycssmpd-shard-00-00.tvw48ir.mongodb.net:27017",
        "type": "Unknown",
        "hosts": [],
        "passives": [],
        "arbiters": [],
        "tags": {},
        "minWireVersion": 0,
        "maxWireVersion": 0,
        "roundTripTime": -1,
        "minRoundTripTime": 0,
        "lastUpdateTime": 590019816,
        "lastWriteDate": 0,
        "error": {
          "errorLabelSet": {},
          "beforeHandshake": false
        },
        "topologyVersion": null,
        "setName": null,
        "setVersion": null,
        "electionId": null,
        "logicalSessionTimeoutMinutes": null,
        "maxMessageSizeBytes": null,
        "maxWriteBatchSize": null,
        "maxBsonObjectSize": null,
        "primary": null,
        "me": null,
        "$clusterTime": null,
        "iscryptd": false
      },
      "ac-ycssmpd-shard-00-01.tvw48ir.mongodb.net:27017": {
        "address": "ac-ycssmpd-shard-00-01.tvw48ir.mongodb.net:27017",
        "type": "Unknown",
        "hosts": [],
        "passives": [],
        "arbiters": [],
        "tags": {},
        "minWireVersion": 0,
        "maxWireVersion": 0,
        "roundTripTime": -1,
        "minRoundTripTime": 0,
        "lastUpdateTime": 590019815,
        "lastWriteDate": 0,
        "error": {
          "errorLabelSet": {},
          "beforeHandshake": false
        },
        "topologyVersion": null,
        "setName": null,
        "setVersion": null,
        "electionId": null,
        "logicalSessionTimeoutMinutes": null,
        "maxMessageSizeBytes": null,
        "maxWriteBatchSize": null,
        "maxBsonObjectSize": null,
        "primary": null,
        "me": null,
        "$clusterTime": null,
        "iscryptd": false
      },
      "ac-ycssmpd-shard-00-02.tvw48ir.mongodb.net:27017": {
        "address": "ac-ycssmpd-shard-00-02.tvw48ir.mongodb.net:27017",
        "type": "Unknown",
        "hosts": [],
        "passives": [],
        "arbiters": [],
        "tags": {},
        "minWireVersion": 0,
        "maxWireVersion": 0,
        "roundTripTime": -1,
        "minRoundTripTime": 0,
        "lastUpdateTime": 590020227,
        "lastWriteDate": 0,
        "error": {
          "errorLabelSet": {},
          "beforeHandshake": false
        },
        "topologyVersion": null,
        "setName": null,
        "setVersion": null,
        "electionId": null,
        "logicalSessionTimeoutMinutes": null,
        "maxMessageSizeBytes": null,
        "maxWriteBatchSize": null,
        "maxBsonObjectSize": null,
        "primary": null,
        "me": null,
        "$clusterTime": null,
        "iscryptd": false
      }
    },
    "stale": false,
    "compatible": true,
    "heartbeatFrequencyMS": 10000,
    "localThresholdMS": 15,
    "setName": "atlas-ldvzrz-shard-0",
    "maxElectionId": {
      "$oid": "7fffffff0000000000000079"
    },
    "maxSetVersion": 34,
    "commonWireVersion": 0,
    "logicalSessionTimeoutMinutes": null
  },
  "cause": {
    "errorLabelSet": {},
    "beforeHandshake": false
  }
}
2026-02-26T14:24:25.688Z [error]: Cleanup stale presence error: getaddrinfo ENOTFOUND ac-ycssmpd-shard-00-00.tvw48ir.mongodb.net
MongoServerSelectionError: getaddrinfo ENOTFOUND ac-ycssmpd-shard-00-00.tvw48ir.mongodb.net
    at Topology.selectServer (C:\Users\LENOVO\OneDrive\Desktop\JWLovers\server\node_modules\mongodb\src\sdam\topology.ts:630:30)
    at runNextTicks (node:internal/process/task_queues:65:5)
    at processTimers (node:internal/timers:520:9)
    at tryOperation (C:\Users\LENOVO\OneDrive\Desktop\JWLovers\server\node_modules\mongodb\src\operations\execute_operation.ts:270:16)
    at executeOperation (C:\Users\LENOVO\OneDrive\Desktop\JWLovers\server\node_modules\mongodb\src\operations\execute_operation.ts:123:12)
    at FindCursor._initialize (C:\Users\LENOVO\OneDrive\Desktop\JWLovers\server\node_modules\mongodb\src\cursor\find_cursor.ts:92:22)
    at FindCursor.cursorInit (C:\Users\LENOVO\OneDrive\Desktop\JWLovers\server\node_modules\mongodb\src\cursor\abstract_cursor.ts:917:21)
    at FindCursor.fetchBatch (C:\Users\LENOVO\OneDrive\Desktop\JWLovers\server\node_modules\mongodb\src\cursor\abstract_cursor.ts:955:7)
    at FindCursor.next (C:\Users\LENOVO\OneDrive\Desktop\JWLovers\server\node_modules\mongodb\src\cursor\abstract_cursor.ts:573:9)
    at FindCursor.[Symbol.asyncIterator] (C:\Users\LENOVO\OneDrive\Desktop\JWLovers\server\node_modules\mongodb\src\cursor\abstract_cursor.ts:492:26)
{
  "errorLabelSet": {},
  "reason": {
    "type": "ReplicaSetNoPrimary",
    "servers": {
      "ac-ycssmpd-shard-00-00.tvw48ir.mongodb.net:27017": {
        "address": "ac-ycssmpd-shard-00-00.tvw48ir.mongodb.net:27017",
        "type": "Unknown",
        "hosts": [],
        "passives": [],
        "arbiters": [],
        "tags": {},
        "minWireVersion": 0,
        "maxWireVersion": 0,
        "roundTripTime": -1,
        "minRoundTripTime": 0,
        "lastUpdateTime": 602595093,
        "lastWriteDate": 0,
        "error": {
          "errorLabelSet": {},
          "beforeHandshake": false
        },
        "topologyVersion": null,
        "setName": null,
        "setVersion": null,
        "electionId": null,
        "logicalSessionTimeoutMinutes": null,
        "maxMessageSizeBytes": null,
        "maxWriteBatchSize": null,
        "maxBsonObjectSize": null,
        "primary": null,
        "me": null,
        "$clusterTime": null,
        "iscryptd": false
      },
      "ac-ycssmpd-shard-00-01.tvw48ir.mongodb.net:27017": {
        "address": "ac-ycssmpd-shard-00-01.tvw48ir.mongodb.net:27017",
        "type": "Unknown",
        "hosts": [],
        "passives": [],
        "arbiters": [],
        "tags": {},
        "minWireVersion": 0,
        "maxWireVersion": 0,
        "roundTripTime": -1,
        "minRoundTripTime": 0,
        "lastUpdateTime": 602595662,
        "lastWriteDate": 0,
        "error": {
          "errorLabelSet": {},
          "beforeHandshake": false
        },
        "topologyVersion": null,
        "setName": null,
        "setVersion": null,
        "electionId": null,
        "logicalSessionTimeoutMinutes": null,
        "maxMessageSizeBytes": null,
        "maxWriteBatchSize": null,
        "maxBsonObjectSize": null,
        "primary": null,
        "me": null,
        "$clusterTime": null,
        "iscryptd": false
      },
      "ac-ycssmpd-shard-00-02.tvw48ir.mongodb.net:27017": {
        "address": "ac-ycssmpd-shard-00-02.tvw48ir.mongodb.net:27017",
        "type": "Unknown",
        "hosts": [],
        "passives": [],
        "arbiters": [],
        "tags": {},
        "minWireVersion": 0,
        "maxWireVersion": 0,
        "roundTripTime": -1,
        "minRoundTripTime": 0,
        "lastUpdateTime": 602595166,
        "lastWriteDate": 0,
        "error": {
          "errorLabelSet": {},
          "beforeHandshake": false
        },
        "topologyVersion": null,
        "setName": null,
        "setVersion": null,
        "electionId": null,
        "logicalSessionTimeoutMinutes": null,
        "maxMessageSizeBytes": null,
        "maxWriteBatchSize": null,
        "maxBsonObjectSize": null,
        "primary": null,
        "me": null,
        "$clusterTime": null,
        "iscryptd": false
      }
    },
    "stale": false,
    "compatible": true,
    "heartbeatFrequencyMS": 10000,
    "localThresholdMS": 15,
    "setName": "atlas-ldvzrz-shard-0",
    "maxElectionId": {
      "$oid": "7fffffff0000000000000079"
    },
    "maxSetVersion": 34,
    "commonWireVersion": 0,
    "logicalSessionTimeoutMinutes": null
  },
  "cause": {
    "errorLabelSet": {},
    "beforeHandshake": false
  }
}
2026-02-26T18:49:46.157Z [error]: Cleanup stale presence error: getaddrinfo ENOTFOUND ac-ycssmpd-shard-00-00.tvw48ir.mongodb.net
MongoServerSelectionError: getaddrinfo ENOTFOUND ac-ycssmpd-shard-00-00.tvw48ir.mongodb.net
    at Topology.selectServer (C:\Users\LENOVO\OneDrive\Desktop\JWLovers\server\node_modules\mongodb\src\sdam\topology.ts:630:30)
    at tryOperation (C:\Users\LENOVO\OneDrive\Desktop\JWLovers\server\node_modules\mongodb\src\operations\execute_operation.ts:206:16)
    at executeOperation (C:\Users\LENOVO\OneDrive\Desktop\JWLovers\server\node_modules\mongodb\src\operations\execute_operation.ts:123:12)
    at FindCursor._initialize (C:\Users\LENOVO\OneDrive\Desktop\JWLovers\server\node_modules\mongodb\src\cursor\find_cursor.ts:92:22)
    at FindCursor.cursorInit (C:\Users\LENOVO\OneDrive\Desktop\JWLovers\server\node_modules\mongodb\src\cursor\abstract_cursor.ts:917:21)
    at FindCursor.fetchBatch (C:\Users\LENOVO\OneDrive\Desktop\JWLovers\server\node_modules\mongodb\src\cursor\abstract_cursor.ts:955:7)
    at FindCursor.next (C:\Users\LENOVO\OneDrive\Desktop\JWLovers\server\node_modules\mongodb\src\cursor\abstract_cursor.ts:573:9)
    at FindCursor.[Symbol.asyncIterator] (C:\Users\LENOVO\OneDrive\Desktop\JWLovers\server\node_modules\mongodb\src\cursor\abstract_cursor.ts:492:26)
    at FindCursor.toArray (C:\Users\LENOVO\OneDrive\Desktop\JWLovers\server\node_modules\mongodb\src\cursor\abstract_cursor.ts:661:22)
    at model.Query._find (C:\Users\LENOVO\OneDrive\Desktop\JWLovers\server\node_modules\mongoose\lib\query.js:2436:14)
{
  "errorLabelSet": {},
  "reason": {
    "type": "ReplicaSetNoPrimary",
    "servers": {
      "ac-ycssmpd-shard-00-00.tvw48ir.mongodb.net:27017": {
        "address": "ac-ycssmpd-shard-00-00.tvw48ir.mongodb.net:27017",
        "type": "Unknown",
        "hosts": [],
        "passives": [],
        "arbiters": [],
        "tags": {},
        "minWireVersion": 0,
        "maxWireVersion": 0,
        "roundTripTime": -1,
        "minRoundTripTime": 0,
        "lastUpdateTime": 618524448,
        "lastWriteDate": 0,
        "error": {
          "errorLabelSet": {},
          "beforeHandshake": false
        },
        "topologyVersion": null,
        "setName": null,
        "setVersion": null,
        "electionId": null,
        "logicalSessionTimeoutMinutes": null,
        "maxMessageSizeBytes": null,
        "maxWriteBatchSize": null,
        "maxBsonObjectSize": null,
        "primary": null,
        "me": null,
        "$clusterTime": null,
        "iscryptd": false
      },
      "ac-ycssmpd-shard-00-01.tvw48ir.mongodb.net:27017": {
        "address": "ac-ycssmpd-shard-00-01.tvw48ir.mongodb.net:27017",
        "type": "Unknown",
        "hosts": [],
        "passives": [],
        "arbiters": [],
        "tags": {},
        "minWireVersion": 0,
        "maxWireVersion": 0,
        "roundTripTime": -1,
        "minRoundTripTime": 0,
        "lastUpdateTime": 618524571,
        "lastWriteDate": 0,
        "error": {
          "errorLabelSet": {},
          "beforeHandshake": false
        },
        "topologyVersion": null,
        "setName": null,
        "setVersion": null,
        "electionId": null,
        "logicalSessionTimeoutMinutes": null,
        "maxMessageSizeBytes": null,
        "maxWriteBatchSize": null,
        "maxBsonObjectSize": null,
        "primary": null,
        "me": null,
        "$clusterTime": null,
        "iscryptd": false
      },
      "ac-ycssmpd-shard-00-02.tvw48ir.mongodb.net:27017": {
        "address": "ac-ycssmpd-shard-00-02.tvw48ir.mongodb.net:27017",
        "type": "Unknown",
        "hosts": [],
        "passives": [],
        "arbiters": [],
        "tags": {},
        "minWireVersion": 0,
        "maxWireVersion": 0,
        "roundTripTime": -1,
        "minRoundTripTime": 0,
        "lastUpdateTime": 618524641,
        "lastWriteDate": 0,
        "error": {
          "errorLabelSet": {},
          "beforeHandshake": false
        },
        "topologyVersion": null,
        "setName": null,
        "setVersion": null,
        "electionId": null,
        "logicalSessionTimeoutMinutes": null,
        "maxMessageSizeBytes": null,
        "maxWriteBatchSize": null,
        "maxBsonObjectSize": null,
        "primary": null,
        "me": null,
        "$clusterTime": null,
        "iscryptd": false
      }
    },
    "stale": false,
    "compatible": true,
    "heartbeatFrequencyMS": 10000,
    "localThresholdMS": 15,
    "setName": "atlas-ldvzrz-shard-0",
    "maxElectionId": {
      "$oid": "7fffffff0000000000000079"
    },
    "maxSetVersion": 34,
    "commonWireVersion": 0,
    "logicalSessionTimeoutMinutes": null
  },
  "cause": {
    "errorLabelSet": {},
    "beforeHandshake": false
  }
}
2026-02-26T18:50:45.794Z [error]: Cleanup stale presence error: getaddrinfo ENOTFOUND ac-ycssmpd-shard-00-00.tvw48ir.mongodb.net
MongoServerSelectionError: getaddrinfo ENOTFOUND ac-ycssmpd-shard-00-00.tvw48ir.mongodb.net
    at Topology.selectServer (C:\Users\LENOVO\OneDrive\Desktop\JWLovers\server\node_modules\mongodb\src\sdam\topology.ts:630:30)
    at tryOperation (C:\Users\LENOVO\OneDrive\Desktop\JWLovers\server\node_modules\mongodb\src\operations\execute_operation.ts:206:16)
    at executeOperation (C:\Users\LENOVO\OneDrive\Desktop\JWLovers\server\node_modules\mongodb\src\operations\execute_operation.ts:123:12)
    at FindCursor._initialize (C:\Users\LENOVO\OneDrive\Desktop\JWLovers\server\node_modules\mongodb\src\cursor\find_cursor.ts:92:22)
    at FindCursor.cursorInit (C:\Users\LENOVO\OneDrive\Desktop\JWLovers\server\node_modules\mongodb\src\cursor\abstract_cursor.ts:917:21)
    at FindCursor.fetchBatch (C:\Users\LENOVO\OneDrive\Desktop\JWLovers\server\node_modules\mongodb\src\cursor\abstract_cursor.ts:955:7)
    at FindCursor.next (C:\Users\LENOVO\OneDrive\Desktop\JWLovers\server\node_modules\mongodb\src\cursor\abstract_cursor.ts:573:9)
    at FindCursor.[Symbol.asyncIterator] (C:\Users\LENOVO\OneDrive\Desktop\JWLovers\server\node_modules\mongodb\src\cursor\abstract_cursor.ts:492:26)
    at FindCursor.toArray (C:\Users\LENOVO\OneDrive\Desktop\JWLovers\server\node_modules\mongodb\src\cursor\abstract_cursor.ts:661:22)
    at model.Query._find (C:\Users\LENOVO\OneDrive\Desktop\JWLovers\server\node_modules\mongoose\lib\query.js:2436:14)
{
  "errorLabelSet": {},
  "reason": {
    "type": "ReplicaSetNoPrimary",
    "servers": {
      "ac-ycssmpd-shard-00-00.tvw48ir.mongodb.net:27017": {
        "address": "ac-ycssmpd-shard-00-00.tvw48ir.mongodb.net:27017",
        "type": "Unknown",
        "hosts": [],
        "passives": [],
        "arbiters": [],
        "tags": {},
        "minWireVersion": 0,
        "maxWireVersion": 0,
        "roundTripTime": -1,
        "minRoundTripTime": 0,
        "lastUpdateTime": 618584071,
        "lastWriteDate": 0,
        "error": {
          "errorLabelSet": {},
          "beforeHandshake": false
        },
        "topologyVersion": null,
        "setName": null,
        "setVersion": null,
        "electionId": null,
        "logicalSessionTimeoutMinutes": null,
        "maxMessageSizeBytes": null,
        "maxWriteBatchSize": null,
        "maxBsonObjectSize": null,
        "primary": null,
        "me": null,
        "$clusterTime": null,
        "iscryptd": false
      },
      "ac-ycssmpd-shard-00-01.tvw48ir.mongodb.net:27017": {
        "address": "ac-ycssmpd-shard-00-01.tvw48ir.mongodb.net:27017",
        "type": "Unknown",
        "hosts": [],
        "passives": [],
        "arbiters": [],
        "tags": {},
        "minWireVersion": 0,
        "maxWireVersion": 0,
        "roundTripTime": -1,
        "minRoundTripTime": 0,
        "lastUpdateTime": 618584072,
        "lastWriteDate": 0,
        "error": {
          "errorLabelSet": {},
          "beforeHandshake": false
        },
        "topologyVersion": null,
        "setName": null,
        "setVersion": null,
        "electionId": null,
        "logicalSessionTimeoutMinutes": null,
        "maxMessageSizeBytes": null,
        "maxWriteBatchSize": null,
        "maxBsonObjectSize": null,
        "primary": null,
        "me": null,
        "$clusterTime": null,
        "iscryptd": false
      },
      "ac-ycssmpd-shard-00-02.tvw48ir.mongodb.net:27017": {
        "address": "ac-ycssmpd-shard-00-02.tvw48ir.mongodb.net:27017",
        "type": "Unknown",
        "hosts": [],
        "passives": [],
        "arbiters": [],
        "tags": {},
        "minWireVersion": 0,
        "maxWireVersion": 0,
        "roundTripTime": -1,
        "minRoundTripTime": 0,
        "lastUpdateTime": 618584072,
        "lastWriteDate": 0,
        "error": {
          "errorLabelSet": {},
          "beforeHandshake": false
        },
        "topologyVersion": null,
        "setName": null,
        "setVersion": null,
        "electionId": null,
        "logicalSessionTimeoutMinutes": null,
        "maxMessageSizeBytes": null,
        "maxWriteBatchSize": null,
        "maxBsonObjectSize": null,
        "primary": null,
        "me": null,
        "$clusterTime": null,
        "iscryptd": false
      }
    },
    "stale": false,
    "compatible": true,
    "heartbeatFrequencyMS": 10000,
    "localThresholdMS": 15,
    "setName": "atlas-ldvzrz-shard-0",
    "maxElectionId": {
      "$oid": "7fffffff0000000000000079"
    },
    "maxSetVersion": 34,
    "commonWireVersion": 0,
    "logicalSessionTimeoutMinutes": null
  },
  "cause": {
    "errorLabelSet": {},
    "beforeHandshake": false
  }
}
2026-02-26T18:51:45.810Z [error]: Cleanup stale presence error: getaddrinfo ENOTFOUND ac-ycssmpd-shard-00-00.tvw48ir.mongodb.net
MongoServerSelectionError: getaddrinfo ENOTFOUND ac-ycssmpd-shard-00-00.tvw48ir.mongodb.net
    at Topology.selectServer (C:\Users\LENOVO\OneDrive\Desktop\JWLovers\server\node_modules\mongodb\src\sdam\topology.ts:630:30)
    at tryOperation (C:\Users\LENOVO\OneDrive\Desktop\JWLovers\server\node_modules\mongodb\src\operations\execute_operation.ts:206:16)
    at executeOperation (C:\Users\LENOVO\OneDrive\Desktop\JWLovers\server\node_modules\mongodb\src\operations\execute_operation.ts:123:12)
    at FindCursor._initialize (C:\Users\LENOVO\OneDrive\Desktop\JWLovers\server\node_modules\mongodb\src\cursor\find_cursor.ts:92:22)
    at FindCursor.cursorInit (C:\Users\LENOVO\OneDrive\Desktop\JWLovers\server\node_modules\mongodb\src\cursor\abstract_cursor.ts:917:21)
    at FindCursor.fetchBatch (C:\Users\LENOVO\OneDrive\Desktop\JWLovers\server\node_modules\mongodb\src\cursor\abstract_cursor.ts:955:7)
    at FindCursor.next (C:\Users\LENOVO\OneDrive\Desktop\JWLovers\server\node_modules\mongodb\src\cursor\abstract_cursor.ts:573:9)
    at FindCursor.[Symbol.asyncIterator] (C:\Users\LENOVO\OneDrive\Desktop\JWLovers\server\node_modules\mongodb\src\cursor\abstract_cursor.ts:492:26)
    at FindCursor.toArray (C:\Users\LENOVO\OneDrive\Desktop\JWLovers\server\node_modules\mongodb\src\cursor\abstract_cursor.ts:661:22)
    at model.Query._find (C:\Users\LENOVO\OneDrive\Desktop\JWLovers\server\node_modules\mongoose\lib\query.js:2436:14)
{
  "errorLabelSet": {},
  "reason": {
    "type": "ReplicaSetNoPrimary",
    "servers": {
      "ac-ycssmpd-shard-00-00.tvw48ir.mongodb.net:27017": {
        "address": "ac-ycssmpd-shard-00-00.tvw48ir.mongodb.net:27017",
        "type": "Unknown",
        "hosts": [],
        "passives": [],
        "arbiters": [],
        "tags": {},
        "minWireVersion": 0,
        "maxWireVersion": 0,
        "roundTripTime": -1,
        "minRoundTripTime": 0,
        "lastUpdateTime": 618644105,
        "lastWriteDate": 0,
        "error": {
          "errorLabelSet": {},
          "beforeHandshake": false
        },
        "topologyVersion": null,
        "setName": null,
        "setVersion": null,
        "electionId": null,
        "logicalSessionTimeoutMinutes": null,
        "maxMessageSizeBytes": null,
        "maxWriteBatchSize": null,
        "maxBsonObjectSize": null,
        "primary": null,
        "me": null,
        "$clusterTime": null,
        "iscryptd": false
      },
      "ac-ycssmpd-shard-00-01.tvw48ir.mongodb.net:27017": {
        "address": "ac-ycssmpd-shard-00-01.tvw48ir.mongodb.net:27017",
        "type": "Unknown",
        "hosts": [],
        "passives": [],
        "arbiters": [],
        "tags": {},
        "minWireVersion": 0,
        "maxWireVersion": 0,
        "roundTripTime": -1,
        "minRoundTripTime": 0,
        "lastUpdateTime": 618644107,
        "lastWriteDate": 0,
        "error": {
          "errorLabelSet": {},
          "beforeHandshake": false
        },
        "topologyVersion": null,
        "setName": null,
        "setVersion": null,
        "electionId": null,
        "logicalSessionTimeoutMinutes": null,
        "maxMessageSizeBytes": null,
        "maxWriteBatchSize": null,
        "maxBsonObjectSize": null,
        "primary": null,
        "me": null,
        "$clusterTime": null,
        "iscryptd": false
      },
      "ac-ycssmpd-shard-00-02.tvw48ir.mongodb.net:27017": {
        "address": "ac-ycssmpd-shard-00-02.tvw48ir.mongodb.net:27017",
        "type": "Unknown",
        "hosts": [],
        "passives": [],
        "arbiters": [],
        "tags": {},
        "minWireVersion": 0,
        "maxWireVersion": 0,
        "roundTripTime": -1,
        "minRoundTripTime": 0,
        "lastUpdateTime": 618644108,
        "lastWriteDate": 0,
        "error": {
          "errorLabelSet": {},
          "beforeHandshake": false
        },
        "topologyVersion": null,
        "setName": null,
        "setVersion": null,
        "electionId": null,
        "logicalSessionTimeoutMinutes": null,
        "maxMessageSizeBytes": null,
        "maxWriteBatchSize": null,
        "maxBsonObjectSize": null,
        "primary": null,
        "me": null,
        "$clusterTime": null,
        "iscryptd": false
      }
    },
    "stale": false,
    "compatible": true,
    "heartbeatFrequencyMS": 10000,
    "localThresholdMS": 15,
    "setName": "atlas-ldvzrz-shard-0",
    "maxElectionId": {
      "$oid": "7fffffff0000000000000079"
    },
    "maxSetVersion": 34,
    "commonWireVersion": 0,
    "logicalSessionTimeoutMinutes": null
  },
  "cause": {
    "errorLabelSet": {},
    "beforeHandshake": false
  }
}
2026-02-26T18:52:45.812Z [error]: Cleanup stale presence error: getaddrinfo ENOTFOUND ac-ycssmpd-shard-00-00.tvw48ir.mongodb.net
MongoServerSelectionError: getaddrinfo ENOTFOUND ac-ycssmpd-shard-00-00.tvw48ir.mongodb.net
    at Topology.selectServer (C:\Users\LENOVO\OneDrive\Desktop\JWLovers\server\node_modules\mongodb\src\sdam\topology.ts:630:30)
    at tryOperation (C:\Users\LENOVO\OneDrive\Desktop\JWLovers\server\node_modules\mongodb\src\operations\execute_operation.ts:206:16)
    at executeOperation (C:\Users\LENOVO\OneDrive\Desktop\JWLovers\server\node_modules\mongodb\src\operations\execute_operation.ts:123:12)
    at FindCursor._initialize (C:\Users\LENOVO\OneDrive\Desktop\JWLovers\server\node_modules\mongodb\src\cursor\find_cursor.ts:92:22)
    at FindCursor.cursorInit (C:\Users\LENOVO\OneDrive\Desktop\JWLovers\server\node_modules\mongodb\src\cursor\abstract_cursor.ts:917:21)
    at FindCursor.fetchBatch (C:\Users\LENOVO\OneDrive\Desktop\JWLovers\server\node_modules\mongodb\src\cursor\abstract_cursor.ts:955:7)
    at FindCursor.next (C:\Users\LENOVO\OneDrive\Desktop\JWLovers\server\node_modules\mongodb\src\cursor\abstract_cursor.ts:573:9)
    at FindCursor.[Symbol.asyncIterator] (C:\Users\LENOVO\OneDrive\Desktop\JWLovers\server\node_modules\mongodb\src\cursor\abstract_cursor.ts:492:26)
    at FindCursor.toArray (C:\Users\LENOVO\OneDrive\Desktop\JWLovers\server\node_modules\mongodb\src\cursor\abstract_cursor.ts:661:22)
    at model.Query._find (C:\Users\LENOVO\OneDrive\Desktop\JWLovers\server\node_modules\mongoose\lib\query.js:2436:14)
{
  "errorLabelSet": {},
  "reason": {
    "type": "ReplicaSetNoPrimary",
    "servers": {
      "ac-ycssmpd-shard-00-00.tvw48ir.mongodb.net:27017": {
        "address": "ac-ycssmpd-shard-00-00.tvw48ir.mongodb.net:27017",
        "type": "Unknown",
        "hosts": [],
        "passives": [],
        "arbiters": [],
        "tags": {},
        "minWireVersion": 0,
        "maxWireVersion": 0,
        "roundTripTime": -1,
        "minRoundTripTime": 0,
        "lastUpdateTime": 618704118,
        "lastWriteDate": 0,
        "error": {
          "errorLabelSet": {},
          "beforeHandshake": false
        },
        "topologyVersion": null,
        "setName": null,
        "setVersion": null,
        "electionId": null,
        "logicalSessionTimeoutMinutes": null,
        "maxMessageSizeBytes": null,
        "maxWriteBatchSize": null,
        "maxBsonObjectSize": null,
        "primary": null,
        "me": null,
        "$clusterTime": null,
        "iscryptd": false
      },
      "ac-ycssmpd-shard-00-01.tvw48ir.mongodb.net:27017": {
        "address": "ac-ycssmpd-shard-00-01.tvw48ir.mongodb.net:27017",
        "type": "Unknown",
        "hosts": [],
        "passives": [],
        "arbiters": [],
        "tags": {},
        "minWireVersion": 0,
        "maxWireVersion": 0,
        "roundTripTime": -1,
        "minRoundTripTime": 0,
        "lastUpdateTime": 618704119,
        "lastWriteDate": 0,
        "error": {
          "errorLabelSet": {},
          "beforeHandshake": false
        },
        "topologyVersion": null,
        "setName": null,
        "setVersion": null,
        "electionId": null,
        "logicalSessionTimeoutMinutes": null,
        "maxMessageSizeBytes": null,
        "maxWriteBatchSize": null,
        "maxBsonObjectSize": null,
        "primary": null,
        "me": null,
        "$clusterTime": null,
        "iscryptd": false
      },
      "ac-ycssmpd-shard-00-02.tvw48ir.mongodb.net:27017": {
        "address": "ac-ycssmpd-shard-00-02.tvw48ir.mongodb.net:27017",
        "type": "Unknown",
        "hosts": [],
        "passives": [],
        "arbiters": [],
        "tags": {},
        "minWireVersion": 0,
        "maxWireVersion": 0,
        "roundTripTime": -1,
        "minRoundTripTime": 0,
        "lastUpdateTime": 618704119,
        "lastWriteDate": 0,
        "error": {
          "errorLabelSet": {},
          "beforeHandshake": false
        },
        "topologyVersion": null,
        "setName": null,
        "setVersion": null,
        "electionId": null,
        "logicalSessionTimeoutMinutes": null,
        "maxMessageSizeBytes": null,
        "maxWriteBatchSize": null,
        "maxBsonObjectSize": null,
        "primary": null,
        "me": null,
        "$clusterTime": null,
        "iscryptd": false
      }
    },
    "stale": false,
    "compatible": true,
    "heartbeatFrequencyMS": 10000,
    "localThresholdMS": 15,
    "setName": "atlas-ldvzrz-shard-0",
    "maxElectionId": {
      "$oid": "7fffffff0000000000000079"
    },
    "maxSetVersion": 34,
    "commonWireVersion": 0,
    "logicalSessionTimeoutMinutes": null
  },
  "cause": {
    "errorLabelSet": {},
    "beforeHandshake": false
  }
}
2026-02-26T18:53:45.832Z [error]: Cleanup stale presence error: getaddrinfo ENOTFOUND ac-ycssmpd-shard-00-00.tvw48ir.mongodb.net
MongoServerSelectionError: getaddrinfo ENOTFOUND ac-ycssmpd-shard-00-00.tvw48ir.mongodb.net
    at Topology.selectServer (C:\Users\LENOVO\OneDrive\Desktop\JWLovers\server\node_modules\mongodb\src\sdam\topology.ts:630:30)
    at tryOperation (C:\Users\LENOVO\OneDrive\Desktop\JWLovers\server\node_modules\mongodb\src\operations\execute_operation.ts:206:16)
    at executeOperation (C:\Users\LENOVO\OneDrive\Desktop\JWLovers\server\node_modules\mongodb\src\operations\execute_operation.ts:123:12)
    at FindCursor._initialize (C:\Users\LENOVO\OneDrive\Desktop\JWLovers\server\node_modules\mongodb\src\cursor\find_cursor.ts:92:22)
    at FindCursor.cursorInit (C:\Users\LENOVO\OneDrive\Desktop\JWLovers\server\node_modules\mongodb\src\cursor\abstract_cursor.ts:917:21)
    at FindCursor.fetchBatch (C:\Users\LENOVO\OneDrive\Desktop\JWLovers\server\node_modules\mongodb\src\cursor\abstract_cursor.ts:955:7)
    at FindCursor.next (C:\Users\LENOVO\OneDrive\Desktop\JWLovers\server\node_modules\mongodb\src\cursor\abstract_cursor.ts:573:9)
    at FindCursor.[Symbol.asyncIterator] (C:\Users\LENOVO\OneDrive\Desktop\JWLovers\server\node_modules\mongodb\src\cursor\abstract_cursor.ts:492:26)
    at FindCursor.toArray (C:\Users\LENOVO\OneDrive\Desktop\JWLovers\server\node_modules\mongodb\src\cursor\abstract_cursor.ts:661:22)
    at model.Query._find (C:\Users\LENOVO\OneDrive\Desktop\JWLovers\server\node_modules\mongoose\lib\query.js:2436:14)
{
  "errorLabelSet": {},
  "reason": {
    "type": "ReplicaSetNoPrimary",
    "servers": {
      "ac-ycssmpd-shard-00-00.tvw48ir.mongodb.net:27017": {
        "address": "ac-ycssmpd-shard-00-00.tvw48ir.mongodb.net:27017",
        "type": "Unknown",
        "hosts": [],
        "passives": [],
        "arbiters": [],
        "tags": {},
        "minWireVersion": 0,
        "maxWireVersion": 0,
        "roundTripTime": -1,
        "minRoundTripTime": 0,
        "lastUpdateTime": 618764145,
        "lastWriteDate": 0,
        "error": {
          "errorLabelSet": {},
          "beforeHandshake": false
        },
        "topologyVersion": null,
        "setName": null,
        "setVersion": null,
        "electionId": null,
        "logicalSessionTimeoutMinutes": null,
        "maxMessageSizeBytes": null,
        "maxWriteBatchSize": null,
        "maxBsonObjectSize": null,
        "primary": null,
        "me": null,
        "$clusterTime": null,
        "iscryptd": false
      },
      "ac-ycssmpd-shard-00-01.tvw48ir.mongodb.net:27017": {
        "address": "ac-ycssmpd-shard-00-01.tvw48ir.mongodb.net:27017",
        "type": "Unknown",
        "hosts": [],
        "passives": [],
        "arbiters": [],
        "tags": {},
        "minWireVersion": 0,
        "maxWireVersion": 0,
        "roundTripTime": -1,
        "minRoundTripTime": 0,
        "lastUpdateTime": 618764147,
        "lastWriteDate": 0,
        "error": {
          "errorLabelSet": {},
          "beforeHandshake": false
        },
        "topologyVersion": null,
        "setName": null,
        "setVersion": null,
        "electionId": null,
        "logicalSessionTimeoutMinutes": null,
        "maxMessageSizeBytes": null,
        "maxWriteBatchSize": null,
        "maxBsonObjectSize": null,
        "primary": null,
        "me": null,
        "$clusterTime": null,
        "iscryptd": false
      },
      "ac-ycssmpd-shard-00-02.tvw48ir.mongodb.net:27017": {
        "address": "ac-ycssmpd-shard-00-02.tvw48ir.mongodb.net:27017",
        "type": "Unknown",
        "hosts": [],
        "passives": [],
        "arbiters": [],
        "tags": {},
        "minWireVersion": 0,
        "maxWireVersion": 0,
        "roundTripTime": -1,
        "minRoundTripTime": 0,
        "lastUpdateTime": 618764148,
        "lastWriteDate": 0,
        "error": {
          "errorLabelSet": {},
          "beforeHandshake": false
        },
        "topologyVersion": null,
        "setName": null,
        "setVersion": null,
        "electionId": null,
        "logicalSessionTimeoutMinutes": null,
        "maxMessageSizeBytes": null,
        "maxWriteBatchSize": null,
        "maxBsonObjectSize": null,
        "primary": null,
        "me": null,
        "$clusterTime": null,
        "iscryptd": false
      }
    },
    "stale": false,
    "compatible": true,
    "heartbeatFrequencyMS": 10000,
    "localThresholdMS": 15,
    "setName": "atlas-ldvzrz-shard-0",
    "maxElectionId": {
      "$oid": "7fffffff0000000000000079"
    },
    "maxSetVersion": 34,
    "commonWireVersion": 0,
    "logicalSessionTimeoutMinutes": null
  },
  "cause": {
    "errorLabelSet": {},
    "beforeHandshake": false
  }
}
2026-02-26T18:54:45.835Z [error]: Cleanup stale presence error: getaddrinfo ENOTFOUND ac-ycssmpd-shard-00-00.tvw48ir.mongodb.net
MongoServerSelectionError: getaddrinfo ENOTFOUND ac-ycssmpd-shard-00-00.tvw48ir.mongodb.net
    at Topology.selectServer (C:\Users\LENOVO\OneDrive\Desktop\JWLovers\server\node_modules\mongodb\src\sdam\topology.ts:630:30)
    at tryOperation (C:\Users\LENOVO\OneDrive\Desktop\JWLovers\server\node_modules\mongodb\src\operations\execute_operation.ts:206:16)
    at executeOperation (C:\Users\LENOVO\OneDrive\Desktop\JWLovers\server\node_modules\mongodb\src\operations\execute_operation.ts:123:12)
    at FindCursor._initialize (C:\Users\LENOVO\OneDrive\Desktop\JWLovers\server\node_modules\mongodb\src\cursor\find_cursor.ts:92:22)
    at FindCursor.cursorInit (C:\Users\LENOVO\OneDrive\Desktop\JWLovers\server\node_modules\mongodb\src\cursor\abstract_cursor.ts:917:21)
    at FindCursor.fetchBatch (C:\Users\LENOVO\OneDrive\Desktop\JWLovers\server\node_modules\mongodb\src\cursor\abstract_cursor.ts:955:7)
    at FindCursor.next (C:\Users\LENOVO\OneDrive\Desktop\JWLovers\server\node_modules\mongodb\src\cursor\abstract_cursor.ts:573:9)
    at FindCursor.[Symbol.asyncIterator] (C:\Users\LENOVO\OneDrive\Desktop\JWLovers\server\node_modules\mongodb\src\cursor\abstract_cursor.ts:492:26)
    at FindCursor.toArray (C:\Users\LENOVO\OneDrive\Desktop\JWLovers\server\node_modules\mongodb\src\cursor\abstract_cursor.ts:661:22)
    at model.Query._find (C:\Users\LENOVO\OneDrive\Desktop\JWLovers\server\node_modules\mongoose\lib\query.js:2436:14)
{
  "errorLabelSet": {},
  "reason": {
    "type": "ReplicaSetNoPrimary",
    "servers": {
      "ac-ycssmpd-shard-00-00.tvw48ir.mongodb.net:27017": {
        "address": "ac-ycssmpd-shard-00-00.tvw48ir.mongodb.net:27017",
        "type": "Unknown",
        "hosts": [],
        "passives": [],
        "arbiters": [],
        "tags": {},
        "minWireVersion": 0,
        "maxWireVersion": 0,
        "roundTripTime": -1,
        "minRoundTripTime": 0,
        "lastUpdateTime": 618824148,
        "lastWriteDate": 0,
        "error": {
          "errorLabelSet": {},
          "beforeHandshake": false
        },
        "topologyVersion": null,
        "setName": null,
        "setVersion": null,
        "electionId": null,
        "logicalSessionTimeoutMinutes": null,
        "maxMessageSizeBytes": null,
        "maxWriteBatchSize": null,
        "maxBsonObjectSize": null,
        "primary": null,
        "me": null,
        "$clusterTime": null,
        "iscryptd": false
      },
      "ac-ycssmpd-shard-00-01.tvw48ir.mongodb.net:27017": {
        "address": "ac-ycssmpd-shard-00-01.tvw48ir.mongodb.net:27017",
        "type": "Unknown",
        "hosts": [],
        "passives": [],
        "arbiters": [],
        "tags": {},
        "minWireVersion": 0,
        "maxWireVersion": 0,
        "roundTripTime": -1,
        "minRoundTripTime": 0,
        "lastUpdateTime": 618824150,
        "lastWriteDate": 0,
        "error": {
          "errorLabelSet": {},
          "beforeHandshake": false
        },
        "topologyVersion": null,
        "setName": null,
        "setVersion": null,
        "electionId": null,
        "logicalSessionTimeoutMinutes": null,
        "maxMessageSizeBytes": null,
        "maxWriteBatchSize": null,
        "maxBsonObjectSize": null,
        "primary": null,
        "me": null,
        "$clusterTime": null,
        "iscryptd": false
      },
      "ac-ycssmpd-shard-00-02.tvw48ir.mongodb.net:27017": {
        "address": "ac-ycssmpd-shard-00-02.tvw48ir.mongodb.net:27017",
        "type": "Unknown",
        "hosts": [],
        "passives": [],
        "arbiters": [],
        "tags": {},
        "minWireVersion": 0,
        "maxWireVersion": 0,
        "roundTripTime": -1,
        "minRoundTripTime": 0,
        "lastUpdateTime": 618824149,
        "lastWriteDate": 0,
        "error": {
          "errorLabelSet": {},
          "beforeHandshake": false
        },
        "topologyVersion": null,
        "setName": null,
        "setVersion": null,
        "electionId": null,
        "logicalSessionTimeoutMinutes": null,
        "maxMessageSizeBytes": null,
        "maxWriteBatchSize": null,
        "maxBsonObjectSize": null,
        "primary": null,
        "me": null,
        "$clusterTime": null,
        "iscryptd": false
      }
    },
    "stale": false,
    "compatible": true,
    "heartbeatFrequencyMS": 10000,
    "localThresholdMS": 15,
    "setName": "atlas-ldvzrz-shard-0",
    "maxElectionId": {
      "$oid": "7fffffff0000000000000079"
    },
    "maxSetVersion": 34,
    "commonWireVersion": 0,
    "logicalSessionTimeoutMinutes": null
  },
  "cause": {
    "errorLabelSet": {},
    "beforeHandshake": false
  }
}
2026-02-26T18:55:45.838Z [error]: Cleanup stale presence error: getaddrinfo ENOTFOUND ac-ycssmpd-shard-00-00.tvw48ir.mongodb.net
MongoServerSelectionError: getaddrinfo ENOTFOUND ac-ycssmpd-shard-00-00.tvw48ir.mongodb.net
    at Topology.selectServer (C:\Users\LENOVO\OneDrive\Desktop\JWLovers\server\node_modules\mongodb\src\sdam\topology.ts:630:30)
    at tryOperation (C:\Users\LENOVO\OneDrive\Desktop\JWLovers\server\node_modules\mongodb\src\operations\execute_operation.ts:206:16)
    at executeOperation (C:\Users\LENOVO\OneDrive\Desktop\JWLovers\server\node_modules\mongodb\src\operations\execute_operation.ts:123:12)
    at FindCursor._initialize (C:\Users\LENOVO\OneDrive\Desktop\JWLovers\server\node_modules\mongodb\src\cursor\find_cursor.ts:92:22)
    at FindCursor.cursorInit (C:\Users\LENOVO\OneDrive\Desktop\JWLovers\server\node_modules\mongodb\src\cursor\abstract_cursor.ts:917:21)
    at FindCursor.fetchBatch (C:\Users\LENOVO\OneDrive\Desktop\JWLovers\server\node_modules\mongodb\src\cursor\abstract_cursor.ts:955:7)
    at FindCursor.next (C:\Users\LENOVO\OneDrive\Desktop\JWLovers\server\node_modules\mongodb\src\cursor\abstract_cursor.ts:573:9)
    at FindCursor.[Symbol.asyncIterator] (C:\Users\LENOVO\OneDrive\Desktop\JWLovers\server\node_modules\mongodb\src\cursor\abstract_cursor.ts:492:26)
    at FindCursor.toArray (C:\Users\LENOVO\OneDrive\Desktop\JWLovers\server\node_modules\mongodb\src\cursor\abstract_cursor.ts:661:22)
    at model.Query._find (C:\Users\LENOVO\OneDrive\Desktop\JWLovers\server\node_modules\mongoose\lib\query.js:2436:14)
{
  "errorLabelSet": {},
  "reason": {
    "type": "ReplicaSetNoPrimary",
    "servers": {
      "ac-ycssmpd-shard-00-00.tvw48ir.mongodb.net:27017": {
        "address": "ac-ycssmpd-shard-00-00.tvw48ir.mongodb.net:27017",
        "type": "Unknown",
        "hosts": [],
        "passives": [],
        "arbiters": [],
        "tags": {},
        "minWireVersion": 0,
        "maxWireVersion": 0,
        "roundTripTime": -1,
        "minRoundTripTime": 0,
        "lastUpdateTime": 618884138,
        "lastWriteDate": 0,
        "error": {
          "errorLabelSet": {},
          "beforeHandshake": false
        },
        "topologyVersion": null,
        "setName": null,
        "setVersion": null,
        "electionId": null,
        "logicalSessionTimeoutMinutes": null,
        "maxMessageSizeBytes": null,
        "maxWriteBatchSize": null,
        "maxBsonObjectSize": null,
        "primary": null,
        "me": null,
        "$clusterTime": null,
        "iscryptd": false
      },
      "ac-ycssmpd-shard-00-01.tvw48ir.mongodb.net:27017": {
        "address": "ac-ycssmpd-shard-00-01.tvw48ir.mongodb.net:27017",
        "type": "Unknown",
        "hosts": [],
        "passives": [],
        "arbiters": [],
        "tags": {},
        "minWireVersion": 0,
        "maxWireVersion": 0,
        "roundTripTime": -1,
        "minRoundTripTime": 0,
        "lastUpdateTime": 618884137,
        "lastWriteDate": 0,
        "error": {
          "errorLabelSet": {},
          "beforeHandshake": false
        },
        "topologyVersion": null,
        "setName": null,
        "setVersion": null,
        "electionId": null,
        "logicalSessionTimeoutMinutes": null,
        "maxMessageSizeBytes": null,
        "maxWriteBatchSize": null,
        "maxBsonObjectSize": null,
        "primary": null,
        "me": null,
        "$clusterTime": null,
        "iscryptd": false
      },
      "ac-ycssmpd-shard-00-02.tvw48ir.mongodb.net:27017": {
        "address": "ac-ycssmpd-shard-00-02.tvw48ir.mongodb.net:27017",
        "type": "Unknown",
        "hosts": [],
        "passives": [],
        "arbiters": [],
        "tags": {},
        "minWireVersion": 0,
        "maxWireVersion": 0,
        "roundTripTime": -1,
        "minRoundTripTime": 0,
        "lastUpdateTime": 618884139,
        "lastWriteDate": 0,
        "error": {
          "errorLabelSet": {},
          "beforeHandshake": false
        },
        "topologyVersion": null,
        "setName": null,
        "setVersion": null,
        "electionId": null,
        "logicalSessionTimeoutMinutes": null,
        "maxMessageSizeBytes": null,
        "maxWriteBatchSize": null,
        "maxBsonObjectSize": null,
        "primary": null,
        "me": null,
        "$clusterTime": null,
        "iscryptd": false
      }
    },
    "stale": false,
    "compatible": true,
    "heartbeatFrequencyMS": 10000,
    "localThresholdMS": 15,
    "setName": "atlas-ldvzrz-shard-0",
    "maxElectionId": {
      "$oid": "7fffffff0000000000000079"
    },
    "maxSetVersion": 34,
    "commonWireVersion": 0,
    "logicalSessionTimeoutMinutes": null
  },
  "cause": {
    "errorLabelSet": {},
    "beforeHandshake": false
  }
}
2026-02-26T18:56:45.840Z [error]: Cleanup stale presence error: getaddrinfo ENOTFOUND ac-ycssmpd-shard-00-00.tvw48ir.mongodb.net
MongoServerSelectionError: getaddrinfo ENOTFOUND ac-ycssmpd-shard-00-00.tvw48ir.mongodb.net
    at Topology.selectServer (C:\Users\LENOVO\OneDrive\Desktop\JWLovers\server\node_modules\mongodb\src\sdam\topology.ts:630:30)
    at tryOperation (C:\Users\LENOVO\OneDrive\Desktop\JWLovers\server\node_modules\mongodb\src\operations\execute_operation.ts:206:16)
    at executeOperation (C:\Users\LENOVO\OneDrive\Desktop\JWLovers\server\node_modules\mongodb\src\operations\execute_operation.ts:123:12)
    at FindCursor._initialize (C:\Users\LENOVO\OneDrive\Desktop\JWLovers\server\node_modules\mongodb\src\cursor\find_cursor.ts:92:22)
    at FindCursor.cursorInit (C:\Users\LENOVO\OneDrive\Desktop\JWLovers\server\node_modules\mongodb\src\cursor\abstract_cursor.ts:917:21)
    at FindCursor.fetchBatch (C:\Users\LENOVO\OneDrive\Desktop\JWLovers\server\node_modules\mongodb\src\cursor\abstract_cursor.ts:955:7)
    at FindCursor.next (C:\Users\LENOVO\OneDrive\Desktop\JWLovers\server\node_modules\mongodb\src\cursor\abstract_cursor.ts:573:9)
    at FindCursor.[Symbol.asyncIterator] (C:\Users\LENOVO\OneDrive\Desktop\JWLovers\server\node_modules\mongodb\src\cursor\abstract_cursor.ts:492:26)
    at FindCursor.toArray (C:\Users\LENOVO\OneDrive\Desktop\JWLovers\server\node_modules\mongodb\src\cursor\abstract_cursor.ts:661:22)
    at model.Query._find (C:\Users\LENOVO\OneDrive\Desktop\JWLovers\server\node_modules\mongoose\lib\query.js:2436:14)
{
  "errorLabelSet": {},
  "reason": {
    "type": "ReplicaSetNoPrimary",
    "servers": {
      "ac-ycssmpd-shard-00-00.tvw48ir.mongodb.net:27017": {
        "address": "ac-ycssmpd-shard-00-00.tvw48ir.mongodb.net:27017",
        "type": "Unknown",
        "hosts": [],
        "passives": [],
        "arbiters": [],
        "tags": {},
        "minWireVersion": 0,
        "maxWireVersion": 0,
        "roundTripTime": -1,
        "minRoundTripTime": 0,
        "lastUpdateTime": 618944151,
        "lastWriteDate": 0,
        "error": {
          "errorLabelSet": {},
          "beforeHandshake": false
        },
        "topologyVersion": null,
        "setName": null,
        "setVersion": null,
        "electionId": null,
        "logicalSessionTimeoutMinutes": null,
        "maxMessageSizeBytes": null,
        "maxWriteBatchSize": null,
        "maxBsonObjectSize": null,
        "primary": null,
        "me": null,
        "$clusterTime": null,
        "iscryptd": false
      },
      "ac-ycssmpd-shard-00-01.tvw48ir.mongodb.net:27017": {
        "address": "ac-ycssmpd-shard-00-01.tvw48ir.mongodb.net:27017",
        "type": "Unknown",
        "hosts": [],
        "passives": [],
        "arbiters": [],
        "tags": {},
        "minWireVersion": 0,
        "maxWireVersion": 0,
        "roundTripTime": -1,
        "minRoundTripTime": 0,
        "lastUpdateTime": 618944153,
        "lastWriteDate": 0,
        "error": {
          "errorLabelSet": {},
          "beforeHandshake": false
        },
        "topologyVersion": null,
        "setName": null,
        "setVersion": null,
        "electionId": null,
        "logicalSessionTimeoutMinutes": null,
        "maxMessageSizeBytes": null,
        "maxWriteBatchSize": null,
        "maxBsonObjectSize": null,
        "primary": null,
        "me": null,
        "$clusterTime": null,
        "iscryptd": false
      },
      "ac-ycssmpd-shard-00-02.tvw48ir.mongodb.net:27017": {
        "address": "ac-ycssmpd-shard-00-02.tvw48ir.mongodb.net:27017",
        "type": "Unknown",
        "hosts": [],
        "passives": [],
        "arbiters": [],
        "tags": {},
        "minWireVersion": 0,
        "maxWireVersion": 0,
        "roundTripTime": -1,
        "minRoundTripTime": 0,
        "lastUpdateTime": 618944154,
        "lastWriteDate": 0,
        "error": {
          "errorLabelSet": {},
          "beforeHandshake": false
        },
        "topologyVersion": null,
        "setName": null,
        "setVersion": null,
        "electionId": null,
        "logicalSessionTimeoutMinutes": null,
        "maxMessageSizeBytes": null,
        "maxWriteBatchSize": null,
        "maxBsonObjectSize": null,
        "primary": null,
        "me": null,
        "$clusterTime": null,
        "iscryptd": false
      }
    },
    "stale": false,
    "compatible": true,
    "heartbeatFrequencyMS": 10000,
    "localThresholdMS": 15,
    "setName": "atlas-ldvzrz-shard-0",
    "maxElectionId": {
      "$oid": "7fffffff0000000000000079"
    },
    "maxSetVersion": 34,
    "commonWireVersion": 0,
    "logicalSessionTimeoutMinutes": null
  },
  "cause": {
    "errorLabelSet": {},
    "beforeHandshake": false
  }
}
2026-02-26T18:57:45.869Z [error]: Cleanup stale presence error: getaddrinfo ENOTFOUND ac-ycssmpd-shard-00-00.tvw48ir.mongodb.net
MongoServerSelectionError: getaddrinfo ENOTFOUND ac-ycssmpd-shard-00-00.tvw48ir.mongodb.net
    at Topology.selectServer (C:\Users\LENOVO\OneDrive\Desktop\JWLovers\server\node_modules\mongodb\src\sdam\topology.ts:630:30)
    at tryOperation (C:\Users\LENOVO\OneDrive\Desktop\JWLovers\server\node_modules\mongodb\src\operations\execute_operation.ts:206:16)
    at executeOperation (C:\Users\LENOVO\OneDrive\Desktop\JWLovers\server\node_modules\mongodb\src\operations\execute_operation.ts:123:12)
    at FindCursor._initialize (C:\Users\LENOVO\OneDrive\Desktop\JWLovers\server\node_modules\mongodb\src\cursor\find_cursor.ts:92:22)
    at FindCursor.cursorInit (C:\Users\LENOVO\OneDrive\Desktop\JWLovers\server\node_modules\mongodb\src\cursor\abstract_cursor.ts:917:21)
    at FindCursor.fetchBatch (C:\Users\LENOVO\OneDrive\Desktop\JWLovers\server\node_modules\mongodb\src\cursor\abstract_cursor.ts:955:7)
    at FindCursor.next (C:\Users\LENOVO\OneDrive\Desktop\JWLovers\server\node_modules\mongodb\src\cursor\abstract_cursor.ts:573:9)
    at FindCursor.[Symbol.asyncIterator] (C:\Users\LENOVO\OneDrive\Desktop\JWLovers\server\node_modules\mongodb\src\cursor\abstract_cursor.ts:492:26)
    at FindCursor.toArray (C:\Users\LENOVO\OneDrive\Desktop\JWLovers\server\node_modules\mongodb\src\cursor\abstract_cursor.ts:661:22)
    at model.Query._find (C:\Users\LENOVO\OneDrive\Desktop\JWLovers\server\node_modules\mongoose\lib\query.js:2436:14)
{
  "errorLabelSet": {},
  "reason": {
    "type": "ReplicaSetNoPrimary",
    "servers": {
      "ac-ycssmpd-shard-00-00.tvw48ir.mongodb.net:27017": {
        "address": "ac-ycssmpd-shard-00-00.tvw48ir.mongodb.net:27017",
        "type": "Unknown",
        "hosts": [],
        "passives": [],
        "arbiters": [],
        "tags": {},
        "minWireVersion": 0,
        "maxWireVersion": 0,
        "roundTripTime": -1,
        "minRoundTripTime": 0,
        "lastUpdateTime": 619004189,
        "lastWriteDate": 0,
        "error": {
          "errorLabelSet": {},
          "beforeHandshake": false
        },
        "topologyVersion": null,
        "setName": null,
        "setVersion": null,
        "electionId": null,
        "logicalSessionTimeoutMinutes": null,
        "maxMessageSizeBytes": null,
        "maxWriteBatchSize": null,
        "maxBsonObjectSize": null,
        "primary": null,
        "me": null,
        "$clusterTime": null,
        "iscryptd": false
      },
      "ac-ycssmpd-shard-00-01.tvw48ir.mongodb.net:27017": {
        "address": "ac-ycssmpd-shard-00-01.tvw48ir.mongodb.net:27017",
        "type": "Unknown",
        "hosts": [],
        "passives": [],
        "arbiters": [],
        "tags": {},
        "minWireVersion": 0,
        "maxWireVersion": 0,
        "roundTripTime": -1,
        "minRoundTripTime": 0,
        "lastUpdateTime": 619004188,
        "lastWriteDate": 0,
        "error": {
          "errorLabelSet": {},
          "beforeHandshake": false
        },
        "topologyVersion": null,
        "setName": null,
        "setVersion": null,
        "electionId": null,
        "logicalSessionTimeoutMinutes": null,
        "maxMessageSizeBytes": null,
        "maxWriteBatchSize": null,
        "maxBsonObjectSize": null,
        "primary": null,
        "me": null,
        "$clusterTime": null,
        "iscryptd": false
      },
      "ac-ycssmpd-shard-00-02.tvw48ir.mongodb.net:27017": {
        "address": "ac-ycssmpd-shard-00-02.tvw48ir.mongodb.net:27017",
        "type": "Unknown",
        "hosts": [],
        "passives": [],
        "arbiters": [],
        "tags": {},
        "minWireVersion": 0,
        "maxWireVersion": 0,
        "roundTripTime": -1,
        "minRoundTripTime": 0,
        "lastUpdateTime": 619004191,
        "lastWriteDate": 0,
        "error": {
          "errorLabelSet": {},
          "beforeHandshake": false
        },
        "topologyVersion": null,
        "setName": null,
        "setVersion": null,
        "electionId": null,
        "logicalSessionTimeoutMinutes": null,
        "maxMessageSizeBytes": null,
        "maxWriteBatchSize": null,
        "maxBsonObjectSize": null,
        "primary": null,
        "me": null,
        "$clusterTime": null,
        "iscryptd": false
      }
    },
    "stale": false,
    "compatible": true,
    "heartbeatFrequencyMS": 10000,
    "localThresholdMS": 15,
    "setName": "atlas-ldvzrz-shard-0",
    "maxElectionId": {
      "$oid": "7fffffff0000000000000079"
    },
    "maxSetVersion": 34,
    "commonWireVersion": 0,
    "logicalSessionTimeoutMinutes": null
  },
  "cause": {
    "errorLabelSet": {},
    "beforeHandshake": false
  }
}
2026-02-26T18:58:45.862Z [error]: Cleanup stale presence error: getaddrinfo ENOTFOUND ac-ycssmpd-shard-00-00.tvw48ir.mongodb.net
MongoServerSelectionError: getaddrinfo ENOTFOUND ac-ycssmpd-shard-00-00.tvw48ir.mongodb.net
    at Topology.selectServer (C:\Users\LENOVO\OneDrive\Desktop\JWLovers\server\node_modules\mongodb\src\sdam\topology.ts:630:30)
    at tryOperation (C:\Users\LENOVO\OneDrive\Desktop\JWLovers\server\node_modules\mongodb\src\operations\execute_operation.ts:206:16)
    at executeOperation (C:\Users\LENOVO\OneDrive\Desktop\JWLovers\server\node_modules\mongodb\src\operations\execute_operation.ts:123:12)
    at FindCursor._initialize (C:\Users\LENOVO\OneDrive\Desktop\JWLovers\server\node_modules\mongodb\src\cursor\find_cursor.ts:92:22)
    at FindCursor.cursorInit (C:\Users\LENOVO\OneDrive\Desktop\JWLovers\server\node_modules\mongodb\src\cursor\abstract_cursor.ts:917:21)
    at FindCursor.fetchBatch (C:\Users\LENOVO\OneDrive\Desktop\JWLovers\server\node_modules\mongodb\src\cursor\abstract_cursor.ts:955:7)
    at FindCursor.next (C:\Users\LENOVO\OneDrive\Desktop\JWLovers\server\node_modules\mongodb\src\cursor\abstract_cursor.ts:573:9)
    at FindCursor.[Symbol.asyncIterator] (C:\Users\LENOVO\OneDrive\Desktop\JWLovers\server\node_modules\mongodb\src\cursor\abstract_cursor.ts:492:26)
    at FindCursor.toArray (C:\Users\LENOVO\OneDrive\Desktop\JWLovers\server\node_modules\mongodb\src\cursor\abstract_cursor.ts:661:22)
    at model.Query._find (C:\Users\LENOVO\OneDrive\Desktop\JWLovers\server\node_modules\mongoose\lib\query.js:2436:14)
{
  "errorLabelSet": {},
  "reason": {
    "type": "ReplicaSetNoPrimary",
    "servers": {
      "ac-ycssmpd-shard-00-00.tvw48ir.mongodb.net:27017": {
        "address": "ac-ycssmpd-shard-00-00.tvw48ir.mongodb.net:27017",
        "type": "Unknown",
        "hosts": [],
        "passives": [],
        "arbiters": [],
        "tags": {},
        "minWireVersion": 0,
        "maxWireVersion": 0,
        "roundTripTime": -1,
        "minRoundTripTime": 0,
        "lastUpdateTime": 619064180,
        "lastWriteDate": 0,
        "error": {
          "errorLabelSet": {},
          "beforeHandshake": false
        },
        "topologyVersion": null,
        "setName": null,
        "setVersion": null,
        "electionId": null,
        "logicalSessionTimeoutMinutes": null,
        "maxMessageSizeBytes": null,
        "maxWriteBatchSize": null,
        "maxBsonObjectSize": null,
        "primary": null,
        "me": null,
        "$clusterTime": null,
        "iscryptd": false
      },
      "ac-ycssmpd-shard-00-01.tvw48ir.mongodb.net:27017": {
        "address": "ac-ycssmpd-shard-00-01.tvw48ir.mongodb.net:27017",
        "type": "Unknown",
        "hosts": [],
        "passives": [],
        "arbiters": [],
        "tags": {},
        "minWireVersion": 0,
        "maxWireVersion": 0,
        "roundTripTime": -1,
        "minRoundTripTime": 0,
        "lastUpdateTime": 619064182,
        "lastWriteDate": 0,
        "error": {
          "errorLabelSet": {},
          "beforeHandshake": false
        },
        "topologyVersion": null,
        "setName": null,
        "setVersion": null,
        "electionId": null,
        "logicalSessionTimeoutMinutes": null,
        "maxMessageSizeBytes": null,
        "maxWriteBatchSize": null,
        "maxBsonObjectSize": null,
        "primary": null,
        "me": null,
        "$clusterTime": null,
        "iscryptd": false
      },
      "ac-ycssmpd-shard-00-02.tvw48ir.mongodb.net:27017": {
        "address": "ac-ycssmpd-shard-00-02.tvw48ir.mongodb.net:27017",
        "type": "Unknown",
        "hosts": [],
        "passives": [],
        "arbiters": [],
        "tags": {},
        "minWireVersion": 0,
        "maxWireVersion": 0,
        "roundTripTime": -1,
        "minRoundTripTime": 0,
        "lastUpdateTime": 619064181,
        "lastWriteDate": 0,
        "error": {
          "errorLabelSet": {},
          "beforeHandshake": false
        },
        "topologyVersion": null,
        "setName": null,
        "setVersion": null,
        "electionId": null,
        "logicalSessionTimeoutMinutes": null,
        "maxMessageSizeBytes": null,
        "maxWriteBatchSize": null,
        "maxBsonObjectSize": null,
        "primary": null,
        "me": null,
        "$clusterTime": null,
        "iscryptd": false
      }
    },
    "stale": false,
    "compatible": true,
    "heartbeatFrequencyMS": 10000,
    "localThresholdMS": 15,
    "setName": "atlas-ldvzrz-shard-0",
    "maxElectionId": {
      "$oid": "7fffffff0000000000000079"
    },
    "maxSetVersion": 34,
    "commonWireVersion": 0,
    "logicalSessionTimeoutMinutes": null
  },
  "cause": {
    "errorLabelSet": {},
    "beforeHandshake": false
  }
}
2026-02-26T18:59:45.876Z [error]: Cleanup stale presence error: getaddrinfo ENOTFOUND ac-ycssmpd-shard-00-00.tvw48ir.mongodb.net
MongoServerSelectionError: getaddrinfo ENOTFOUND ac-ycssmpd-shard-00-00.tvw48ir.mongodb.net
    at Topology.selectServer (C:\Users\LENOVO\OneDrive\Desktop\JWLovers\server\node_modules\mongodb\src\sdam\topology.ts:630:30)
    at tryOperation (C:\Users\LENOVO\OneDrive\Desktop\JWLovers\server\node_modules\mongodb\src\operations\execute_operation.ts:206:16)
    at executeOperation (C:\Users\LENOVO\OneDrive\Desktop\JWLovers\server\node_modules\mongodb\src\operations\execute_operation.ts:123:12)
    at FindCursor._initialize (C:\Users\LENOVO\OneDrive\Desktop\JWLovers\server\node_modules\mongodb\src\cursor\find_cursor.ts:92:22)
    at FindCursor.cursorInit (C:\Users\LENOVO\OneDrive\Desktop\JWLovers\server\node_modules\mongodb\src\cursor\abstract_cursor.ts:917:21)
    at FindCursor.fetchBatch (C:\Users\LENOVO\OneDrive\Desktop\JWLovers\server\node_modules\mongodb\src\cursor\abstract_cursor.ts:955:7)
    at FindCursor.next (C:\Users\LENOVO\OneDrive\Desktop\JWLovers\server\node_modules\mongodb\src\cursor\abstract_cursor.ts:573:9)
    at FindCursor.[Symbol.asyncIterator] (C:\Users\LENOVO\OneDrive\Desktop\JWLovers\server\node_modules\mongodb\src\cursor\abstract_cursor.ts:492:26)
    at FindCursor.toArray (C:\Users\LENOVO\OneDrive\Desktop\JWLovers\server\node_modules\mongodb\src\cursor\abstract_cursor.ts:661:22)
    at model.Query._find (C:\Users\LENOVO\OneDrive\Desktop\JWLovers\server\node_modules\mongoose\lib\query.js:2436:14)
{
  "errorLabelSet": {},
  "reason": {
    "type": "ReplicaSetNoPrimary",
    "servers": {
      "ac-ycssmpd-shard-00-00.tvw48ir.mongodb.net:27017": {
        "address": "ac-ycssmpd-shard-00-00.tvw48ir.mongodb.net:27017",
        "type": "Unknown",
        "hosts": [],
        "passives": [],
        "arbiters": [],
        "tags": {},
        "minWireVersion": 0,
        "maxWireVersion": 0,
        "roundTripTime": -1,
        "minRoundTripTime": 0,
        "lastUpdateTime": 619124162,
        "lastWriteDate": 0,
        "error": {
          "errorLabelSet": {},
          "beforeHandshake": false
        },
        "topologyVersion": null,
        "setName": null,
        "setVersion": null,
        "electionId": null,
        "logicalSessionTimeoutMinutes": null,
        "maxMessageSizeBytes": null,
        "maxWriteBatchSize": null,
        "maxBsonObjectSize": null,
        "primary": null,
        "me": null,
        "$clusterTime": null,
        "iscryptd": false
      },
      "ac-ycssmpd-shard-00-01.tvw48ir.mongodb.net:27017": {
        "address": "ac-ycssmpd-shard-00-01.tvw48ir.mongodb.net:27017",
        "type": "Unknown",
        "hosts": [],
        "passives": [],
        "arbiters": [],
        "tags": {},
        "minWireVersion": 0,
        "maxWireVersion": 0,
        "roundTripTime": -1,
        "minRoundTripTime": 0,
        "lastUpdateTime": 619124163,
        "lastWriteDate": 0,
        "error": {
          "errorLabelSet": {},
          "beforeHandshake": false
        },
        "topologyVersion": null,
        "setName": null,
        "setVersion": null,
        "electionId": null,
        "logicalSessionTimeoutMinutes": null,
        "maxMessageSizeBytes": null,
        "maxWriteBatchSize": null,
        "maxBsonObjectSize": null,
        "primary": null,
        "me": null,
        "$clusterTime": null,
        "iscryptd": false
      },
      "ac-ycssmpd-shard-00-02.tvw48ir.mongodb.net:27017": {
        "address": "ac-ycssmpd-shard-00-02.tvw48ir.mongodb.net:27017",
        "type": "Unknown",
        "hosts": [],
        "passives": [],
        "arbiters": [],
        "tags": {},
        "minWireVersion": 0,
        "maxWireVersion": 0,
        "roundTripTime": -1,
        "minRoundTripTime": 0,
        "lastUpdateTime": 619124165,
        "lastWriteDate": 0,
        "error": {
          "errorLabelSet": {},
          "beforeHandshake": false
        },
        "topologyVersion": null,
        "setName": null,
        "setVersion": null,
        "electionId": null,
        "logicalSessionTimeoutMinutes": null,
        "maxMessageSizeBytes": null,
        "maxWriteBatchSize": null,
        "maxBsonObjectSize": null,
        "primary": null,
        "me": null,
        "$clusterTime": null,
        "iscryptd": false
      }
    },
    "stale": false,
    "compatible": true,
    "heartbeatFrequencyMS": 10000,
    "localThresholdMS": 15,
    "setName": "atlas-ldvzrz-shard-0",
    "maxElectionId": {
      "$oid": "7fffffff0000000000000079"
    },
    "maxSetVersion": 34,
    "commonWireVersion": 0,
    "logicalSessionTimeoutMinutes": null
  },
  "cause": {
    "errorLabelSet": {},
    "beforeHandshake": false
  }
}
2026-02-26T19:00:45.889Z [error]: Cleanup stale presence error: getaddrinfo ENOTFOUND ac-ycssmpd-shard-00-00.tvw48ir.mongodb.net
MongoServerSelectionError: getaddrinfo ENOTFOUND ac-ycssmpd-shard-00-00.tvw48ir.mongodb.net
    at Topology.selectServer (C:\Users\LENOVO\OneDrive\Desktop\JWLovers\server\node_modules\mongodb\src\sdam\topology.ts:630:30)
    at tryOperation (C:\Users\LENOVO\OneDrive\Desktop\JWLovers\server\node_modules\mongodb\src\operations\execute_operation.ts:206:16)
    at executeOperation (C:\Users\LENOVO\OneDrive\Desktop\JWLovers\server\node_modules\mongodb\src\operations\execute_operation.ts:123:12)
    at FindCursor._initialize (C:\Users\LENOVO\OneDrive\Desktop\JWLovers\server\node_modules\mongodb\src\cursor\find_cursor.ts:92:22)
    at FindCursor.cursorInit (C:\Users\LENOVO\OneDrive\Desktop\JWLovers\server\node_modules\mongodb\src\cursor\abstract_cursor.ts:917:21)
    at FindCursor.fetchBatch (C:\Users\LENOVO\OneDrive\Desktop\JWLovers\server\node_modules\mongodb\src\cursor\abstract_cursor.ts:955:7)
    at FindCursor.next (C:\Users\LENOVO\OneDrive\Desktop\JWLovers\server\node_modules\mongodb\src\cursor\abstract_cursor.ts:573:9)
    at FindCursor.[Symbol.asyncIterator] (C:\Users\LENOVO\OneDrive\Desktop\JWLovers\server\node_modules\mongodb\src\cursor\abstract_cursor.ts:492:26)
    at FindCursor.toArray (C:\Users\LENOVO\OneDrive\Desktop\JWLovers\server\node_modules\mongodb\src\cursor\abstract_cursor.ts:661:22)
    at model.Query._find (C:\Users\LENOVO\OneDrive\Desktop\JWLovers\server\node_modules\mongoose\lib\query.js:2436:14)
{
  "errorLabelSet": {},
  "reason": {
    "type": "ReplicaSetNoPrimary",
    "servers": {
      "ac-ycssmpd-shard-00-00.tvw48ir.mongodb.net:27017": {
        "address": "ac-ycssmpd-shard-00-00.tvw48ir.mongodb.net:27017",
        "type": "Unknown",
        "hosts": [],
        "passives": [],
        "arbiters": [],
        "tags": {},
        "minWireVersion": 0,
        "maxWireVersion": 0,
        "roundTripTime": -1,
        "minRoundTripTime": 0,
        "lastUpdateTime": 619184143,
        "lastWriteDate": 0,
        "error": {
          "errorLabelSet": {},
          "beforeHandshake": false
        },
        "topologyVersion": null,
        "setName": null,
        "setVersion": null,
        "electionId": null,
        "logicalSessionTimeoutMinutes": null,
        "maxMessageSizeBytes": null,
        "maxWriteBatchSize": null,
        "maxBsonObjectSize": null,
        "primary": null,
        "me": null,
        "$clusterTime": null,
        "iscryptd": false
      },
      "ac-ycssmpd-shard-00-01.tvw48ir.mongodb.net:27017": {
        "address": "ac-ycssmpd-shard-00-01.tvw48ir.mongodb.net:27017",
        "type": "Unknown",
        "hosts": [],
        "passives": [],
        "arbiters": [],
        "tags": {},
        "minWireVersion": 0,
        "maxWireVersion": 0,
        "roundTripTime": -1,
        "minRoundTripTime": 0,
        "lastUpdateTime": 619184143,
        "lastWriteDate": 0,
        "error": {
          "errorLabelSet": {},
          "beforeHandshake": false
        },
        "topologyVersion": null,
        "setName": null,
        "setVersion": null,
        "electionId": null,
        "logicalSessionTimeoutMinutes": null,
        "maxMessageSizeBytes": null,
        "maxWriteBatchSize": null,
        "maxBsonObjectSize": null,
        "primary": null,
        "me": null,
        "$clusterTime": null,
        "iscryptd": false
      },
      "ac-ycssmpd-shard-00-02.tvw48ir.mongodb.net:27017": {
        "address": "ac-ycssmpd-shard-00-02.tvw48ir.mongodb.net:27017",
        "type": "Unknown",
        "hosts": [],
        "passives": [],
        "arbiters": [],
        "tags": {},
        "minWireVersion": 0,
        "maxWireVersion": 0,
        "roundTripTime": -1,
        "minRoundTripTime": 0,
        "lastUpdateTime": 619184144,
        "lastWriteDate": 0,
        "error": {
          "errorLabelSet": {},
          "beforeHandshake": false
        },
        "topologyVersion": null,
        "setName": null,
        "setVersion": null,
        "electionId": null,
        "logicalSessionTimeoutMinutes": null,
        "maxMessageSizeBytes": null,
        "maxWriteBatchSize": null,
        "maxBsonObjectSize": null,
        "primary": null,
        "me": null,
        "$clusterTime": null,
        "iscryptd": false
      }
    },
    "stale": false,
    "compatible": true,
    "heartbeatFrequencyMS": 10000,
    "localThresholdMS": 15,
    "setName": "atlas-ldvzrz-shard-0",
    "maxElectionId": {
      "$oid": "7fffffff0000000000000079"
    },
    "maxSetVersion": 34,
    "commonWireVersion": 0,
    "logicalSessionTimeoutMinutes": null
  },
  "cause": {
    "errorLabelSet": {},
    "beforeHandshake": false
  }
}
2026-02-26T19:01:45.882Z [error]: Cleanup stale presence error: getaddrinfo ENOTFOUND ac-ycssmpd-shard-00-00.tvw48ir.mongodb.net
MongoServerSelectionError: getaddrinfo ENOTFOUND ac-ycssmpd-shard-00-00.tvw48ir.mongodb.net
    at Topology.selectServer (C:\Users\LENOVO\OneDrive\Desktop\JWLovers\server\node_modules\mongodb\src\sdam\topology.ts:630:30)
    at tryOperation (C:\Users\LENOVO\OneDrive\Desktop\JWLovers\server\node_modules\mongodb\src\operations\execute_operation.ts:206:16)
    at executeOperation (C:\Users\LENOVO\OneDrive\Desktop\JWLovers\server\node_modules\mongodb\src\operations\execute_operation.ts:123:12)
    at FindCursor._initialize (C:\Users\LENOVO\OneDrive\Desktop\JWLovers\server\node_modules\mongodb\src\cursor\find_cursor.ts:92:22)
    at FindCursor.cursorInit (C:\Users\LENOVO\OneDrive\Desktop\JWLovers\server\node_modules\mongodb\src\cursor\abstract_cursor.ts:917:21)
    at FindCursor.fetchBatch (C:\Users\LENOVO\OneDrive\Desktop\JWLovers\server\node_modules\mongodb\src\cursor\abstract_cursor.ts:955:7)
    at FindCursor.next (C:\Users\LENOVO\OneDrive\Desktop\JWLovers\server\node_modules\mongodb\src\cursor\abstract_cursor.ts:573:9)
    at FindCursor.[Symbol.asyncIterator] (C:\Users\LENOVO\OneDrive\Desktop\JWLovers\server\node_modules\mongodb\src\cursor\abstract_cursor.ts:492:26)
    at FindCursor.toArray (C:\Users\LENOVO\OneDrive\Desktop\JWLovers\server\node_modules\mongodb\src\cursor\abstract_cursor.ts:661:22)
    at model.Query._find (C:\Users\LENOVO\OneDrive\Desktop\JWLovers\server\node_modules\mongoose\lib\query.js:2436:14)
{
  "errorLabelSet": {},
  "reason": {
    "type": "ReplicaSetNoPrimary",
    "servers": {
      "ac-ycssmpd-shard-00-00.tvw48ir.mongodb.net:27017": {
        "address": "ac-ycssmpd-shard-00-00.tvw48ir.mongodb.net:27017",
        "type": "Unknown",
        "hosts": [],
        "passives": [],
        "arbiters": [],
        "tags": {},
        "minWireVersion": 0,
        "maxWireVersion": 0,
        "roundTripTime": -1,
        "minRoundTripTime": 0,
        "lastUpdateTime": 619244171,
        "lastWriteDate": 0,
        "error": {
          "errorLabelSet": {},
          "beforeHandshake": false
        },
        "topologyVersion": null,
        "setName": null,
        "setVersion": null,
        "electionId": null,
        "logicalSessionTimeoutMinutes": null,
        "maxMessageSizeBytes": null,
        "maxWriteBatchSize": null,
        "maxBsonObjectSize": null,
        "primary": null,
        "me": null,
        "$clusterTime": null,
        "iscryptd": false
      },
      "ac-ycssmpd-shard-00-01.tvw48ir.mongodb.net:27017": {
        "address": "ac-ycssmpd-shard-00-01.tvw48ir.mongodb.net:27017",
        "type": "Unknown",
        "hosts": [],
        "passives": [],
        "arbiters": [],
        "tags": {},
        "minWireVersion": 0,
        "maxWireVersion": 0,
        "roundTripTime": -1,
        "minRoundTripTime": 0,
        "lastUpdateTime": 619244170,
        "lastWriteDate": 0,
        "error": {
          "errorLabelSet": {},
          "beforeHandshake": false
        },
        "topologyVersion": null,
        "setName": null,
        "setVersion": null,
        "electionId": null,
        "logicalSessionTimeoutMinutes": null,
        "maxMessageSizeBytes": null,
        "maxWriteBatchSize": null,
        "maxBsonObjectSize": null,
        "primary": null,
        "me": null,
        "$clusterTime": null,
        "iscryptd": false
      },
      "ac-ycssmpd-shard-00-02.tvw48ir.mongodb.net:27017": {
        "address": "ac-ycssmpd-shard-00-02.tvw48ir.mongodb.net:27017",
        "type": "Unknown",
        "hosts": [],
        "passives": [],
        "arbiters": [],
        "tags": {},
        "minWireVersion": 0,
        "maxWireVersion": 0,
        "roundTripTime": -1,
        "minRoundTripTime": 0,
        "lastUpdateTime": 619244172,
        "lastWriteDate": 0,
        "error": {
          "errorLabelSet": {},
          "beforeHandshake": false
        },
        "topologyVersion": null,
        "setName": null,
        "setVersion": null,
        "electionId": null,
        "logicalSessionTimeoutMinutes": null,
        "maxMessageSizeBytes": null,
        "maxWriteBatchSize": null,
        "maxBsonObjectSize": null,
        "primary": null,
        "me": null,
        "$clusterTime": null,
        "iscryptd": false
      }
    },
    "stale": false,
    "compatible": true,
    "heartbeatFrequencyMS": 10000,
    "localThresholdMS": 15,
    "setName": "atlas-ldvzrz-shard-0",
    "maxElectionId": {
      "$oid": "7fffffff0000000000000079"
    },
    "maxSetVersion": 34,
    "commonWireVersion": 0,
    "logicalSessionTimeoutMinutes": null
  },
  "cause": {
    "errorLabelSet": {},
    "beforeHandshake": false
  }
}
2026-02-26T19:02:45.885Z [error]: Cleanup stale presence error: getaddrinfo ENOTFOUND ac-ycssmpd-shard-00-00.tvw48ir.mongodb.net
MongoServerSelectionError: getaddrinfo ENOTFOUND ac-ycssmpd-shard-00-00.tvw48ir.mongodb.net
    at Topology.selectServer (C:\Users\LENOVO\OneDrive\Desktop\JWLovers\server\node_modules\mongodb\src\sdam\topology.ts:630:30)
    at tryOperation (C:\Users\LENOVO\OneDrive\Desktop\JWLovers\server\node_modules\mongodb\src\operations\execute_operation.ts:206:16)
    at executeOperation (C:\Users\LENOVO\OneDrive\Desktop\JWLovers\server\node_modules\mongodb\src\operations\execute_operation.ts:123:12)
    at FindCursor._initialize (C:\Users\LENOVO\OneDrive\Desktop\JWLovers\server\node_modules\mongodb\src\cursor\find_cursor.ts:92:22)
    at FindCursor.cursorInit (C:\Users\LENOVO\OneDrive\Desktop\JWLovers\server\node_modules\mongodb\src\cursor\abstract_cursor.ts:917:21)
    at FindCursor.fetchBatch (C:\Users\LENOVO\OneDrive\Desktop\JWLovers\server\node_modules\mongodb\src\cursor\abstract_cursor.ts:955:7)
    at FindCursor.next (C:\Users\LENOVO\OneDrive\Desktop\JWLovers\server\node_modules\mongodb\src\cursor\abstract_cursor.ts:573:9)
    at FindCursor.[Symbol.asyncIterator] (C:\Users\LENOVO\OneDrive\Desktop\JWLovers\server\node_modules\mongodb\src\cursor\abstract_cursor.ts:492:26)
    at FindCursor.toArray (C:\Users\LENOVO\OneDrive\Desktop\JWLovers\server\node_modules\mongodb\src\cursor\abstract_cursor.ts:661:22)
    at model.Query._find (C:\Users\LENOVO\OneDrive\Desktop\JWLovers\server\node_modules\mongoose\lib\query.js:2436:14)
{
  "errorLabelSet": {},
  "reason": {
    "type": "ReplicaSetNoPrimary",
    "servers": {
      "ac-ycssmpd-shard-00-00.tvw48ir.mongodb.net:27017": {
        "address": "ac-ycssmpd-shard-00-00.tvw48ir.mongodb.net:27017",
        "type": "Unknown",
        "hosts": [],
        "passives": [],
        "arbiters": [],
        "tags": {},
        "minWireVersion": 0,
        "maxWireVersion": 0,
        "roundTripTime": -1,
        "minRoundTripTime": 0,
        "lastUpdateTime": 619304144,
        "lastWriteDate": 0,
        "error": {
          "errorLabelSet": {},
          "beforeHandshake": false
        },
        "topologyVersion": null,
        "setName": null,
        "setVersion": null,
        "electionId": null,
        "logicalSessionTimeoutMinutes": null,
        "maxMessageSizeBytes": null,
        "maxWriteBatchSize": null,
        "maxBsonObjectSize": null,
        "primary": null,
        "me": null,
        "$clusterTime": null,
        "iscryptd": false
      },
      "ac-ycssmpd-shard-00-01.tvw48ir.mongodb.net:27017": {
        "address": "ac-ycssmpd-shard-00-01.tvw48ir.mongodb.net:27017",
        "type": "Unknown",
        "hosts": [],
        "passives": [],
        "arbiters": [],
        "tags": {},
        "minWireVersion": 0,
        "maxWireVersion": 0,
        "roundTripTime": -1,
        "minRoundTripTime": 0,
        "lastUpdateTime": 619304153,
        "lastWriteDate": 0,
        "error": {
          "errorLabelSet": {},
          "beforeHandshake": false
        },
        "topologyVersion": null,
        "setName": null,
        "setVersion": null,
        "electionId": null,
        "logicalSessionTimeoutMinutes": null,
        "maxMessageSizeBytes": null,
        "maxWriteBatchSize": null,
        "maxBsonObjectSize": null,
        "primary": null,
        "me": null,
        "$clusterTime": null,
        "iscryptd": false
      },
      "ac-ycssmpd-shard-00-02.tvw48ir.mongodb.net:27017": {
        "address": "ac-ycssmpd-shard-00-02.tvw48ir.mongodb.net:27017",
        "type": "Unknown",
        "hosts": [],
        "passives": [],
        "arbiters": [],
        "tags": {},
        "minWireVersion": 0,
        "maxWireVersion": 0,
        "roundTripTime": -1,
        "minRoundTripTime": 0,
        "lastUpdateTime": 619304154,
        "lastWriteDate": 0,
        "error": {
          "errorLabelSet": {},
          "beforeHandshake": false
        },
        "topologyVersion": null,
        "setName": null,
        "setVersion": null,
        "electionId": null,
        "logicalSessionTimeoutMinutes": null,
        "maxMessageSizeBytes": null,
        "maxWriteBatchSize": null,
        "maxBsonObjectSize": null,
        "primary": null,
        "me": null,
        "$clusterTime": null,
        "iscryptd": false
      }
    },
    "stale": false,
    "compatible": true,
    "heartbeatFrequencyMS": 10000,
    "localThresholdMS": 15,
    "setName": "atlas-ldvzrz-shard-0",
    "maxElectionId": {
      "$oid": "7fffffff0000000000000079"
    },
    "maxSetVersion": 34,
    "commonWireVersion": 0,
    "logicalSessionTimeoutMinutes": null
  },
  "cause": {
    "errorLabelSet": {},
    "beforeHandshake": false
  }
}
2026-02-26T19:03:45.899Z [error]: Cleanup stale presence error: getaddrinfo ENOTFOUND ac-ycssmpd-shard-00-00.tvw48ir.mongodb.net
MongoServerSelectionError: getaddrinfo ENOTFOUND ac-ycssmpd-shard-00-00.tvw48ir.mongodb.net
    at Topology.selectServer (C:\Users\LENOVO\OneDrive\Desktop\JWLovers\server\node_modules\mongodb\src\sdam\topology.ts:630:30)
    at tryOperation (C:\Users\LENOVO\OneDrive\Desktop\JWLovers\server\node_modules\mongodb\src\operations\execute_operation.ts:206:16)
    at executeOperation (C:\Users\LENOVO\OneDrive\Desktop\JWLovers\server\node_modules\mongodb\src\operations\execute_operation.ts:123:12)
    at FindCursor._initialize (C:\Users\LENOVO\OneDrive\Desktop\JWLovers\server\node_modules\mongodb\src\cursor\find_cursor.ts:92:22)
    at FindCursor.cursorInit (C:\Users\LENOVO\OneDrive\Desktop\JWLovers\server\node_modules\mongodb\src\cursor\abstract_cursor.ts:917:21)
    at FindCursor.fetchBatch (C:\Users\LENOVO\OneDrive\Desktop\JWLovers\server\node_modules\mongodb\src\cursor\abstract_cursor.ts:955:7)
    at FindCursor.next (C:\Users\LENOVO\OneDrive\Desktop\JWLovers\server\node_modules\mongodb\src\cursor\abstract_cursor.ts:573:9)
    at FindCursor.[Symbol.asyncIterator] (C:\Users\LENOVO\OneDrive\Desktop\JWLovers\server\node_modules\mongodb\src\cursor\abstract_cursor.ts:492:26)
    at FindCursor.toArray (C:\Users\LENOVO\OneDrive\Desktop\JWLovers\server\node_modules\mongodb\src\cursor\abstract_cursor.ts:661:22)
    at model.Query._find (C:\Users\LENOVO\OneDrive\Desktop\JWLovers\server\node_modules\mongoose\lib\query.js:2436:14)
{
  "errorLabelSet": {},
  "reason": {
    "type": "ReplicaSetNoPrimary",
    "servers": {
      "ac-ycssmpd-shard-00-00.tvw48ir.mongodb.net:27017": {
        "address": "ac-ycssmpd-shard-00-00.tvw48ir.mongodb.net:27017",
        "type": "Unknown",
        "hosts": [],
        "passives": [],
        "arbiters": [],
        "tags": {},
        "minWireVersion": 0,
        "maxWireVersion": 0,
        "roundTripTime": -1,
        "minRoundTripTime": 0,
        "lastUpdateTime": 619364155,
        "lastWriteDate": 0,
        "error": {
          "errorLabelSet": {},
          "beforeHandshake": false
        },
        "topologyVersion": null,
        "setName": null,
        "setVersion": null,
        "electionId": null,
        "logicalSessionTimeoutMinutes": null,
        "maxMessageSizeBytes": null,
        "maxWriteBatchSize": null,
        "maxBsonObjectSize": null,
        "primary": null,
        "me": null,
        "$clusterTime": null,
        "iscryptd": false
      },
      "ac-ycssmpd-shard-00-01.tvw48ir.mongodb.net:27017": {
        "address": "ac-ycssmpd-shard-00-01.tvw48ir.mongodb.net:27017",
        "type": "Unknown",
        "hosts": [],
        "passives": [],
        "arbiters": [],
        "tags": {},
        "minWireVersion": 0,
        "maxWireVersion": 0,
        "roundTripTime": -1,
        "minRoundTripTime": 0,
        "lastUpdateTime": 619364158,
        "lastWriteDate": 0,
        "error": {
          "errorLabelSet": {},
          "beforeHandshake": false
        },
        "topologyVersion": null,
        "setName": null,
        "setVersion": null,
        "electionId": null,
        "logicalSessionTimeoutMinutes": null,
        "maxMessageSizeBytes": null,
        "maxWriteBatchSize": null,
        "maxBsonObjectSize": null,
        "primary": null,
        "me": null,
        "$clusterTime": null,
        "iscryptd": false
      },
      "ac-ycssmpd-shard-00-02.tvw48ir.mongodb.net:27017": {
        "address": "ac-ycssmpd-shard-00-02.tvw48ir.mongodb.net:27017",
        "type": "Unknown",
        "hosts": [],
        "passives": [],
        "arbiters": [],
        "tags": {},
        "minWireVersion": 0,
        "maxWireVersion": 0,
        "roundTripTime": -1,
        "minRoundTripTime": 0,
        "lastUpdateTime": 619364159,
        "lastWriteDate": 0,
        "error": {
          "errorLabelSet": {},
          "beforeHandshake": false
        },
        "topologyVersion": null,
        "setName": null,
        "setVersion": null,
        "electionId": null,
        "logicalSessionTimeoutMinutes": null,
        "maxMessageSizeBytes": null,
        "maxWriteBatchSize": null,
        "maxBsonObjectSize": null,
        "primary": null,
        "me": null,
        "$clusterTime": null,
        "iscryptd": false
      }
    },
    "stale": false,
    "compatible": true,
    "heartbeatFrequencyMS": 10000,
    "localThresholdMS": 15,
    "setName": "atlas-ldvzrz-shard-0",
    "maxElectionId": {
      "$oid": "7fffffff0000000000000079"
    },
    "maxSetVersion": 34,
    "commonWireVersion": 0,
    "logicalSessionTimeoutMinutes": null
  },
  "cause": {
    "errorLabelSet": {},
    "beforeHandshake": false
  }
}
2026-02-26T19:04:45.896Z [error]: Cleanup stale presence error: getaddrinfo ENOTFOUND ac-ycssmpd-shard-00-00.tvw48ir.mongodb.net
MongoServerSelectionError: getaddrinfo ENOTFOUND ac-ycssmpd-shard-00-00.tvw48ir.mongodb.net
    at Topology.selectServer (C:\Users\LENOVO\OneDrive\Desktop\JWLovers\server\node_modules\mongodb\src\sdam\topology.ts:630:30)
    at tryOperation (C:\Users\LENOVO\OneDrive\Desktop\JWLovers\server\node_modules\mongodb\src\operations\execute_operation.ts:206:16)
    at executeOperation (C:\Users\LENOVO\OneDrive\Desktop\JWLovers\server\node_modules\mongodb\src\operations\execute_operation.ts:123:12)
    at FindCursor._initialize (C:\Users\LENOVO\OneDrive\Desktop\JWLovers\server\node_modules\mongodb\src\cursor\find_cursor.ts:92:22)
    at FindCursor.cursorInit (C:\Users\LENOVO\OneDrive\Desktop\JWLovers\server\node_modules\mongodb\src\cursor\abstract_cursor.ts:917:21)
    at FindCursor.fetchBatch (C:\Users\LENOVO\OneDrive\Desktop\JWLovers\server\node_modules\mongodb\src\cursor\abstract_cursor.ts:955:7)
    at FindCursor.next (C:\Users\LENOVO\OneDrive\Desktop\JWLovers\server\node_modules\mongodb\src\cursor\abstract_cursor.ts:573:9)
    at FindCursor.[Symbol.asyncIterator] (C:\Users\LENOVO\OneDrive\Desktop\JWLovers\server\node_modules\mongodb\src\cursor\abstract_cursor.ts:492:26)
    at FindCursor.toArray (C:\Users\LENOVO\OneDrive\Desktop\JWLovers\server\node_modules\mongodb\src\cursor\abstract_cursor.ts:661:22)
    at model.Query._find (C:\Users\LENOVO\OneDrive\Desktop\JWLovers\server\node_modules\mongoose\lib\query.js:2436:14)
{
  "errorLabelSet": {},
  "reason": {
    "type": "ReplicaSetNoPrimary",
    "servers": {
      "ac-ycssmpd-shard-00-00.tvw48ir.mongodb.net:27017": {
        "address": "ac-ycssmpd-shard-00-00.tvw48ir.mongodb.net:27017",
        "type": "Unknown",
        "hosts": [],
        "passives": [],
        "arbiters": [],
        "tags": {},
        "minWireVersion": 0,
        "maxWireVersion": 0,
        "roundTripTime": -1,
        "minRoundTripTime": 0,
        "lastUpdateTime": 619424374,
        "lastWriteDate": 0,
        "error": {
          "errorLabelSet": {},
          "beforeHandshake": false
        },
        "topologyVersion": null,
        "setName": null,
        "setVersion": null,
        "electionId": null,
        "logicalSessionTimeoutMinutes": null,
        "maxMessageSizeBytes": null,
        "maxWriteBatchSize": null,
        "maxBsonObjectSize": null,
        "primary": null,
        "me": null,
        "$clusterTime": null,
        "iscryptd": false
      },
      "ac-ycssmpd-shard-00-01.tvw48ir.mongodb.net:27017": {
        "address": "ac-ycssmpd-shard-00-01.tvw48ir.mongodb.net:27017",
        "type": "Unknown",
        "hosts": [],
        "passives": [],
        "arbiters": [],
        "tags": {},
        "minWireVersion": 0,
        "maxWireVersion": 0,
        "roundTripTime": -1,
        "minRoundTripTime": 0,
        "lastUpdateTime": 619424375,
        "lastWriteDate": 0,
        "error": {
          "errorLabelSet": {},
          "beforeHandshake": false
        },
        "topologyVersion": null,
        "setName": null,
        "setVersion": null,
        "electionId": null,
        "logicalSessionTimeoutMinutes": null,
        "maxMessageSizeBytes": null,
        "maxWriteBatchSize": null,
        "maxBsonObjectSize": null,
        "primary": null,
        "me": null,
        "$clusterTime": null,
        "iscryptd": false
      },
      "ac-ycssmpd-shard-00-02.tvw48ir.mongodb.net:27017": {
        "address": "ac-ycssmpd-shard-00-02.tvw48ir.mongodb.net:27017",
        "type": "Unknown",
        "hosts": [],
        "passives": [],
        "arbiters": [],
        "tags": {},
        "minWireVersion": 0,
        "maxWireVersion": 0,
        "roundTripTime": -1,
        "minRoundTripTime": 0,
        "lastUpdateTime": 619424438,
        "lastWriteDate": 0,
        "error": {
          "errorLabelSet": {},
          "beforeHandshake": false
        },
        "topologyVersion": null,
        "setName": null,
        "setVersion": null,
        "electionId": null,
        "logicalSessionTimeoutMinutes": null,
        "maxMessageSizeBytes": null,
        "maxWriteBatchSize": null,
        "maxBsonObjectSize": null,
        "primary": null,
        "me": null,
        "$clusterTime": null,
        "iscryptd": false
      }
    },
    "stale": false,
    "compatible": true,
    "heartbeatFrequencyMS": 10000,
    "localThresholdMS": 15,
    "setName": "atlas-ldvzrz-shard-0",
    "maxElectionId": {
      "$oid": "7fffffff0000000000000079"
    },
    "maxSetVersion": 34,
    "commonWireVersion": 0,
    "logicalSessionTimeoutMinutes": null
  },
  "cause": {
    "errorLabelSet": {},
    "beforeHandshake": false
  }
}
2026-02-26T19:05:45.899Z [error]: Cleanup stale presence error: getaddrinfo ENOTFOUND ac-ycssmpd-shard-00-00.tvw48ir.mongodb.net
MongoServerSelectionError: getaddrinfo ENOTFOUND ac-ycssmpd-shard-00-00.tvw48ir.mongodb.net
    at Topology.selectServer (C:\Users\LENOVO\OneDrive\Desktop\JWLovers\server\node_modules\mongodb\src\sdam\topology.ts:630:30)
    at tryOperation (C:\Users\LENOVO\OneDrive\Desktop\JWLovers\server\node_modules\mongodb\src\operations\execute_operation.ts:206:16)
    at executeOperation (C:\Users\LENOVO\OneDrive\Desktop\JWLovers\server\node_modules\mongodb\src\operations\execute_operation.ts:123:12)
    at FindCursor._initialize (C:\Users\LENOVO\OneDrive\Desktop\JWLovers\server\node_modules\mongodb\src\cursor\find_cursor.ts:92:22)
    at FindCursor.cursorInit (C:\Users\LENOVO\OneDrive\Desktop\JWLovers\server\node_modules\mongodb\src\cursor\abstract_cursor.ts:917:21)
    at FindCursor.fetchBatch (C:\Users\LENOVO\OneDrive\Desktop\JWLovers\server\node_modules\mongodb\src\cursor\abstract_cursor.ts:955:7)
    at FindCursor.next (C:\Users\LENOVO\OneDrive\Desktop\JWLovers\server\node_modules\mongodb\src\cursor\abstract_cursor.ts:573:9)
    at FindCursor.[Symbol.asyncIterator] (C:\Users\LENOVO\OneDrive\Desktop\JWLovers\server\node_modules\mongodb\src\cursor\abstract_cursor.ts:492:26)
    at FindCursor.toArray (C:\Users\LENOVO\OneDrive\Desktop\JWLovers\server\node_modules\mongodb\src\cursor\abstract_cursor.ts:661:22)
    at model.Query._find (C:\Users\LENOVO\OneDrive\Desktop\JWLovers\server\node_modules\mongoose\lib\query.js:2436:14)
{
  "errorLabelSet": {},
  "reason": {
    "type": "ReplicaSetNoPrimary",
    "servers": {
      "ac-ycssmpd-shard-00-00.tvw48ir.mongodb.net:27017": {
        "address": "ac-ycssmpd-shard-00-00.tvw48ir.mongodb.net:27017",
        "type": "Unknown",
        "hosts": [],
        "passives": [],
        "arbiters": [],
        "tags": {},
        "minWireVersion": 0,
        "maxWireVersion": 0,
        "roundTripTime": -1,
        "minRoundTripTime": 0,
        "lastUpdateTime": 619484178,
        "lastWriteDate": 0,
        "error": {
          "errorLabelSet": {},
          "beforeHandshake": false
        },
        "topologyVersion": null,
        "setName": null,
        "setVersion": null,
        "electionId": null,
        "logicalSessionTimeoutMinutes": null,
        "maxMessageSizeBytes": null,
        "maxWriteBatchSize": null,
        "maxBsonObjectSize": null,
        "primary": null,
        "me": null,
        "$clusterTime": null,
        "iscryptd": false
      },
      "ac-ycssmpd-shard-00-01.tvw48ir.mongodb.net:27017": {
        "address": "ac-ycssmpd-shard-00-01.tvw48ir.mongodb.net:27017",
        "type": "Unknown",
        "hosts": [],
        "passives": [],
        "arbiters": [],
        "tags": {},
        "minWireVersion": 0,
        "maxWireVersion": 0,
        "roundTripTime": -1,
        "minRoundTripTime": 0,
        "lastUpdateTime": 619484179,
        "lastWriteDate": 0,
        "error": {
          "errorLabelSet": {},
          "beforeHandshake": false
        },
        "topologyVersion": null,
        "setName": null,
        "setVersion": null,
        "electionId": null,
        "logicalSessionTimeoutMinutes": null,
        "maxMessageSizeBytes": null,
        "maxWriteBatchSize": null,
        "maxBsonObjectSize": null,
        "primary": null,
        "me": null,
        "$clusterTime": null,
        "iscryptd": false
      },
      "ac-ycssmpd-shard-00-02.tvw48ir.mongodb.net:27017": {
        "address": "ac-ycssmpd-shard-00-02.tvw48ir.mongodb.net:27017",
        "type": "Unknown",
        "hosts": [],
        "passives": [],
        "arbiters": [],
        "tags": {},
        "minWireVersion": 0,
        "maxWireVersion": 0,
        "roundTripTime": -1,
        "minRoundTripTime": 0,
        "lastUpdateTime": 619484180,
        "lastWriteDate": 0,
        "error": {
          "errorLabelSet": {},
          "beforeHandshake": false
        },
        "topologyVersion": null,
        "setName": null,
        "setVersion": null,
        "electionId": null,
        "logicalSessionTimeoutMinutes": null,
        "maxMessageSizeBytes": null,
        "maxWriteBatchSize": null,
        "maxBsonObjectSize": null,
        "primary": null,
        "me": null,
        "$clusterTime": null,
        "iscryptd": false
      }
    },
    "stale": false,
    "compatible": true,
    "heartbeatFrequencyMS": 10000,
    "localThresholdMS": 15,
    "setName": "atlas-ldvzrz-shard-0",
    "maxElectionId": {
      "$oid": "7fffffff0000000000000079"
    },
    "maxSetVersion": 34,
    "commonWireVersion": 0,
    "logicalSessionTimeoutMinutes": null
  },
  "cause": {
    "errorLabelSet": {},
    "beforeHandshake": false
  }
}
2026-02-26T19:06:45.904Z [error]: Cleanup stale presence error: getaddrinfo ENOTFOUND ac-ycssmpd-shard-00-00.tvw48ir.mongodb.net
MongoServerSelectionError: getaddrinfo ENOTFOUND ac-ycssmpd-shard-00-00.tvw48ir.mongodb.net
    at Topology.selectServer (C:\Users\LENOVO\OneDrive\Desktop\JWLovers\server\node_modules\mongodb\src\sdam\topology.ts:630:30)
    at tryOperation (C:\Users\LENOVO\OneDrive\Desktop\JWLovers\server\node_modules\mongodb\src\operations\execute_operation.ts:206:16)
    at executeOperation (C:\Users\LENOVO\OneDrive\Desktop\JWLovers\server\node_modules\mongodb\src\operations\execute_operation.ts:123:12)
    at FindCursor._initialize (C:\Users\LENOVO\OneDrive\Desktop\JWLovers\server\node_modules\mongodb\src\cursor\find_cursor.ts:92:22)
    at FindCursor.cursorInit (C:\Users\LENOVO\OneDrive\Desktop\JWLovers\server\node_modules\mongodb\src\cursor\abstract_cursor.ts:917:21)
    at FindCursor.fetchBatch (C:\Users\LENOVO\OneDrive\Desktop\JWLovers\server\node_modules\mongodb\src\cursor\abstract_cursor.ts:955:7)
    at FindCursor.next (C:\Users\LENOVO\OneDrive\Desktop\JWLovers\server\node_modules\mongodb\src\cursor\abstract_cursor.ts:573:9)
    at FindCursor.[Symbol.asyncIterator] (C:\Users\LENOVO\OneDrive\Desktop\JWLovers\server\node_modules\mongodb\src\cursor\abstract_cursor.ts:492:26)
    at FindCursor.toArray (C:\Users\LENOVO\OneDrive\Desktop\JWLovers\server\node_modules\mongodb\src\cursor\abstract_cursor.ts:661:22)
    at model.Query._find (C:\Users\LENOVO\OneDrive\Desktop\JWLovers\server\node_modules\mongoose\lib\query.js:2436:14)
{
  "errorLabelSet": {},
  "reason": {
    "type": "ReplicaSetNoPrimary",
    "servers": {
      "ac-ycssmpd-shard-00-00.tvw48ir.mongodb.net:27017": {
        "address": "ac-ycssmpd-shard-00-00.tvw48ir.mongodb.net:27017",
        "type": "Unknown",
        "hosts": [],
        "passives": [],
        "arbiters": [],
        "tags": {},
        "minWireVersion": 0,
        "maxWireVersion": 0,
        "roundTripTime": -1,
        "minRoundTripTime": 0,
        "lastUpdateTime": 619544158,
        "lastWriteDate": 0,
        "error": {
          "errorLabelSet": {},
          "beforeHandshake": false
        },
        "topologyVersion": null,
        "setName": null,
        "setVersion": null,
        "electionId": null,
        "logicalSessionTimeoutMinutes": null,
        "maxMessageSizeBytes": null,
        "maxWriteBatchSize": null,
        "maxBsonObjectSize": null,
        "primary": null,
        "me": null,
        "$clusterTime": null,
        "iscryptd": false
      },
      "ac-ycssmpd-shard-00-01.tvw48ir.mongodb.net:27017": {
        "address": "ac-ycssmpd-shard-00-01.tvw48ir.mongodb.net:27017",
        "type": "Unknown",
        "hosts": [],
        "passives": [],
        "arbiters": [],
        "tags": {},
        "minWireVersion": 0,
        "maxWireVersion": 0,
        "roundTripTime": -1,
        "minRoundTripTime": 0,
        "lastUpdateTime": 619544199,
        "lastWriteDate": 0,
        "error": {
          "errorLabelSet": {},
          "beforeHandshake": false
        },
        "topologyVersion": null,
        "setName": null,
        "setVersion": null,
        "electionId": null,
        "logicalSessionTimeoutMinutes": null,
        "maxMessageSizeBytes": null,
        "maxWriteBatchSize": null,
        "maxBsonObjectSize": null,
        "primary": null,
        "me": null,
        "$clusterTime": null,
        "iscryptd": false
      },
      "ac-ycssmpd-shard-00-02.tvw48ir.mongodb.net:27017": {
        "address": "ac-ycssmpd-shard-00-02.tvw48ir.mongodb.net:27017",
        "type": "Unknown",
        "hosts": [],
        "passives": [],
        "arbiters": [],
        "tags": {},
        "minWireVersion": 0,
        "maxWireVersion": 0,
        "roundTripTime": -1,
        "minRoundTripTime": 0,
        "lastUpdateTime": 619544199,
        "lastWriteDate": 0,
        "error": {
          "errorLabelSet": {},
          "beforeHandshake": false
        },
        "topologyVersion": null,
        "setName": null,
        "setVersion": null,
        "electionId": null,
        "logicalSessionTimeoutMinutes": null,
        "maxMessageSizeBytes": null,
        "maxWriteBatchSize": null,
        "maxBsonObjectSize": null,
        "primary": null,
        "me": null,
        "$clusterTime": null,
        "iscryptd": false
      }
    },
    "stale": false,
    "compatible": true,
    "heartbeatFrequencyMS": 10000,
    "localThresholdMS": 15,
    "setName": "atlas-ldvzrz-shard-0",
    "maxElectionId": {
      "$oid": "7fffffff0000000000000079"
    },
    "maxSetVersion": 34,
    "commonWireVersion": 0,
    "logicalSessionTimeoutMinutes": null
  },
  "cause": {
    "errorLabelSet": {},
    "beforeHandshake": false
  }
}
2026-02-26T20:08:23.422Z [error]: Cleanup stale presence error: getaddrinfo ENOTFOUND ac-ycssmpd-shard-00-00.tvw48ir.mongodb.net
MongoServerSelectionError: getaddrinfo ENOTFOUND ac-ycssmpd-shard-00-00.tvw48ir.mongodb.net
    at Topology.selectServer (C:\Users\LENOVO\OneDrive\Desktop\JWLovers\server\node_modules\mongodb\src\sdam\topology.ts:630:30)
    at tryOperation (C:\Users\LENOVO\OneDrive\Desktop\JWLovers\server\node_modules\mongodb\src\operations\execute_operation.ts:206:16)
    at executeOperation (C:\Users\LENOVO\OneDrive\Desktop\JWLovers\server\node_modules\mongodb\src\operations\execute_operation.ts:123:12)
    at FindCursor._initialize (C:\Users\LENOVO\OneDrive\Desktop\JWLovers\server\node_modules\mongodb\src\cursor\find_cursor.ts:92:22)
    at FindCursor.cursorInit (C:\Users\LENOVO\OneDrive\Desktop\JWLovers\server\node_modules\mongodb\src\cursor\abstract_cursor.ts:917:21)
    at FindCursor.fetchBatch (C:\Users\LENOVO\OneDrive\Desktop\JWLovers\server\node_modules\mongodb\src\cursor\abstract_cursor.ts:955:7)
    at FindCursor.next (C:\Users\LENOVO\OneDrive\Desktop\JWLovers\server\node_modules\mongodb\src\cursor\abstract_cursor.ts:573:9)
    at FindCursor.[Symbol.asyncIterator] (C:\Users\LENOVO\OneDrive\Desktop\JWLovers\server\node_modules\mongodb\src\cursor\abstract_cursor.ts:492:26)
    at FindCursor.toArray (C:\Users\LENOVO\OneDrive\Desktop\JWLovers\server\node_modules\mongodb\src\cursor\abstract_cursor.ts:661:22)
    at model.Query._find (C:\Users\LENOVO\OneDrive\Desktop\JWLovers\server\node_modules\mongoose\lib\query.js:2436:14)
{
  "errorLabelSet": {},
  "reason": {
    "type": "ReplicaSetNoPrimary",
    "servers": {
      "ac-ycssmpd-shard-00-00.tvw48ir.mongodb.net:27017": {
        "address": "ac-ycssmpd-shard-00-00.tvw48ir.mongodb.net:27017",
        "type": "Unknown",
        "hosts": [],
        "passives": [],
        "arbiters": [],
        "tags": {},
        "minWireVersion": 0,
        "maxWireVersion": 0,
        "roundTripTime": -1,
        "minRoundTripTime": 0,
        "lastUpdateTime": 619594710,
        "lastWriteDate": 0,
        "error": {
          "errorLabelSet": {},
          "beforeHandshake": false
        },
        "topologyVersion": null,
        "setName": null,
        "setVersion": null,
        "electionId": null,
        "logicalSessionTimeoutMinutes": null,
        "maxMessageSizeBytes": null,
        "maxWriteBatchSize": null,
        "maxBsonObjectSize": null,
        "primary": null,
        "me": null,
        "$clusterTime": null,
        "iscryptd": false
      },
      "ac-ycssmpd-shard-00-01.tvw48ir.mongodb.net:27017": {
        "address": "ac-ycssmpd-shard-00-01.tvw48ir.mongodb.net:27017",
        "type": "Unknown",
        "hosts": [],
        "passives": [],
        "arbiters": [],
        "tags": {},
        "minWireVersion": 0,
        "maxWireVersion": 0,
        "roundTripTime": -1,
        "minRoundTripTime": 0,
        "lastUpdateTime": 619594751,
        "lastWriteDate": 0,
        "error": {
          "errorLabelSet": {},
          "beforeHandshake": false
        },
        "topologyVersion": null,
        "setName": null,
        "setVersion": null,
        "electionId": null,
        "logicalSessionTimeoutMinutes": null,
        "maxMessageSizeBytes": null,
        "maxWriteBatchSize": null,
        "maxBsonObjectSize": null,
        "primary": null,
        "me": null,
        "$clusterTime": null,
        "iscryptd": false
      },
      "ac-ycssmpd-shard-00-02.tvw48ir.mongodb.net:27017": {
        "address": "ac-ycssmpd-shard-00-02.tvw48ir.mongodb.net:27017",
        "type": "Unknown",
        "hosts": [],
        "passives": [],
        "arbiters": [],
        "tags": {},
        "minWireVersion": 0,
        "maxWireVersion": 0,
        "roundTripTime": -1,
        "minRoundTripTime": 0,
        "lastUpdateTime": 619594750,
        "lastWriteDate": 0,
        "error": {
          "errorLabelSet": {},
          "beforeHandshake": false
        },
        "topologyVersion": null,
        "setName": null,
        "setVersion": null,
        "electionId": null,
        "logicalSessionTimeoutMinutes": null,
        "maxMessageSizeBytes": null,
        "maxWriteBatchSize": null,
        "maxBsonObjectSize": null,
        "primary": null,
        "me": null,
        "$clusterTime": null,
        "iscryptd": false
      }
    },
    "stale": false,
    "compatible": true,
    "heartbeatFrequencyMS": 10000,
    "localThresholdMS": 15,
    "setName": "atlas-ldvzrz-shard-0",
    "maxElectionId": {
      "$oid": "7fffffff0000000000000079"
    },
    "maxSetVersion": 34,
    "commonWireVersion": 0,
    "logicalSessionTimeoutMinutes": null
  },
  "cause": {
    "errorLabelSet": {},
    "beforeHandshake": false
  }
}
2026-02-26T20:09:23.409Z [error]: Cleanup stale presence error: getaddrinfo ENOTFOUND ac-ycssmpd-shard-00-00.tvw48ir.mongodb.net
MongoServerSelectionError: getaddrinfo ENOTFOUND ac-ycssmpd-shard-00-00.tvw48ir.mongodb.net
    at Topology.selectServer (C:\Users\LENOVO\OneDrive\Desktop\JWLovers\server\node_modules\mongodb\src\sdam\topology.ts:630:30)
    at tryOperation (C:\Users\LENOVO\OneDrive\Desktop\JWLovers\server\node_modules\mongodb\src\operations\execute_operation.ts:206:16)
    at executeOperation (C:\Users\LENOVO\OneDrive\Desktop\JWLovers\server\node_modules\mongodb\src\operations\execute_operation.ts:123:12)
    at FindCursor._initialize (C:\Users\LENOVO\OneDrive\Desktop\JWLovers\server\node_modules\mongodb\src\cursor\find_cursor.ts:92:22)
    at FindCursor.cursorInit (C:\Users\LENOVO\OneDrive\Desktop\JWLovers\server\node_modules\mongodb\src\cursor\abstract_cursor.ts:917:21)
    at FindCursor.fetchBatch (C:\Users\LENOVO\OneDrive\Desktop\JWLovers\server\node_modules\mongodb\src\cursor\abstract_cursor.ts:955:7)
    at FindCursor.next (C:\Users\LENOVO\OneDrive\Desktop\JWLovers\server\node_modules\mongodb\src\cursor\abstract_cursor.ts:573:9)
    at FindCursor.[Symbol.asyncIterator] (C:\Users\LENOVO\OneDrive\Desktop\JWLovers\server\node_modules\mongodb\src\cursor\abstract_cursor.ts:492:26)
    at FindCursor.toArray (C:\Users\LENOVO\OneDrive\Desktop\JWLovers\server\node_modules\mongodb\src\cursor\abstract_cursor.ts:661:22)
    at model.Query._find (C:\Users\LENOVO\OneDrive\Desktop\JWLovers\server\node_modules\mongoose\lib\query.js:2436:14)
{
  "errorLabelSet": {},
  "reason": {
    "type": "ReplicaSetNoPrimary",
    "servers": {
      "ac-ycssmpd-shard-00-00.tvw48ir.mongodb.net:27017": {
        "address": "ac-ycssmpd-shard-00-00.tvw48ir.mongodb.net:27017",
        "type": "Unknown",
        "hosts": [],
        "passives": [],
        "arbiters": [],
        "tags": {},
        "minWireVersion": 0,
        "maxWireVersion": 0,
        "roundTripTime": -1,
        "minRoundTripTime": 0,
        "lastUpdateTime": 623301729,
        "lastWriteDate": 0,
        "error": {
          "errorLabelSet": {},
          "beforeHandshake": false
        },
        "topologyVersion": null,
        "setName": null,
        "setVersion": null,
        "electionId": null,
        "logicalSessionTimeoutMinutes": null,
        "maxMessageSizeBytes": null,
        "maxWriteBatchSize": null,
        "maxBsonObjectSize": null,
        "primary": null,
        "me": null,
        "$clusterTime": null,
        "iscryptd": false
      },
      "ac-ycssmpd-shard-00-01.tvw48ir.mongodb.net:27017": {
        "address": "ac-ycssmpd-shard-00-01.tvw48ir.mongodb.net:27017",
        "type": "Unknown",
        "hosts": [],
        "passives": [],
        "arbiters": [],
        "tags": {},
        "minWireVersion": 0,
        "maxWireVersion": 0,
        "roundTripTime": -1,
        "minRoundTripTime": 0,
        "lastUpdateTime": 623301729,
        "lastWriteDate": 0,
        "error": {
          "errorLabelSet": {},
          "beforeHandshake": false
        },
        "topologyVersion": null,
        "setName": null,
        "setVersion": null,
        "electionId": null,
        "logicalSessionTimeoutMinutes": null,
        "maxMessageSizeBytes": null,
        "maxWriteBatchSize": null,
        "maxBsonObjectSize": null,
        "primary": null,
        "me": null,
        "$clusterTime": null,
        "iscryptd": false
      },
      "ac-ycssmpd-shard-00-02.tvw48ir.mongodb.net:27017": {
        "address": "ac-ycssmpd-shard-00-02.tvw48ir.mongodb.net:27017",
        "type": "Unknown",
        "hosts": [],
        "passives": [],
        "arbiters": [],
        "tags": {},
        "minWireVersion": 0,
        "maxWireVersion": 0,
        "roundTripTime": -1,
        "minRoundTripTime": 0,
        "lastUpdateTime": 623301729,
        "lastWriteDate": 0,
        "error": {
          "errorLabelSet": {},
          "beforeHandshake": false
        },
        "topologyVersion": null,
        "setName": null,
        "setVersion": null,
        "electionId": null,
        "logicalSessionTimeoutMinutes": null,
        "maxMessageSizeBytes": null,
        "maxWriteBatchSize": null,
        "maxBsonObjectSize": null,
        "primary": null,
        "me": null,
        "$clusterTime": null,
        "iscryptd": false
      }
    },
    "stale": false,
    "compatible": true,
    "heartbeatFrequencyMS": 10000,
    "localThresholdMS": 15,
    "setName": "atlas-ldvzrz-shard-0",
    "maxElectionId": {
      "$oid": "7fffffff0000000000000079"
    },
    "maxSetVersion": 34,
    "commonWireVersion": 0,
    "logicalSessionTimeoutMinutes": null
  },
  "cause": {
    "errorLabelSet": {},
    "beforeHandshake": false
  }
}
2026-02-26T20:10:23.424Z [error]: Cleanup stale presence error: getaddrinfo ENOTFOUND ac-ycssmpd-shard-00-00.tvw48ir.mongodb.net
MongoServerSelectionError: getaddrinfo ENOTFOUND ac-ycssmpd-shard-00-00.tvw48ir.mongodb.net
    at Topology.selectServer (C:\Users\LENOVO\OneDrive\Desktop\JWLovers\server\node_modules\mongodb\src\sdam\topology.ts:630:30)
    at tryOperation (C:\Users\LENOVO\OneDrive\Desktop\JWLovers\server\node_modules\mongodb\src\operations\execute_operation.ts:206:16)
    at executeOperation (C:\Users\LENOVO\OneDrive\Desktop\JWLovers\server\node_modules\mongodb\src\operations\execute_operation.ts:123:12)
    at FindCursor._initialize (C:\Users\LENOVO\OneDrive\Desktop\JWLovers\server\node_modules\mongodb\src\cursor\find_cursor.ts:92:22)
    at FindCursor.cursorInit (C:\Users\LENOVO\OneDrive\Desktop\JWLovers\server\node_modules\mongodb\src\cursor\abstract_cursor.ts:917:21)
    at FindCursor.fetchBatch (C:\Users\LENOVO\OneDrive\Desktop\JWLovers\server\node_modules\mongodb\src\cursor\abstract_cursor.ts:955:7)
    at FindCursor.next (C:\Users\LENOVO\OneDrive\Desktop\JWLovers\server\node_modules\mongodb\src\cursor\abstract_cursor.ts:573:9)
    at FindCursor.[Symbol.asyncIterator] (C:\Users\LENOVO\OneDrive\Desktop\JWLovers\server\node_modules\mongodb\src\cursor\abstract_cursor.ts:492:26)
    at FindCursor.toArray (C:\Users\LENOVO\OneDrive\Desktop\JWLovers\server\node_modules\mongodb\src\cursor\abstract_cursor.ts:661:22)
    at model.Query._find (C:\Users\LENOVO\OneDrive\Desktop\JWLovers\server\node_modules\mongoose\lib\query.js:2436:14)
{
  "errorLabelSet": {},
  "reason": {
    "type": "ReplicaSetNoPrimary",
    "servers": {
      "ac-ycssmpd-shard-00-00.tvw48ir.mongodb.net:27017": {
        "address": "ac-ycssmpd-shard-00-00.tvw48ir.mongodb.net:27017",
        "type": "Unknown",
        "hosts": [],
        "passives": [],
        "arbiters": [],
        "tags": {},
        "minWireVersion": 0,
        "maxWireVersion": 0,
        "roundTripTime": -1,
        "minRoundTripTime": 0,
        "lastUpdateTime": 623361764,
        "lastWriteDate": 0,
        "error": {
          "errorLabelSet": {},
          "beforeHandshake": false
        },
        "topologyVersion": null,
        "setName": null,
        "setVersion": null,
        "electionId": null,
        "logicalSessionTimeoutMinutes": null,
        "maxMessageSizeBytes": null,
        "maxWriteBatchSize": null,
        "maxBsonObjectSize": null,
        "primary": null,
        "me": null,
        "$clusterTime": null,
        "iscryptd": false
      },
      "ac-ycssmpd-shard-00-01.tvw48ir.mongodb.net:27017": {
        "address": "ac-ycssmpd-shard-00-01.tvw48ir.mongodb.net:27017",
        "type": "Unknown",
        "hosts": [],
        "passives": [],
        "arbiters": [],
        "tags": {},
        "minWireVersion": 0,
        "maxWireVersion": 0,
        "roundTripTime": -1,
        "minRoundTripTime": 0,
        "lastUpdateTime": 623361765,
        "lastWriteDate": 0,
        "error": {
          "errorLabelSet": {},
          "beforeHandshake": false
        },
        "topologyVersion": null,
        "setName": null,
        "setVersion": null,
        "electionId": null,
        "logicalSessionTimeoutMinutes": null,
        "maxMessageSizeBytes": null,
        "maxWriteBatchSize": null,
        "maxBsonObjectSize": null,
        "primary": null,
        "me": null,
        "$clusterTime": null,
        "iscryptd": false
      },
      "ac-ycssmpd-shard-00-02.tvw48ir.mongodb.net:27017": {
        "address": "ac-ycssmpd-shard-00-02.tvw48ir.mongodb.net:27017",
        "type": "Unknown",
        "hosts": [],
        "passives": [],
        "arbiters": [],
        "tags": {},
        "minWireVersion": 0,
        "maxWireVersion": 0,
        "roundTripTime": -1,
        "minRoundTripTime": 0,
        "lastUpdateTime": 623361766,
        "lastWriteDate": 0,
        "error": {
          "errorLabelSet": {},
          "beforeHandshake": false
        },
        "topologyVersion": null,
        "setName": null,
        "setVersion": null,
        "electionId": null,
        "logicalSessionTimeoutMinutes": null,
        "maxMessageSizeBytes": null,
        "maxWriteBatchSize": null,
        "maxBsonObjectSize": null,
        "primary": null,
        "me": null,
        "$clusterTime": null,
        "iscryptd": false
      }
    },
    "stale": false,
    "compatible": true,
    "heartbeatFrequencyMS": 10000,
    "localThresholdMS": 15,
    "setName": "atlas-ldvzrz-shard-0",
    "maxElectionId": {
      "$oid": "7fffffff0000000000000079"
    },
    "maxSetVersion": 34,
    "commonWireVersion": 0,
    "logicalSessionTimeoutMinutes": null
  },
  "cause": {
    "errorLabelSet": {},
    "beforeHandshake": false
  }
}
2026-02-26T20:11:23.435Z [error]: Cleanup stale presence error: getaddrinfo ENOTFOUND ac-ycssmpd-shard-00-00.tvw48ir.mongodb.net
MongoServerSelectionError: getaddrinfo ENOTFOUND ac-ycssmpd-shard-00-00.tvw48ir.mongodb.net
    at Topology.selectServer (C:\Users\LENOVO\OneDrive\Desktop\JWLovers\server\node_modules\mongodb\src\sdam\topology.ts:630:30)
    at tryOperation (C:\Users\LENOVO\OneDrive\Desktop\JWLovers\server\node_modules\mongodb\src\operations\execute_operation.ts:206:16)
    at executeOperation (C:\Users\LENOVO\OneDrive\Desktop\JWLovers\server\node_modules\mongodb\src\operations\execute_operation.ts:123:12)
    at FindCursor._initialize (C:\Users\LENOVO\OneDrive\Desktop\JWLovers\server\node_modules\mongodb\src\cursor\find_cursor.ts:92:22)
    at FindCursor.cursorInit (C:\Users\LENOVO\OneDrive\Desktop\JWLovers\server\node_modules\mongodb\src\cursor\abstract_cursor.ts:917:21)
    at FindCursor.fetchBatch (C:\Users\LENOVO\OneDrive\Desktop\JWLovers\server\node_modules\mongodb\src\cursor\abstract_cursor.ts:955:7)
    at FindCursor.next (C:\Users\LENOVO\OneDrive\Desktop\JWLovers\server\node_modules\mongodb\src\cursor\abstract_cursor.ts:573:9)
    at FindCursor.[Symbol.asyncIterator] (C:\Users\LENOVO\OneDrive\Desktop\JWLovers\server\node_modules\mongodb\src\cursor\abstract_cursor.ts:492:26)
    at FindCursor.toArray (C:\Users\LENOVO\OneDrive\Desktop\JWLovers\server\node_modules\mongodb\src\cursor\abstract_cursor.ts:661:22)
    at model.Query._find (C:\Users\LENOVO\OneDrive\Desktop\JWLovers\server\node_modules\mongoose\lib\query.js:2436:14)
{
  "errorLabelSet": {},
  "reason": {
    "type": "ReplicaSetNoPrimary",
    "servers": {
      "ac-ycssmpd-shard-00-00.tvw48ir.mongodb.net:27017": {
        "address": "ac-ycssmpd-shard-00-00.tvw48ir.mongodb.net:27017",
        "type": "Unknown",
        "hosts": [],
        "passives": [],
        "arbiters": [],
        "tags": {},
        "minWireVersion": 0,
        "maxWireVersion": 0,
        "roundTripTime": -1,
        "minRoundTripTime": 0,
        "lastUpdateTime": 623421813,
        "lastWriteDate": 0,
        "error": {
          "errorLabelSet": {},
          "beforeHandshake": false
        },
        "topologyVersion": null,
        "setName": null,
        "setVersion": null,
        "electionId": null,
        "logicalSessionTimeoutMinutes": null,
        "maxMessageSizeBytes": null,
        "maxWriteBatchSize": null,
        "maxBsonObjectSize": null,
        "primary": null,
        "me": null,
        "$clusterTime": null,
        "iscryptd": false
      },
      "ac-ycssmpd-shard-00-01.tvw48ir.mongodb.net:27017": {
        "address": "ac-ycssmpd-shard-00-01.tvw48ir.mongodb.net:27017",
        "type": "Unknown",
        "hosts": [],
        "passives": [],
        "arbiters": [],
        "tags": {},
        "minWireVersion": 0,
        "maxWireVersion": 0,
        "roundTripTime": -1,
        "minRoundTripTime": 0,
        "lastUpdateTime": 623421814,
        "lastWriteDate": 0,
        "error": {
          "errorLabelSet": {},
          "beforeHandshake": false
        },
        "topologyVersion": null,
        "setName": null,
        "setVersion": null,
        "electionId": null,
        "logicalSessionTimeoutMinutes": null,
        "maxMessageSizeBytes": null,
        "maxWriteBatchSize": null,
        "maxBsonObjectSize": null,
        "primary": null,
        "me": null,
        "$clusterTime": null,
        "iscryptd": false
      },
      "ac-ycssmpd-shard-00-02.tvw48ir.mongodb.net:27017": {
        "address": "ac-ycssmpd-shard-00-02.tvw48ir.mongodb.net:27017",
        "type": "Unknown",
        "hosts": [],
        "passives": [],
        "arbiters": [],
        "tags": {},
        "minWireVersion": 0,
        "maxWireVersion": 0,
        "roundTripTime": -1,
        "minRoundTripTime": 0,
        "lastUpdateTime": 623421815,
        "lastWriteDate": 0,
        "error": {
          "errorLabelSet": {},
          "beforeHandshake": false
        },
        "topologyVersion": null,
        "setName": null,
        "setVersion": null,
        "electionId": null,
        "logicalSessionTimeoutMinutes": null,
        "maxMessageSizeBytes": null,
        "maxWriteBatchSize": null,
        "maxBsonObjectSize": null,
        "primary": null,
        "me": null,
        "$clusterTime": null,
        "iscryptd": false
      }
    },
    "stale": false,
    "compatible": true,
    "heartbeatFrequencyMS": 10000,
    "localThresholdMS": 15,
    "setName": "atlas-ldvzrz-shard-0",
    "maxElectionId": {
      "$oid": "7fffffff0000000000000079"
    },
    "maxSetVersion": 34,
    "commonWireVersion": 0,
    "logicalSessionTimeoutMinutes": null
  },
  "cause": {
    "errorLabelSet": {},
    "beforeHandshake": false
  }
}
2026-04-11T17:34:04.115Z [error]: Authentication error:
2026-04-11T17:51:02.987Z [error]: Authentication error:
2026-04-11T21:30:43.011Z [error]: Authentication error:
2026-04-11T21:30:43.180Z [error]: Authentication error:
2026-04-11T21:31:00.466Z [error]: Authentication error:
2026-04-11T21:31:00.660Z [error]: Authentication error:
2026-04-13T05:53:01.467Z [error]: Cleanup stale presence error: connection <monitor> to 20.96.187.159:27017 timed out
MongoServerSelectionError: connection <monitor> to 20.96.187.159:27017 timed out
    at Topology.selectServer (C:\Users\LENOVO\OneDrive\Desktop\JWLovers\server\node_modules\mongodb\src\sdam\topology.ts:630:30)
    at tryOperation (C:\Users\LENOVO\OneDrive\Desktop\JWLovers\server\node_modules\mongodb\src\operations\execute_operation.ts:270:16)
    at executeOperation (C:\Users\LENOVO\OneDrive\Desktop\JWLovers\server\node_modules\mongodb\src\operations\execute_operation.ts:123:12)
    at FindCursor._initialize (C:\Users\LENOVO\OneDrive\Desktop\JWLovers\server\node_modules\mongodb\src\cursor\find_cursor.ts:92:22)
    at FindCursor.cursorInit (C:\Users\LENOVO\OneDrive\Desktop\JWLovers\server\node_modules\mongodb\src\cursor\abstract_cursor.ts:917:21)
    at FindCursor.fetchBatch (C:\Users\LENOVO\OneDrive\Desktop\JWLovers\server\node_modules\mongodb\src\cursor\abstract_cursor.ts:955:7)
    at FindCursor.next (C:\Users\LENOVO\OneDrive\Desktop\JWLovers\server\node_modules\mongodb\src\cursor\abstract_cursor.ts:573:9)
    at FindCursor.[Symbol.asyncIterator] (C:\Users\LENOVO\OneDrive\Desktop\JWLovers\server\node_modules\mongodb\src\cursor\abstract_cursor.ts:492:26)
    at FindCursor.toArray (C:\Users\LENOVO\OneDrive\Desktop\JWLovers\server\node_modules\mongodb\src\cursor\abstract_cursor.ts:661:22)
    at model.Query._find (C:\Users\LENOVO\OneDrive\Desktop\JWLovers\server\node_modules\mongoose\lib\query.js:2436:14)
{
  "errorLabelSet": {},
  "reason": {
    "type": "ReplicaSetNoPrimary",
    "servers": {
      "ac-ycssmpd-shard-00-01.tvw48ir.mongodb.net:27017": {
        "address": "ac-ycssmpd-shard-00-01.tvw48ir.mongodb.net:27017",
        "type": "Unknown",
        "hosts": [],
        "passives": [],
        "arbiters": [],
        "tags": {},
        "minWireVersion": 0,
        "maxWireVersion": 0,
        "roundTripTime": -1,
        "minRoundTripTime": 0,
        "lastUpdateTime": 6609456,
        "lastWriteDate": 0,
        "error": {
          "errorLabelSet": {},
          "beforeHandshake": false
        },
        "topologyVersion": null,
        "setName": null,
        "setVersion": null,
        "electionId": null,
        "logicalSessionTimeoutMinutes": null,
        "maxMessageSizeBytes": null,
        "maxWriteBatchSize": null,
        "maxBsonObjectSize": null,
        "primary": null,
        "me": null,
        "$clusterTime": null,
        "iscryptd": false
      },
      "ac-ycssmpd-shard-00-02.tvw48ir.mongodb.net:27017": {
        "address": "ac-ycssmpd-shard-00-02.tvw48ir.mongodb.net:27017",
        "type": "Unknown",
        "hosts": [],
        "passives": [],
        "arbiters": [],
        "tags": {},
        "minWireVersion": 0,
        "maxWireVersion": 0,
        "roundTripTime": -1,
        "minRoundTripTime": 0,
        "lastUpdateTime": 6608965,
        "lastWriteDate": 0,
        "error": {
          "errorLabelSet": {},
          "beforeHandshake": false
        },
        "topologyVersion": null,
        "setName": null,
        "setVersion": null,
        "electionId": null,
        "logicalSessionTimeoutMinutes": null,
        "maxMessageSizeBytes": null,
        "maxWriteBatchSize": null,
        "maxBsonObjectSize": null,
        "primary": null,
        "me": null,
        "$clusterTime": null,
        "iscryptd": false
      },
      "ac-ycssmpd-shard-00-00.tvw48ir.mongodb.net:27017": {
        "address": "ac-ycssmpd-shard-00-00.tvw48ir.mongodb.net:27017",
        "type": "Unknown",
        "hosts": [],
        "passives": [],
        "arbiters": [],
        "tags": {},
        "minWireVersion": 0,
        "maxWireVersion": 0,
        "roundTripTime": -1,
        "minRoundTripTime": 0,
        "lastUpdateTime": 6609447,
        "lastWriteDate": 0,
        "error": {
          "errorLabelSet": {},
          "beforeHandshake": false
        },
        "topologyVersion": null,
        "setName": null,
        "setVersion": null,
        "electionId": null,
        "logicalSessionTimeoutMinutes": null,
        "maxMessageSizeBytes": null,
        "maxWriteBatchSize": null,
        "maxBsonObjectSize": null,
        "primary": null,
        "me": null,
        "$clusterTime": null,
        "iscryptd": false
      }
    },
    "stale": false,
    "compatible": true,
    "heartbeatFrequencyMS": 10000,
    "localThresholdMS": 15,
    "setName": "atlas-ldvzrz-shard-0",
    "maxElectionId": {
      "$oid": "7fffffff0000000000000086"
    },
    "maxSetVersion": 34,
    "commonWireVersion": 0,
    "logicalSessionTimeoutMinutes": null
  },
  "cause": {
    "errorLabelSet": {},
    "beforeHandshake": false
  }
}
2026-04-13T08:00:10.501Z [error]: Authentication error:
2026-04-13T08:00:10.701Z [error]: Authentication error:
2026-04-13T08:03:41.958Z [error]: Authentication error:
2026-04-13T08:03:42.094Z [error]: Authentication error:
2026-04-13T08:54:22.634Z [error]: Mark user offline error: getaddrinfo ENOTFOUND ac-ycssmpd-shard-00-01.tvw48ir.mongodb.net
MongoServerSelectionError: getaddrinfo ENOTFOUND ac-ycssmpd-shard-00-01.tvw48ir.mongodb.net
    at Topology.selectServer (C:\Users\LENOVO\OneDrive\Desktop\JWLovers\server\node_modules\mongodb\src\sdam\topology.ts:630:30)
    at runNextTicks (node:internal/process/task_queues:65:5)
    at listOnTimeout (node:internal/timers:549:9)
    at processTimers (node:internal/timers:523:7)
    at tryOperation (C:\Users\LENOVO\OneDrive\Desktop\JWLovers\server\node_modules\mongodb\src\operations\execute_operation.ts:270:16)
    at executeOperation (C:\Users\LENOVO\OneDrive\Desktop\JWLovers\server\node_modules\mongodb\src\operations\execute_operation.ts:123:12)
    at FindCursor._initialize (C:\Users\LENOVO\OneDrive\Desktop\JWLovers\server\node_modules\mongodb\src\cursor\find_cursor.ts:92:22)
    at FindCursor.cursorInit (C:\Users\LENOVO\OneDrive\Desktop\JWLovers\server\node_modules\mongodb\src\cursor\abstract_cursor.ts:917:21)
    at FindCursor.fetchBatch (C:\Users\LENOVO\OneDrive\Desktop\JWLovers\server\node_modules\mongodb\src\cursor\abstract_cursor.ts:955:7)
    at FindCursor.next (C:\Users\LENOVO\OneDrive\Desktop\JWLovers\server\node_modules\mongodb\src\cursor\abstract_cursor.ts:573:9)
{
  "errorLabelSet": {},
  "reason": {
    "type": "ReplicaSetNoPrimary",
    "servers": {
      "ac-ycssmpd-shard-00-01.tvw48ir.mongodb.net:27017": {
        "address": "ac-ycssmpd-shard-00-01.tvw48ir.mongodb.net:27017",
        "type": "Unknown",
        "hosts": [],
        "passives": [],
        "arbiters": [],
        "tags": {},
        "minWireVersion": 0,
        "maxWireVersion": 0,
        "roundTripTime": -1,
        "minRoundTripTime": 0,
        "lastUpdateTime": 3792415,
        "lastWriteDate": 0,
        "error": {
          "errorLabelSet": {},
          "beforeHandshake": false
        },
        "topologyVersion": null,
        "setName": null,
        "setVersion": null,
        "electionId": null,
        "logicalSessionTimeoutMinutes": null,
        "maxMessageSizeBytes": null,
        "maxWriteBatchSize": null,
        "maxBsonObjectSize": null,
        "primary": null,
        "me": null,
        "$clusterTime": null,
        "iscryptd": false
      },
      "ac-ycssmpd-shard-00-02.tvw48ir.mongodb.net:27017": {
        "address": "ac-ycssmpd-shard-00-02.tvw48ir.mongodb.net:27017",
        "type": "Unknown",
        "hosts": [],
        "passives": [],
        "arbiters": [],
        "tags": {},
        "minWireVersion": 0,
        "maxWireVersion": 0,
        "roundTripTime": -1,
        "minRoundTripTime": 0,
        "lastUpdateTime": 3791497,
        "lastWriteDate": 0,
        "error": {
          "errorLabelSet": {},
          "beforeHandshake": false
        },
        "topologyVersion": null,
        "setName": null,
        "setVersion": null,
        "electionId": null,
        "logicalSessionTimeoutMinutes": null,
        "maxMessageSizeBytes": null,
        "maxWriteBatchSize": null,
        "maxBsonObjectSize": null,
        "primary": null,
        "me": null,
        "$clusterTime": null,
        "iscryptd": false
      },
      "ac-ycssmpd-shard-00-00.tvw48ir.mongodb.net:27017": {
        "address": "ac-ycssmpd-shard-00-00.tvw48ir.mongodb.net:27017",
        "type": "Unknown",
        "hosts": [],
        "passives": [],
        "arbiters": [],
        "tags": {},
        "minWireVersion": 0,
        "maxWireVersion": 0,
        "roundTripTime": -1,
        "minRoundTripTime": 0,
        "lastUpdateTime": 3792525,
        "lastWriteDate": 0,
        "error": {
          "errorLabelSet": {},
          "beforeHandshake": false
        },
        "topologyVersion": null,
        "setName": null,
        "setVersion": null,
        "electionId": null,
        "logicalSessionTimeoutMinutes": null,
        "maxMessageSizeBytes": null,
        "maxWriteBatchSize": null,
        "maxBsonObjectSize": null,
        "primary": null,
        "me": null,
        "$clusterTime": null,
        "iscryptd": false
      }
    },
    "stale": false,
    "compatible": true,
    "heartbeatFrequencyMS": 10000,
    "localThresholdMS": 15,
    "setName": "atlas-ldvzrz-shard-0",
    "maxElectionId": {
      "$oid": "7fffffff0000000000000086"
    },
    "maxSetVersion": 34,
    "commonWireVersion": 0,
    "logicalSessionTimeoutMinutes": null
  },
  "cause": {
    "errorLabelSet": {},
    "beforeHandshake": false
  }
}
2026-04-13T08:54:22.872Z [error]: Mark user offline error: getaddrinfo ENOTFOUND ac-ycssmpd-shard-00-01.tvw48ir.mongodb.net
MongoServerSelectionError: getaddrinfo ENOTFOUND ac-ycssmpd-shard-00-01.tvw48ir.mongodb.net
    at Topology.selectServer (C:\Users\LENOVO\OneDrive\Desktop\JWLovers\server\node_modules\mongodb\src\sdam\topology.ts:630:30)
    at runNextTicks (node:internal/process/task_queues:65:5)
    at listOnTimeout (node:internal/timers:549:9)
    at processTimers (node:internal/timers:523:7)
    at tryOperation (C:\Users\LENOVO\OneDrive\Desktop\JWLovers\server\node_modules\mongodb\src\operations\execute_operation.ts:270:16)
    at executeOperation (C:\Users\LENOVO\OneDrive\Desktop\JWLovers\server\node_modules\mongodb\src\operations\execute_operation.ts:123:12)
    at FindCursor._initialize (C:\Users\LENOVO\OneDrive\Desktop\JWLovers\server\node_modules\mongodb\src\cursor\find_cursor.ts:92:22)
    at FindCursor.cursorInit (C:\Users\LENOVO\OneDrive\Desktop\JWLovers\server\node_modules\mongodb\src\cursor\abstract_cursor.ts:917:21)
    at FindCursor.fetchBatch (C:\Users\LENOVO\OneDrive\Desktop\JWLovers\server\node_modules\mongodb\src\cursor\abstract_cursor.ts:955:7)
    at FindCursor.next (C:\Users\LENOVO\OneDrive\Desktop\JWLovers\server\node_modules\mongodb\src\cursor\abstract_cursor.ts:573:9)
{
  "errorLabelSet": {},
  "reason": {
    "type": "ReplicaSetNoPrimary",
    "servers": {
      "ac-ycssmpd-shard-00-01.tvw48ir.mongodb.net:27017": {
        "address": "ac-ycssmpd-shard-00-01.tvw48ir.mongodb.net:27017",
        "type": "Unknown",
        "hosts": [],
        "passives": [],
        "arbiters": [],
        "tags": {},
        "minWireVersion": 0,
        "maxWireVersion": 0,
        "roundTripTime": -1,
        "minRoundTripTime": 0,
        "lastUpdateTime": 3792415,
        "lastWriteDate": 0,
        "error": {
          "errorLabelSet": {},
          "beforeHandshake": false
        },
        "topologyVersion": null,
        "setName": null,
        "setVersion": null,
        "electionId": null,
        "logicalSessionTimeoutMinutes": null,
        "maxMessageSizeBytes": null,
        "maxWriteBatchSize": null,
        "maxBsonObjectSize": null,
        "primary": null,
        "me": null,
        "$clusterTime": null,
        "iscryptd": false
      },
      "ac-ycssmpd-shard-00-02.tvw48ir.mongodb.net:27017": {
        "address": "ac-ycssmpd-shard-00-02.tvw48ir.mongodb.net:27017",
        "type": "Unknown",
        "hosts": [],
        "passives": [],
        "arbiters": [],
        "tags": {},
        "minWireVersion": 0,
        "maxWireVersion": 0,
        "roundTripTime": -1,
        "minRoundTripTime": 0,
        "lastUpdateTime": 3791497,
        "lastWriteDate": 0,
        "error": {
          "errorLabelSet": {},
          "beforeHandshake": false
        },
        "topologyVersion": null,
        "setName": null,
        "setVersion": null,
        "electionId": null,
        "logicalSessionTimeoutMinutes": null,
        "maxMessageSizeBytes": null,
        "maxWriteBatchSize": null,
        "maxBsonObjectSize": null,
        "primary": null,
        "me": null,
        "$clusterTime": null,
        "iscryptd": false
      },
      "ac-ycssmpd-shard-00-00.tvw48ir.mongodb.net:27017": {
        "address": "ac-ycssmpd-shard-00-00.tvw48ir.mongodb.net:27017",
        "type": "Unknown",
        "hosts": [],
        "passives": [],
        "arbiters": [],
        "tags": {},
        "minWireVersion": 0,
        "maxWireVersion": 0,
        "roundTripTime": -1,
        "minRoundTripTime": 0,
        "lastUpdateTime": 3792525,
        "lastWriteDate": 0,
        "error": {
          "errorLabelSet": {},
          "beforeHandshake": false
        },
        "topologyVersion": null,
        "setName": null,
        "setVersion": null,
        "electionId": null,
        "logicalSessionTimeoutMinutes": null,
        "maxMessageSizeBytes": null,
        "maxWriteBatchSize": null,
        "maxBsonObjectSize": null,
        "primary": null,
        "me": null,
        "$clusterTime": null,
        "iscryptd": false
      }
    },
    "stale": false,
    "compatible": true,
    "heartbeatFrequencyMS": 10000,
    "localThresholdMS": 15,
    "setName": "atlas-ldvzrz-shard-0",
    "maxElectionId": {
      "$oid": "7fffffff0000000000000086"
    },
    "maxSetVersion": 34,
    "commonWireVersion": 0,
    "logicalSessionTimeoutMinutes": null
  },
  "cause": {
    "errorLabelSet": {},
    "beforeHandshake": false
  }
}
2026-04-13T08:54:23.056Z [error]: Cleanup stale presence error: getaddrinfo ENOTFOUND ac-ycssmpd-shard-00-01.tvw48ir.mongodb.net
MongoServerSelectionError: getaddrinfo ENOTFOUND ac-ycssmpd-shard-00-01.tvw48ir.mongodb.net
    at Topology.selectServer (C:\Users\LENOVO\OneDrive\Desktop\JWLovers\server\node_modules\mongodb\src\sdam\topology.ts:630:30)
    at tryOperation (C:\Users\LENOVO\OneDrive\Desktop\JWLovers\server\node_modules\mongodb\src\operations\execute_operation.ts:270:16)
    at executeOperation (C:\Users\LENOVO\OneDrive\Desktop\JWLovers\server\node_modules\mongodb\src\operations\execute_operation.ts:123:12)
    at FindCursor._initialize (C:\Users\LENOVO\OneDrive\Desktop\JWLovers\server\node_modules\mongodb\src\cursor\find_cursor.ts:92:22)
    at FindCursor.cursorInit (C:\Users\LENOVO\OneDrive\Desktop\JWLovers\server\node_modules\mongodb\src\cursor\abstract_cursor.ts:917:21)
    at FindCursor.fetchBatch (C:\Users\LENOVO\OneDrive\Desktop\JWLovers\server\node_modules\mongodb\src\cursor\abstract_cursor.ts:955:7)
    at FindCursor.next (C:\Users\LENOVO\OneDrive\Desktop\JWLovers\server\node_modules\mongodb\src\cursor\abstract_cursor.ts:573:9)
    at FindCursor.[Symbol.asyncIterator] (C:\Users\LENOVO\OneDrive\Desktop\JWLovers\server\node_modules\mongodb\src\cursor\abstract_cursor.ts:492:26)
    at FindCursor.toArray (C:\Users\LENOVO\OneDrive\Desktop\JWLovers\server\node_modules\mongodb\src\cursor\abstract_cursor.ts:661:22)
    at model.Query._find (C:\Users\LENOVO\OneDrive\Desktop\JWLovers\server\node_modules\mongoose\lib\query.js:2436:14)
{
  "errorLabelSet": {},
  "reason": {
    "type": "ReplicaSetNoPrimary",
    "servers": {
      "ac-ycssmpd-shard-00-01.tvw48ir.mongodb.net:27017": {
        "address": "ac-ycssmpd-shard-00-01.tvw48ir.mongodb.net:27017",
        "type": "Unknown",
        "hosts": [],
        "passives": [],
        "arbiters": [],
        "tags": {},
        "minWireVersion": 0,
        "maxWireVersion": 0,
        "roundTripTime": -1,
        "minRoundTripTime": 0,
        "lastUpdateTime": 3792415,
        "lastWriteDate": 0,
        "error": {
          "errorLabelSet": {},
          "beforeHandshake": false
        },
        "topologyVersion": null,
        "setName": null,
        "setVersion": null,
        "electionId": null,
        "logicalSessionTimeoutMinutes": null,
        "maxMessageSizeBytes": null,
        "maxWriteBatchSize": null,
        "maxBsonObjectSize": null,
        "primary": null,
        "me": null,
        "$clusterTime": null,
        "iscryptd": false
      },
      "ac-ycssmpd-shard-00-02.tvw48ir.mongodb.net:27017": {
        "address": "ac-ycssmpd-shard-00-02.tvw48ir.mongodb.net:27017",
        "type": "Unknown",
        "hosts": [],
        "passives": [],
        "arbiters": [],
        "tags": {},
        "minWireVersion": 0,
        "maxWireVersion": 0,
        "roundTripTime": -1,
        "minRoundTripTime": 0,
        "lastUpdateTime": 3791497,
        "lastWriteDate": 0,
        "error": {
          "errorLabelSet": {},
          "beforeHandshake": false
        },
        "topologyVersion": null,
        "setName": null,
        "setVersion": null,
        "electionId": null,
        "logicalSessionTimeoutMinutes": null,
        "maxMessageSizeBytes": null,
        "maxWriteBatchSize": null,
        "maxBsonObjectSize": null,
        "primary": null,
        "me": null,
        "$clusterTime": null,
        "iscryptd": false
      },
      "ac-ycssmpd-shard-00-00.tvw48ir.mongodb.net:27017": {
        "address": "ac-ycssmpd-shard-00-00.tvw48ir.mongodb.net:27017",
        "type": "Unknown",
        "hosts": [],
        "passives": [],
        "arbiters": [],
        "tags": {},
        "minWireVersion": 0,
        "maxWireVersion": 0,
        "roundTripTime": -1,
        "minRoundTripTime": 0,
        "lastUpdateTime": 3792525,
        "lastWriteDate": 0,
        "error": {
          "errorLabelSet": {},
          "beforeHandshake": false
        },
        "topologyVersion": null,
        "setName": null,
        "setVersion": null,
        "electionId": null,
        "logicalSessionTimeoutMinutes": null,
        "maxMessageSizeBytes": null,
        "maxWriteBatchSize": null,
        "maxBsonObjectSize": null,
        "primary": null,
        "me": null,
        "$clusterTime": null,
        "iscryptd": false
      }
    },
    "stale": false,
    "compatible": true,
    "heartbeatFrequencyMS": 10000,
    "localThresholdMS": 15,
    "setName": "atlas-ldvzrz-shard-0",
    "maxElectionId": {
      "$oid": "7fffffff0000000000000086"
    },
    "maxSetVersion": 34,
    "commonWireVersion": 0,
    "logicalSessionTimeoutMinutes": null
  },
  "cause": {
    "errorLabelSet": {},
    "beforeHandshake": false
  }
}
2026-04-13T11:36:26.400Z [error]: Cleanup stale presence error: getaddrinfo ENOTFOUND ac-ycssmpd-shard-00-01.tvw48ir.mongodb.net
MongoServerSelectionError: getaddrinfo ENOTFOUND ac-ycssmpd-shard-00-01.tvw48ir.mongodb.net
    at Topology.selectServer (C:\Users\LENOVO\OneDrive\Desktop\JWLovers\server\node_modules\mongodb\src\sdam\topology.ts:630:30)
    at tryOperation (C:\Users\LENOVO\OneDrive\Desktop\JWLovers\server\node_modules\mongodb\src\operations\execute_operation.ts:206:16)
    at executeOperation (C:\Users\LENOVO\OneDrive\Desktop\JWLovers\server\node_modules\mongodb\src\operations\execute_operation.ts:123:12)
    at FindCursor._initialize (C:\Users\LENOVO\OneDrive\Desktop\JWLovers\server\node_modules\mongodb\src\cursor\find_cursor.ts:92:22)
    at FindCursor.cursorInit (C:\Users\LENOVO\OneDrive\Desktop\JWLovers\server\node_modules\mongodb\src\cursor\abstract_cursor.ts:917:21)
    at FindCursor.fetchBatch (C:\Users\LENOVO\OneDrive\Desktop\JWLovers\server\node_modules\mongodb\src\cursor\abstract_cursor.ts:955:7)
    at FindCursor.next (C:\Users\LENOVO\OneDrive\Desktop\JWLovers\server\node_modules\mongodb\src\cursor\abstract_cursor.ts:573:9)
    at FindCursor.[Symbol.asyncIterator] (C:\Users\LENOVO\OneDrive\Desktop\JWLovers\server\node_modules\mongodb\src\cursor\abstract_cursor.ts:492:26)
    at FindCursor.toArray (C:\Users\LENOVO\OneDrive\Desktop\JWLovers\server\node_modules\mongodb\src\cursor\abstract_cursor.ts:661:22)
    at model.Query._find (C:\Users\LENOVO\OneDrive\Desktop\JWLovers\server\node_modules\mongoose\lib\query.js:2436:14)
{
  "errorLabelSet": {},
  "reason": {
    "type": "ReplicaSetNoPrimary",
    "servers": {
      "ac-ycssmpd-shard-00-01.tvw48ir.mongodb.net:27017": {
        "address": "ac-ycssmpd-shard-00-01.tvw48ir.mongodb.net:27017",
        "type": "Unknown",
        "hosts": [],
        "passives": [],
        "arbiters": [],
        "tags": {},
        "minWireVersion": 0,
        "maxWireVersion": 0,
        "roundTripTime": -1,
        "minRoundTripTime": 0,
        "lastUpdateTime": 13519220,
        "lastWriteDate": 0,
        "error": {
          "errorLabelSet": {},
          "beforeHandshake": false
        },
        "topologyVersion": null,
        "setName": null,
        "setVersion": null,
        "electionId": null,
        "logicalSessionTimeoutMinutes": null,
        "maxMessageSizeBytes": null,
        "maxWriteBatchSize": null,
        "maxBsonObjectSize": null,
        "primary": null,
        "me": null,
        "$clusterTime": null,
        "iscryptd": false
      },
      "ac-ycssmpd-shard-00-02.tvw48ir.mongodb.net:27017": {
        "address": "ac-ycssmpd-shard-00-02.tvw48ir.mongodb.net:27017",
        "type": "Unknown",
        "hosts": [],
        "passives": [],
        "arbiters": [],
        "tags": {},
        "minWireVersion": 0,
        "maxWireVersion": 0,
        "roundTripTime": -1,
        "minRoundTripTime": 0,
        "lastUpdateTime": 13519446,
        "lastWriteDate": 0,
        "error": {
          "errorLabelSet": {},
          "beforeHandshake": false
        },
        "topologyVersion": null,
        "setName": null,
        "setVersion": null,
        "electionId": null,
        "logicalSessionTimeoutMinutes": null,
        "maxMessageSizeBytes": null,
        "maxWriteBatchSize": null,
        "maxBsonObjectSize": null,
        "primary": null,
        "me": null,
        "$clusterTime": null,
        "iscryptd": false
      },
      "ac-ycssmpd-shard-00-00.tvw48ir.mongodb.net:27017": {
        "address": "ac-ycssmpd-shard-00-00.tvw48ir.mongodb.net:27017",
        "type": "Unknown",
        "hosts": [],
        "passives": [],
        "arbiters": [],
        "tags": {},
        "minWireVersion": 0,
        "maxWireVersion": 0,
        "roundTripTime": -1,
        "minRoundTripTime": 0,
        "lastUpdateTime": 13519221,
        "lastWriteDate": 0,
        "error": {
          "errorLabelSet": {},
          "beforeHandshake": false
        },
        "topologyVersion": null,
        "setName": null,
        "setVersion": null,
        "electionId": null,
        "logicalSessionTimeoutMinutes": null,
        "maxMessageSizeBytes": null,
        "maxWriteBatchSize": null,
        "maxBsonObjectSize": null,
        "primary": null,
        "me": null,
        "$clusterTime": null,
        "iscryptd": false
      }
    },
    "stale": false,
    "compatible": true,
    "heartbeatFrequencyMS": 10000,
    "localThresholdMS": 15,
    "setName": "atlas-ldvzrz-shard-0",
    "maxElectionId": {
      "$oid": "7fffffff0000000000000086"
    },
    "maxSetVersion": 34,
    "commonWireVersion": 0,
    "logicalSessionTimeoutMinutes": null
  },
  "cause": {
    "errorLabelSet": {},
    "beforeHandshake": false
  }
}
2026-04-13T11:46:19.184Z [error]: Authentication error:
2026-04-13T11:46:20.211Z [error]: Authentication error:
2026-04-13T16:48:30.135Z [error]: Cleanup stale presence error: getaddrinfo ENOTFOUND ac-ycssmpd-shard-00-01.tvw48ir.mongodb.net
MongoServerSelectionError: getaddrinfo ENOTFOUND ac-ycssmpd-shard-00-01.tvw48ir.mongodb.net
    at Topology.selectServer (C:\Users\LENOVO\OneDrive\Desktop\JWLovers\server\node_modules\mongodb\src\sdam\topology.ts:630:30)
    at tryOperation (C:\Users\LENOVO\OneDrive\Desktop\JWLovers\server\node_modules\mongodb\src\operations\execute_operation.ts:206:16)
    at executeOperation (C:\Users\LENOVO\OneDrive\Desktop\JWLovers\server\node_modules\mongodb\src\operations\execute_operation.ts:123:12)
    at FindCursor._initialize (C:\Users\LENOVO\OneDrive\Desktop\JWLovers\server\node_modules\mongodb\src\cursor\find_cursor.ts:92:22)
    at FindCursor.cursorInit (C:\Users\LENOVO\OneDrive\Desktop\JWLovers\server\node_modules\mongodb\src\cursor\abstract_cursor.ts:917:21)
    at FindCursor.fetchBatch (C:\Users\LENOVO\OneDrive\Desktop\JWLovers\server\node_modules\mongodb\src\cursor\abstract_cursor.ts:955:7)
    at FindCursor.next (C:\Users\LENOVO\OneDrive\Desktop\JWLovers\server\node_modules\mongodb\src\cursor\abstract_cursor.ts:573:9)
    at FindCursor.[Symbol.asyncIterator] (C:\Users\LENOVO\OneDrive\Desktop\JWLovers\server\node_modules\mongodb\src\cursor\abstract_cursor.ts:492:26)
    at FindCursor.toArray (C:\Users\LENOVO\OneDrive\Desktop\JWLovers\server\node_modules\mongodb\src\cursor\abstract_cursor.ts:661:22)
    at model.Query._find (C:\Users\LENOVO\OneDrive\Desktop\JWLovers\server\node_modules\mongoose\lib\query.js:2436:14)
{
  "errorLabelSet": {},
  "reason": {
    "type": "ReplicaSetNoPrimary",
    "servers": {
      "ac-ycssmpd-shard-00-01.tvw48ir.mongodb.net:27017": {
        "address": "ac-ycssmpd-shard-00-01.tvw48ir.mongodb.net:27017",
        "type": "Unknown",
        "hosts": [],
        "passives": [],
        "arbiters": [],
        "tags": {},
        "minWireVersion": 0,
        "maxWireVersion": 0,
        "roundTripTime": -1,
        "minRoundTripTime": 0,
        "lastUpdateTime": 32243089,
        "lastWriteDate": 0,
        "error": {
          "errorLabelSet": {},
          "beforeHandshake": false
        },
        "topologyVersion": null,
        "setName": null,
        "setVersion": null,
        "electionId": null,
        "logicalSessionTimeoutMinutes": null,
        "maxMessageSizeBytes": null,
        "maxWriteBatchSize": null,
        "maxBsonObjectSize": null,
        "primary": null,
        "me": null,
        "$clusterTime": null,
        "iscryptd": false
      },
      "ac-ycssmpd-shard-00-02.tvw48ir.mongodb.net:27017": {
        "address": "ac-ycssmpd-shard-00-02.tvw48ir.mongodb.net:27017",
        "type": "Unknown",
        "hosts": [],
        "passives": [],
        "arbiters": [],
        "tags": {},
        "minWireVersion": 0,
        "maxWireVersion": 0,
        "roundTripTime": -1,
        "minRoundTripTime": 0,
        "lastUpdateTime": 32243086,
        "lastWriteDate": 0,
        "error": {
          "errorLabelSet": {},
          "beforeHandshake": false
        },
        "topologyVersion": null,
        "setName": null,
        "setVersion": null,
        "electionId": null,
        "logicalSessionTimeoutMinutes": null,
        "maxMessageSizeBytes": null,
        "maxWriteBatchSize": null,
        "maxBsonObjectSize": null,
        "primary": null,
        "me": null,
        "$clusterTime": null,
        "iscryptd": false
      },
      "ac-ycssmpd-shard-00-00.tvw48ir.mongodb.net:27017": {
        "address": "ac-ycssmpd-shard-00-00.tvw48ir.mongodb.net:27017",
        "type": "Unknown",
        "hosts": [],
        "passives": [],
        "arbiters": [],
        "tags": {},
        "minWireVersion": 0,
        "maxWireVersion": 0,
        "roundTripTime": -1,
        "minRoundTripTime": 0,
        "lastUpdateTime": 32243101,
        "lastWriteDate": 0,
        "error": {
          "errorLabelSet": {},
          "beforeHandshake": false
        },
        "topologyVersion": null,
        "setName": null,
        "setVersion": null,
        "electionId": null,
        "logicalSessionTimeoutMinutes": null,
        "maxMessageSizeBytes": null,
        "maxWriteBatchSize": null,
        "maxBsonObjectSize": null,
        "primary": null,
        "me": null,
        "$clusterTime": null,
        "iscryptd": false
      }
    },
    "stale": false,
    "compatible": true,
    "heartbeatFrequencyMS": 10000,
    "localThresholdMS": 15,
    "setName": "atlas-ldvzrz-shard-0",
    "maxElectionId": {
      "$oid": "7fffffff0000000000000086"
    },
    "maxSetVersion": 34,
    "commonWireVersion": 0,
    "logicalSessionTimeoutMinutes": null
  },
  "cause": {
    "errorLabelSet": {},
    "beforeHandshake": false
  }
}
2026-04-14T01:09:47.881Z [error]: Cleanup stale presence error: Connection to ac-ycssmpd-shard-00-01.tvw48ir.mongodb.net:27017 interrupted due to server monitor timeout
PoolClearedOnNetworkError: Connection to ac-ycssmpd-shard-00-01.tvw48ir.mongodb.net:27017 interrupted due to server monitor timeout
    at ConnectionPool.interruptInUseConnections (C:\Users\LENOVO\OneDrive\Desktop\JWLovers\server\node_modules\mongodb\src\cmap\connection_pool.ts:478:28)
    at C:\Users\LENOVO\OneDrive\Desktop\JWLovers\server\node_modules\mongodb\src\cmap\connection_pool.ts:464:35
    at processTicksAndRejections (node:internal/process/task_queues:85:11)
    at runNextTicks (node:internal/process/task_queues:69:3)
    at processTimers (node:internal/timers:520:9)
{
  "errorLabelSet": {},
  "beforeHandshake": false,
  "address": "ac-ycssmpd-shard-00-01.tvw48ir.mongodb.net:27017",
  "cause": {
    "errorLabelSet": {},
    "beforeHandshake": false
  }
}
2026-04-14T01:09:53.773Z [error]: Cleanup stale presence error: connection <monitor> to 20.96.187.159:27017 timed out
MongoServerSelectionError: connection <monitor> to 20.96.187.159:27017 timed out
    at Topology.selectServer (C:\Users\LENOVO\OneDrive\Desktop\JWLovers\server\node_modules\mongodb\src\sdam\topology.ts:630:30)
    at tryOperation (C:\Users\LENOVO\OneDrive\Desktop\JWLovers\server\node_modules\mongodb\src\operations\execute_operation.ts:270:16)
    at executeOperation (C:\Users\LENOVO\OneDrive\Desktop\JWLovers\server\node_modules\mongodb\src\operations\execute_operation.ts:123:12)
    at FindCursor._initialize (C:\Users\LENOVO\OneDrive\Desktop\JWLovers\server\node_modules\mongodb\src\cursor\find_cursor.ts:92:22)
    at FindCursor.cursorInit (C:\Users\LENOVO\OneDrive\Desktop\JWLovers\server\node_modules\mongodb\src\cursor\abstract_cursor.ts:917:21)
    at FindCursor.fetchBatch (C:\Users\LENOVO\OneDrive\Desktop\JWLovers\server\node_modules\mongodb\src\cursor\abstract_cursor.ts:955:7)
    at FindCursor.next (C:\Users\LENOVO\OneDrive\Desktop\JWLovers\server\node_modules\mongodb\src\cursor\abstract_cursor.ts:573:9)
    at FindCursor.[Symbol.asyncIterator] (C:\Users\LENOVO\OneDrive\Desktop\JWLovers\server\node_modules\mongodb\src\cursor\abstract_cursor.ts:492:26)
    at FindCursor.toArray (C:\Users\LENOVO\OneDrive\Desktop\JWLovers\server\node_modules\mongodb\src\cursor\abstract_cursor.ts:661:22)
    at model.Query._find (C:\Users\LENOVO\OneDrive\Desktop\JWLovers\server\node_modules\mongoose\lib\query.js:2436:14)
{
  "errorLabelSet": {},
  "reason": {
    "type": "ReplicaSetNoPrimary",
    "servers": {
      "ac-ycssmpd-shard-00-01.tvw48ir.mongodb.net:27017": {
        "address": "ac-ycssmpd-shard-00-01.tvw48ir.mongodb.net:27017",
        "type": "Unknown",
        "hosts": [],
        "passives": [],
        "arbiters": [],
        "tags": {},
        "minWireVersion": 0,
        "maxWireVersion": 0,
        "roundTripTime": -1,
        "minRoundTripTime": 0,
        "lastUpdateTime": 62319748,
        "lastWriteDate": 0,
        "error": {
          "errorLabelSet": {},
          "beforeHandshake": false
        },
        "topologyVersion": null,
        "setName": null,
        "setVersion": null,
        "electionId": null,
        "logicalSessionTimeoutMinutes": null,
        "maxMessageSizeBytes": null,
        "maxWriteBatchSize": null,
        "maxBsonObjectSize": null,
        "primary": null,
        "me": null,
        "$clusterTime": null,
        "iscryptd": false
      },
      "ac-ycssmpd-shard-00-02.tvw48ir.mongodb.net:27017": {
        "address": "ac-ycssmpd-shard-00-02.tvw48ir.mongodb.net:27017",
        "type": "Unknown",
        "hosts": [],
        "passives": [],
        "arbiters": [],
        "tags": {},
        "minWireVersion": 0,
        "maxWireVersion": 0,
        "roundTripTime": -1,
        "minRoundTripTime": 0,
        "lastUpdateTime": 62313436,
        "lastWriteDate": 0,
        "error": {
          "errorLabelSet": {},
          "beforeHandshake": false
        },
        "topologyVersion": null,
        "setName": null,
        "setVersion": null,
        "electionId": null,
        "logicalSessionTimeoutMinutes": null,
        "maxMessageSizeBytes": null,
        "maxWriteBatchSize": null,
        "maxBsonObjectSize": null,
        "primary": null,
        "me": null,
        "$clusterTime": null,
        "iscryptd": false
      },
      "ac-ycssmpd-shard-00-00.tvw48ir.mongodb.net:27017": {
        "address": "ac-ycssmpd-shard-00-00.tvw48ir.mongodb.net:27017",
        "type": "Unknown",
        "hosts": [],
        "passives": [],
        "arbiters": [],
        "tags": {},
        "minWireVersion": 0,
        "maxWireVersion": 0,
        "roundTripTime": -1,
        "minRoundTripTime": 0,
        "lastUpdateTime": 62319694,
        "lastWriteDate": 0,
        "error": {
          "errorLabelSet": {},
          "beforeHandshake": false
        },
        "topologyVersion": null,
        "setName": null,
        "setVersion": null,
        "electionId": null,
        "logicalSessionTimeoutMinutes": null,
        "maxMessageSizeBytes": null,
        "maxWriteBatchSize": null,
        "maxBsonObjectSize": null,
        "primary": null,
        "me": null,
        "$clusterTime": null,
        "iscryptd": false
      }
    },
    "stale": false,
    "compatible": true,
    "heartbeatFrequencyMS": 10000,
    "localThresholdMS": 15,
    "setName": "atlas-ldvzrz-shard-0",
    "maxElectionId": {
      "$oid": "7fffffff0000000000000086"
    },
    "maxSetVersion": 34,
    "commonWireVersion": 0,
    "logicalSessionTimeoutMinutes": null
  },
  "cause": {
    "errorLabelSet": {},
    "beforeHandshake": false
  }
}
2026-04-14T02:47:51.207Z [error]: Cleanup stale presence error: connection <monitor> to 20.96.187.159:27017 timed out
MongoServerSelectionError: connection <monitor> to 20.96.187.159:27017 timed out
    at Topology.selectServer (C:\Users\LENOVO\OneDrive\Desktop\JWLovers\server\node_modules\mongodb\src\sdam\topology.ts:630:30)
    at tryOperation (C:\Users\LENOVO\OneDrive\Desktop\JWLovers\server\node_modules\mongodb\src\operations\execute_operation.ts:270:16)
    at executeOperation (C:\Users\LENOVO\OneDrive\Desktop\JWLovers\server\node_modules\mongodb\src\operations\execute_operation.ts:123:12)
    at FindCursor._initialize (C:\Users\LENOVO\OneDrive\Desktop\JWLovers\server\node_modules\mongodb\src\cursor\find_cursor.ts:92:22)
    at FindCursor.cursorInit (C:\Users\LENOVO\OneDrive\Desktop\JWLovers\server\node_modules\mongodb\src\cursor\abstract_cursor.ts:917:21)
    at FindCursor.fetchBatch (C:\Users\LENOVO\OneDrive\Desktop\JWLovers\server\node_modules\mongodb\src\cursor\abstract_cursor.ts:955:7)
    at FindCursor.next (C:\Users\LENOVO\OneDrive\Desktop\JWLovers\server\node_modules\mongodb\src\cursor\abstract_cursor.ts:573:9)
    at FindCursor.[Symbol.asyncIterator] (C:\Users\LENOVO\OneDrive\Desktop\JWLovers\server\node_modules\mongodb\src\cursor\abstract_cursor.ts:492:26)
    at FindCursor.toArray (C:\Users\LENOVO\OneDrive\Desktop\JWLovers\server\node_modules\mongodb\src\cursor\abstract_cursor.ts:661:22)
    at model.Query._find (C:\Users\LENOVO\OneDrive\Desktop\JWLovers\server\node_modules\mongoose\lib\query.js:2436:14)
{
  "errorLabelSet": {},
  "reason": {
    "type": "ReplicaSetNoPrimary",
    "servers": {
      "ac-ycssmpd-shard-00-01.tvw48ir.mongodb.net:27017": {
        "address": "ac-ycssmpd-shard-00-01.tvw48ir.mongodb.net:27017",
        "type": "Unknown",
        "hosts": [],
        "passives": [],
        "arbiters": [],
        "tags": {},
        "minWireVersion": 0,
        "maxWireVersion": 0,
        "roundTripTime": -1,
        "minRoundTripTime": 0,
        "lastUpdateTime": 68199485,
        "lastWriteDate": 0,
        "error": {
          "errorLabelSet": {},
          "beforeHandshake": false
        },
        "topologyVersion": null,
        "setName": null,
        "setVersion": null,
        "electionId": null,
        "logicalSessionTimeoutMinutes": null,
        "maxMessageSizeBytes": null,
        "maxWriteBatchSize": null,
        "maxBsonObjectSize": null,
        "primary": null,
        "me": null,
        "$clusterTime": null,
        "iscryptd": false
      },
      "ac-ycssmpd-shard-00-02.tvw48ir.mongodb.net:27017": {
        "address": "ac-ycssmpd-shard-00-02.tvw48ir.mongodb.net:27017",
        "type": "RSSecondary",
        "hosts": [
          "ac-ycssmpd-shard-00-00.tvw48ir.mongodb.net:27017",
          "ac-ycssmpd-shard-00-01.tvw48ir.mongodb.net:27017",
          "ac-ycssmpd-shard-00-02.tvw48ir.mongodb.net:27017"
        ],
        "passives": [],
        "arbiters": [],
        "tags": {
          "diskState": "READY",
          "nodeType": "ELECTABLE",
          "provider": "AZURE",
          "region": "US_EAST_2",
          "workloadType": "OPERATIONAL",
          "availabilityZone": "3"
        },
        "minWireVersion": 0,
        "maxWireVersion": 25,
        "roundTripTime": 242.4,
        "minRoundTripTime": 182,
        "lastUpdateTime": 68204436,
        "lastWriteDate": {
          "$date": "2026-04-14T02:47:47Z"
        },
        "error": null,
        "topologyVersion": {
          "processId": {
            "$oid": "69da83f2d6a65e8ae1e0269f"
          },
          "counter": 3
        },
        "setName": "atlas-ldvzrz-shard-0",
        "setVersion": 34,
        "electionId": null,
        "logicalSessionTimeoutMinutes": 30,
        "maxMessageSizeBytes": 48000000,
        "maxWriteBatchSize": 100000,
        "maxBsonObjectSize": 16777216,
        "primary": "ac-ycssmpd-shard-00-01.tvw48ir.mongodb.net:27017",
        "me": "ac-ycssmpd-shard-00-02.tvw48ir.mongodb.net:27017",
        "$clusterTime": {
          "clusterTime": {
            "$timestamp": {
              "t": 1776134867,
              "i": 1
            }
          },
          "signature": {
            "hash": {
              "0": 174,
              "1": 206,
              "2": 218,
              "3": 113,
              "4": 233,
              "5": 178,
              "6": 123,
              "7": 111,
              "8": 246,
              "9": 194,
              "10": 168,
              "11": 141,
              "12": 25,
              "13": 212,
              "14": 247,
              "15": 143,
              "16": 175,
              "17": 245,
              "18": 128,
              "19": 125
            },
            "keyId": 7595688910387151000
          }
        },
        "iscryptd": false
      },
      "ac-ycssmpd-shard-00-00.tvw48ir.mongodb.net:27017": {
        "address": "ac-ycssmpd-shard-00-00.tvw48ir.mongodb.net:27017",
        "type": "Unknown",
        "hosts": [],
        "passives": [],
        "arbiters": [],
        "tags": {},
        "minWireVersion": 0,
        "maxWireVersion": 0,
        "roundTripTime": -1,
        "minRoundTripTime": 0,
        "lastUpdateTime": 68199487,
        "lastWriteDate": 0,
        "error": {
          "errorLabelSet": {},
          "beforeHandshake": false
        },
        "topologyVersion": null,
        "setName": null,
        "setVersion": null,
        "electionId": null,
        "logicalSessionTimeoutMinutes": null,
        "maxMessageSizeBytes": null,
        "maxWriteBatchSize": null,
        "maxBsonObjectSize": null,
        "primary": null,
        "me": null,
        "$clusterTime": null,
        "iscryptd": false
      }
    },
    "stale": false,
    "compatible": true,
    "heartbeatFrequencyMS": 10000,
    "localThresholdMS": 15,
    "setName": "atlas-ldvzrz-shard-0",
    "maxElectionId": {
      "$oid": "7fffffff0000000000000086"
    },
    "maxSetVersion": 34,
    "commonWireVersion": 0,
    "logicalSessionTimeoutMinutes": 30
  },
  "cause": {
    "errorLabelSet": {},
    "beforeHandshake": false
  }
}
2026-04-14T03:20:28.495Z [error]: Cleanup stale presence error: connection <monitor> to 20.96.187.159:27017 timed out
MongoServerSelectionError: connection <monitor> to 20.96.187.159:27017 timed out
    at Topology.selectServer (C:\Users\LENOVO\OneDrive\Desktop\JWLovers\server\node_modules\mongodb\src\sdam\topology.ts:630:30)
    at runNextTicks (node:internal/process/task_queues:65:5)
    at listOnTimeout (node:internal/timers:549:9)
    at processTimers (node:internal/timers:523:7)
    at tryOperation (C:\Users\LENOVO\OneDrive\Desktop\JWLovers\server\node_modules\mongodb\src\operations\execute_operation.ts:270:16)
    at executeOperation (C:\Users\LENOVO\OneDrive\Desktop\JWLovers\server\node_modules\mongodb\src\operations\execute_operation.ts:123:12)
    at FindCursor._initialize (C:\Users\LENOVO\OneDrive\Desktop\JWLovers\server\node_modules\mongodb\src\cursor\find_cursor.ts:92:22)
    at FindCursor.cursorInit (C:\Users\LENOVO\OneDrive\Desktop\JWLovers\server\node_modules\mongodb\src\cursor\abstract_cursor.ts:917:21)
    at FindCursor.fetchBatch (C:\Users\LENOVO\OneDrive\Desktop\JWLovers\server\node_modules\mongodb\src\cursor\abstract_cursor.ts:955:7)
    at FindCursor.next (C:\Users\LENOVO\OneDrive\Desktop\JWLovers\server\node_modules\mongodb\src\cursor\abstract_cursor.ts:573:9)
{
  "errorLabelSet": {},
  "reason": {
    "type": "ReplicaSetNoPrimary",
    "servers": {
      "ac-ycssmpd-shard-00-01.tvw48ir.mongodb.net:27017": {
        "address": "ac-ycssmpd-shard-00-01.tvw48ir.mongodb.net:27017",
        "type": "Unknown",
        "hosts": [],
        "passives": [],
        "arbiters": [],
        "tags": {},
        "minWireVersion": 0,
        "maxWireVersion": 0,
        "roundTripTime": -1,
        "minRoundTripTime": 0,
        "lastUpdateTime": 70156765,
        "lastWriteDate": 0,
        "error": {
          "errorLabelSet": {},
          "beforeHandshake": false
        },
        "topologyVersion": null,
        "setName": null,
        "setVersion": null,
        "electionId": null,
        "logicalSessionTimeoutMinutes": null,
        "maxMessageSizeBytes": null,
        "maxWriteBatchSize": null,
        "maxBsonObjectSize": null,
        "primary": null,
        "me": null,
        "$clusterTime": null,
        "iscryptd": false
      },
      "ac-ycssmpd-shard-00-02.tvw48ir.mongodb.net:27017": {
        "address": "ac-ycssmpd-shard-00-02.tvw48ir.mongodb.net:27017",
        "type": "Unknown",
        "hosts": [],
        "passives": [],
        "arbiters": [],
        "tags": {},
        "minWireVersion": 0,
        "maxWireVersion": 0,
        "roundTripTime": -1,
        "minRoundTripTime": 0,
        "lastUpdateTime": 70157073,
        "lastWriteDate": 0,
        "error": {
          "errorLabelSet": {},
          "beforeHandshake": false
        },
        "topologyVersion": null,
        "setName": null,
        "setVersion": null,
        "electionId": null,
        "logicalSessionTimeoutMinutes": null,
        "maxMessageSizeBytes": null,
        "maxWriteBatchSize": null,
        "maxBsonObjectSize": null,
        "primary": null,
        "me": null,
        "$clusterTime": null,
        "iscryptd": false
      },
      "ac-ycssmpd-shard-00-00.tvw48ir.mongodb.net:27017": {
        "address": "ac-ycssmpd-shard-00-00.tvw48ir.mongodb.net:27017",
        "type": "Unknown",
        "hosts": [],
        "passives": [],
        "arbiters": [],
        "tags": {},
        "minWireVersion": 0,
        "maxWireVersion": 0,
        "roundTripTime": -1,
        "minRoundTripTime": 0,
        "lastUpdateTime": 70156582,
        "lastWriteDate": 0,
        "error": {
          "errorLabelSet": {},
          "beforeHandshake": false
        },
        "topologyVersion": null,
        "setName": null,
        "setVersion": null,
        "electionId": null,
        "logicalSessionTimeoutMinutes": null,
        "maxMessageSizeBytes": null,
        "maxWriteBatchSize": null,
        "maxBsonObjectSize": null,
        "primary": null,
        "me": null,
        "$clusterTime": null,
        "iscryptd": false
      }
    },
    "stale": false,
    "compatible": true,
    "heartbeatFrequencyMS": 10000,
    "localThresholdMS": 15,
    "setName": "atlas-ldvzrz-shard-0",
    "maxElectionId": {
      "$oid": "7fffffff0000000000000086"
    },
    "maxSetVersion": 34,
    "commonWireVersion": 0,
    "logicalSessionTimeoutMinutes": null
  },
  "cause": {
    "errorLabelSet": {},
    "beforeHandshake": false
  }
}
2026-04-14T03:20:28.554Z [error]: Cleanup stale presence error: connection <monitor> to 20.96.187.159:27017 timed out
MongoServerSelectionError: connection <monitor> to 20.96.187.159:27017 timed out
    at Topology.selectServer (C:\Users\LENOVO\OneDrive\Desktop\JWLovers\server\node_modules\mongodb\src\sdam\topology.ts:630:30)
    at tryOperation (C:\Users\LENOVO\OneDrive\Desktop\JWLovers\server\node_modules\mongodb\src\operations\execute_operation.ts:270:16)
    at executeOperation (C:\Users\LENOVO\OneDrive\Desktop\JWLovers\server\node_modules\mongodb\src\operations\execute_operation.ts:123:12)
    at FindCursor._initialize (C:\Users\LENOVO\OneDrive\Desktop\JWLovers\server\node_modules\mongodb\src\cursor\find_cursor.ts:92:22)
    at FindCursor.cursorInit (C:\Users\LENOVO\OneDrive\Desktop\JWLovers\server\node_modules\mongodb\src\cursor\abstract_cursor.ts:917:21)
    at FindCursor.fetchBatch (C:\Users\LENOVO\OneDrive\Desktop\JWLovers\server\node_modules\mongodb\src\cursor\abstract_cursor.ts:955:7)
    at FindCursor.next (C:\Users\LENOVO\OneDrive\Desktop\JWLovers\server\node_modules\mongodb\src\cursor\abstract_cursor.ts:573:9)
    at FindCursor.[Symbol.asyncIterator] (C:\Users\LENOVO\OneDrive\Desktop\JWLovers\server\node_modules\mongodb\src\cursor\abstract_cursor.ts:492:26)
    at FindCursor.toArray (C:\Users\LENOVO\OneDrive\Desktop\JWLovers\server\node_modules\mongodb\src\cursor\abstract_cursor.ts:661:22)
    at model.Query._find (C:\Users\LENOVO\OneDrive\Desktop\JWLovers\server\node_modules\mongoose\lib\query.js:2436:14)
{
  "errorLabelSet": {},
  "reason": {
    "type": "ReplicaSetNoPrimary",
    "servers": {
      "ac-ycssmpd-shard-00-01.tvw48ir.mongodb.net:27017": {
        "address": "ac-ycssmpd-shard-00-01.tvw48ir.mongodb.net:27017",
        "type": "Unknown",
        "hosts": [],
        "passives": [],
        "arbiters": [],
        "tags": {},
        "minWireVersion": 0,
        "maxWireVersion": 0,
        "roundTripTime": -1,
        "minRoundTripTime": 0,
        "lastUpdateTime": 70156765,
        "lastWriteDate": 0,
        "error": {
          "errorLabelSet": {},
          "beforeHandshake": false
        },
        "topologyVersion": null,
        "setName": null,
        "setVersion": null,
        "electionId": null,
        "logicalSessionTimeoutMinutes": null,
        "maxMessageSizeBytes": null,
        "maxWriteBatchSize": null,
        "maxBsonObjectSize": null,
        "primary": null,
        "me": null,
        "$clusterTime": null,
        "iscryptd": false
      },
      "ac-ycssmpd-shard-00-02.tvw48ir.mongodb.net:27017": {
        "address": "ac-ycssmpd-shard-00-02.tvw48ir.mongodb.net:27017",
        "type": "Unknown",
        "hosts": [],
        "passives": [],
        "arbiters": [],
        "tags": {},
        "minWireVersion": 0,
        "maxWireVersion": 0,
        "roundTripTime": -1,
        "minRoundTripTime": 0,
        "lastUpdateTime": 70157073,
        "lastWriteDate": 0,
        "error": {
          "errorLabelSet": {},
          "beforeHandshake": false
        },
        "topologyVersion": null,
        "setName": null,
        "setVersion": null,
        "electionId": null,
        "logicalSessionTimeoutMinutes": null,
        "maxMessageSizeBytes": null,
        "maxWriteBatchSize": null,
        "maxBsonObjectSize": null,
        "primary": null,
        "me": null,
        "$clusterTime": null,
        "iscryptd": false
      },
      "ac-ycssmpd-shard-00-00.tvw48ir.mongodb.net:27017": {
        "address": "ac-ycssmpd-shard-00-00.tvw48ir.mongodb.net:27017",
        "type": "Unknown",
        "hosts": [],
        "passives": [],
        "arbiters": [],
        "tags": {},
        "minWireVersion": 0,
        "maxWireVersion": 0,
        "roundTripTime": -1,
        "minRoundTripTime": 0,
        "lastUpdateTime": 70156582,
        "lastWriteDate": 0,
        "error": {
          "errorLabelSet": {},
          "beforeHandshake": false
        },
        "topologyVersion": null,
        "setName": null,
        "setVersion": null,
        "electionId": null,
        "logicalSessionTimeoutMinutes": null,
        "maxMessageSizeBytes": null,
        "maxWriteBatchSize": null,
        "maxBsonObjectSize": null,
        "primary": null,
        "me": null,
        "$clusterTime": null,
        "iscryptd": false
      }
    },
    "stale": false,
    "compatible": true,
    "heartbeatFrequencyMS": 10000,
    "localThresholdMS": 15,
    "setName": "atlas-ldvzrz-shard-0",
    "maxElectionId": {
      "$oid": "7fffffff0000000000000086"
    },
    "maxSetVersion": 34,
    "commonWireVersion": 0,
    "logicalSessionTimeoutMinutes": null
  },
  "cause": {
    "errorLabelSet": {},
    "beforeHandshake": false
  }
}
2026-04-14T04:35:42.666Z [error]: Cleanup stale presence error: connection <monitor> to 20.96.187.159:27017 timed out
MongoServerSelectionError: connection <monitor> to 20.96.187.159:27017 timed out
    at Topology.selectServer (C:\Users\LENOVO\OneDrive\Desktop\JWLovers\server\node_modules\mongodb\src\sdam\topology.ts:630:30)
    at tryOperation (C:\Users\LENOVO\OneDrive\Desktop\JWLovers\server\node_modules\mongodb\src\operations\execute_operation.ts:270:16)
    at executeOperation (C:\Users\LENOVO\OneDrive\Desktop\JWLovers\server\node_modules\mongodb\src\operations\execute_operation.ts:123:12)
    at FindCursor._initialize (C:\Users\LENOVO\OneDrive\Desktop\JWLovers\server\node_modules\mongodb\src\cursor\find_cursor.ts:92:22)
    at FindCursor.cursorInit (C:\Users\LENOVO\OneDrive\Desktop\JWLovers\server\node_modules\mongodb\src\cursor\abstract_cursor.ts:917:21)
    at FindCursor.fetchBatch (C:\Users\LENOVO\OneDrive\Desktop\JWLovers\server\node_modules\mongodb\src\cursor\abstract_cursor.ts:955:7)
    at FindCursor.next (C:\Users\LENOVO\OneDrive\Desktop\JWLovers\server\node_modules\mongodb\src\cursor\abstract_cursor.ts:573:9)
    at FindCursor.[Symbol.asyncIterator] (C:\Users\LENOVO\OneDrive\Desktop\JWLovers\server\node_modules\mongodb\src\cursor\abstract_cursor.ts:492:26)
    at FindCursor.toArray (C:\Users\LENOVO\OneDrive\Desktop\JWLovers\server\node_modules\mongodb\src\cursor\abstract_cursor.ts:661:22)
    at model.Query._find (C:\Users\LENOVO\OneDrive\Desktop\JWLovers\server\node_modules\mongoose\lib\query.js:2436:14)
{
  "errorLabelSet": {},
  "reason": {
    "type": "ReplicaSetNoPrimary",
    "servers": {
      "ac-ycssmpd-shard-00-01.tvw48ir.mongodb.net:27017": {
        "address": "ac-ycssmpd-shard-00-01.tvw48ir.mongodb.net:27017",
        "type": "Unknown",
        "hosts": [],
        "passives": [],
        "arbiters": [],
        "tags": {},
        "minWireVersion": 0,
        "maxWireVersion": 0,
        "roundTripTime": -1,
        "minRoundTripTime": 0,
        "lastUpdateTime": 74671401,
        "lastWriteDate": 0,
        "error": {
          "errorLabelSet": {},
          "beforeHandshake": false
        },
        "topologyVersion": null,
        "setName": null,
        "setVersion": null,
        "electionId": null,
        "logicalSessionTimeoutMinutes": null,
        "maxMessageSizeBytes": null,
        "maxWriteBatchSize": null,
        "maxBsonObjectSize": null,
        "primary": null,
        "me": null,
        "$clusterTime": null,
        "iscryptd": false
      },
      "ac-ycssmpd-shard-00-02.tvw48ir.mongodb.net:27017": {
        "address": "ac-ycssmpd-shard-00-02.tvw48ir.mongodb.net:27017",
        "type": "Unknown",
        "hosts": [],
        "passives": [],
        "arbiters": [],
        "tags": {},
        "minWireVersion": 0,
        "maxWireVersion": 0,
        "roundTripTime": -1,
        "minRoundTripTime": 0,
        "lastUpdateTime": 74671394,
        "lastWriteDate": 0,
        "error": {
          "errorLabelSet": {},
          "beforeHandshake": false
        },
        "topologyVersion": null,
        "setName": null,
        "setVersion": null,
        "electionId": null,
        "logicalSessionTimeoutMinutes": null,
        "maxMessageSizeBytes": null,
        "maxWriteBatchSize": null,
        "maxBsonObjectSize": null,
        "primary": null,
        "me": null,
        "$clusterTime": null,
        "iscryptd": false
      },
      "ac-ycssmpd-shard-00-00.tvw48ir.mongodb.net:27017": {
        "address": "ac-ycssmpd-shard-00-00.tvw48ir.mongodb.net:27017",
        "type": "Unknown",
        "hosts": [],
        "passives": [],
        "arbiters": [],
        "tags": {},
        "minWireVersion": 0,
        "maxWireVersion": 0,
        "roundTripTime": -1,
        "minRoundTripTime": 0,
        "lastUpdateTime": 74671365,
        "lastWriteDate": 0,
        "error": {
          "errorLabelSet": {},
          "beforeHandshake": false
        },
        "topologyVersion": null,
        "setName": null,
        "setVersion": null,
        "electionId": null,
        "logicalSessionTimeoutMinutes": null,
        "maxMessageSizeBytes": null,
        "maxWriteBatchSize": null,
        "maxBsonObjectSize": null,
        "primary": null,
        "me": null,
        "$clusterTime": null,
        "iscryptd": false
      }
    },
    "stale": false,
    "compatible": true,
    "heartbeatFrequencyMS": 10000,
    "localThresholdMS": 15,
    "setName": "atlas-ldvzrz-shard-0",
    "maxElectionId": {
      "$oid": "7fffffff0000000000000086"
    },
    "maxSetVersion": 34,
    "commonWireVersion": 0,
    "logicalSessionTimeoutMinutes": null
  },
  "cause": {
    "errorLabelSet": {},
    "beforeHandshake": false
  }
}
2026-04-14T07:52:28.348Z [error]: Cleanup stale presence error: connection <monitor> to 20.96.187.159:27017 timed out
MongoServerSelectionError: connection <monitor> to 20.96.187.159:27017 timed out
    at Topology.selectServer (C:\Users\LENOVO\OneDrive\Desktop\JWLovers\server\node_modules\mongodb\src\sdam\topology.ts:630:30)
    at tryOperation (C:\Users\LENOVO\OneDrive\Desktop\JWLovers\server\node_modules\mongodb\src\operations\execute_operation.ts:270:16)
    at executeOperation (C:\Users\LENOVO\OneDrive\Desktop\JWLovers\server\node_modules\mongodb\src\operations\execute_operation.ts:123:12)
    at FindCursor._initialize (C:\Users\LENOVO\OneDrive\Desktop\JWLovers\server\node_modules\mongodb\src\cursor\find_cursor.ts:92:22)
    at FindCursor.cursorInit (C:\Users\LENOVO\OneDrive\Desktop\JWLovers\server\node_modules\mongodb\src\cursor\abstract_cursor.ts:917:21)
    at FindCursor.fetchBatch (C:\Users\LENOVO\OneDrive\Desktop\JWLovers\server\node_modules\mongodb\src\cursor\abstract_cursor.ts:955:7)
    at FindCursor.next (C:\Users\LENOVO\OneDrive\Desktop\JWLovers\server\node_modules\mongodb\src\cursor\abstract_cursor.ts:573:9)
    at FindCursor.[Symbol.asyncIterator] (C:\Users\LENOVO\OneDrive\Desktop\JWLovers\server\node_modules\mongodb\src\cursor\abstract_cursor.ts:492:26)
    at FindCursor.toArray (C:\Users\LENOVO\OneDrive\Desktop\JWLovers\server\node_modules\mongodb\src\cursor\abstract_cursor.ts:661:22)
    at model.Query._find (C:\Users\LENOVO\OneDrive\Desktop\JWLovers\server\node_modules\mongoose\lib\query.js:2436:14)
{
  "errorLabelSet": {},
  "reason": {
    "type": "ReplicaSetNoPrimary",
    "servers": {
      "ac-ycssmpd-shard-00-01.tvw48ir.mongodb.net:27017": {
        "address": "ac-ycssmpd-shard-00-01.tvw48ir.mongodb.net:27017",
        "type": "Unknown",
        "hosts": [],
        "passives": [],
        "arbiters": [],
        "tags": {},
        "minWireVersion": 0,
        "maxWireVersion": 0,
        "roundTripTime": -1,
        "minRoundTripTime": 0,
        "lastUpdateTime": 86484298,
        "lastWriteDate": 0,
        "error": {
          "errorLabelSet": {},
          "beforeHandshake": false
        },
        "topologyVersion": null,
        "setName": null,
        "setVersion": null,
        "electionId": null,
        "logicalSessionTimeoutMinutes": null,
        "maxMessageSizeBytes": null,
        "maxWriteBatchSize": null,
        "maxBsonObjectSize": null,
        "primary": null,
        "me": null,
        "$clusterTime": null,
        "iscryptd": false
      },
      "ac-ycssmpd-shard-00-02.tvw48ir.mongodb.net:27017": {
        "address": "ac-ycssmpd-shard-00-02.tvw48ir.mongodb.net:27017",
        "type": "Unknown",
        "hosts": [],
        "passives": [],
        "arbiters": [],
        "tags": {},
        "minWireVersion": 0,
        "maxWireVersion": 0,
        "roundTripTime": -1,
        "minRoundTripTime": 0,
        "lastUpdateTime": 86484334,
        "lastWriteDate": 0,
        "error": {
          "errorLabelSet": {},
          "beforeHandshake": false
        },
        "topologyVersion": null,
        "setName": null,
        "setVersion": null,
        "electionId": null,
        "logicalSessionTimeoutMinutes": null,
        "maxMessageSizeBytes": null,
        "maxWriteBatchSize": null,
        "maxBsonObjectSize": null,
        "primary": null,
        "me": null,
        "$clusterTime": null,
        "iscryptd": false
      },
      "ac-ycssmpd-shard-00-00.tvw48ir.mongodb.net:27017": {
        "address": "ac-ycssmpd-shard-00-00.tvw48ir.mongodb.net:27017",
        "type": "Unknown",
        "hosts": [],
        "passives": [],
        "arbiters": [],
        "tags": {},
        "minWireVersion": 0,
        "maxWireVersion": 0,
        "roundTripTime": -1,
        "minRoundTripTime": 0,
        "lastUpdateTime": 86484258,
        "lastWriteDate": 0,
        "error": {
          "errorLabelSet": {},
          "beforeHandshake": false
        },
        "topologyVersion": null,
        "setName": null,
        "setVersion": null,
        "electionId": null,
        "logicalSessionTimeoutMinutes": null,
        "maxMessageSizeBytes": null,
        "maxWriteBatchSize": null,
        "maxBsonObjectSize": null,
        "primary": null,
        "me": null,
        "$clusterTime": null,
        "iscryptd": false
      }
    },
    "stale": false,
    "compatible": true,
    "heartbeatFrequencyMS": 10000,
    "localThresholdMS": 15,
    "setName": "atlas-ldvzrz-shard-0",
    "maxElectionId": {
      "$oid": "7fffffff0000000000000086"
    },
    "maxSetVersion": 34,
    "commonWireVersion": 0,
    "logicalSessionTimeoutMinutes": null
  },
  "cause": {
    "errorLabelSet": {},
    "beforeHandshake": false
  }
}
2026-04-14T19:31:59.738Z [error]: Cleanup stale presence error: connection <monitor> to 20.96.187.159:27017 timed out
MongoServerSelectionError: connection <monitor> to 20.96.187.159:27017 timed out
    at Topology.selectServer (C:\Users\LENOVO\OneDrive\Desktop\JWLovers\server\node_modules\mongodb\src\sdam\topology.ts:630:30)
    at tryOperation (C:\Users\LENOVO\OneDrive\Desktop\JWLovers\server\node_modules\mongodb\src\operations\execute_operation.ts:270:16)
    at executeOperation (C:\Users\LENOVO\OneDrive\Desktop\JWLovers\server\node_modules\mongodb\src\operations\execute_operation.ts:123:12)
    at FindCursor._initialize (C:\Users\LENOVO\OneDrive\Desktop\JWLovers\server\node_modules\mongodb\src\cursor\find_cursor.ts:92:22)
    at FindCursor.cursorInit (C:\Users\LENOVO\OneDrive\Desktop\JWLovers\server\node_modules\mongodb\src\cursor\abstract_cursor.ts:917:21)
    at FindCursor.fetchBatch (C:\Users\LENOVO\OneDrive\Desktop\JWLovers\server\node_modules\mongodb\src\cursor\abstract_cursor.ts:955:7)
    at FindCursor.next (C:\Users\LENOVO\OneDrive\Desktop\JWLovers\server\node_modules\mongodb\src\cursor\abstract_cursor.ts:573:9)
    at FindCursor.[Symbol.asyncIterator] (C:\Users\LENOVO\OneDrive\Desktop\JWLovers\server\node_modules\mongodb\src\cursor\abstract_cursor.ts:492:26)
    at FindCursor.toArray (C:\Users\LENOVO\OneDrive\Desktop\JWLovers\server\node_modules\mongodb\src\cursor\abstract_cursor.ts:661:22)
    at model.Query._find (C:\Users\LENOVO\OneDrive\Desktop\JWLovers\server\node_modules\mongoose\lib\query.js:2436:14)
{
  "errorLabelSet": {},
  "reason": {
    "type": "ReplicaSetNoPrimary",
    "servers": {
      "ac-ycssmpd-shard-00-01.tvw48ir.mongodb.net:27017": {
        "address": "ac-ycssmpd-shard-00-01.tvw48ir.mongodb.net:27017",
        "type": "Unknown",
        "hosts": [],
        "passives": [],
        "arbiters": [],
        "tags": {},
        "minWireVersion": 0,
        "maxWireVersion": 0,
        "roundTripTime": -1,
        "minRoundTripTime": 0,
        "lastUpdateTime": 128455951,
        "lastWriteDate": 0,
        "error": {
          "errorLabelSet": {},
          "beforeHandshake": false
        },
        "topologyVersion": null,
        "setName": null,
        "setVersion": null,
        "electionId": null,
        "logicalSessionTimeoutMinutes": null,
        "maxMessageSizeBytes": null,
        "maxWriteBatchSize": null,
        "maxBsonObjectSize": null,
        "primary": null,
        "me": null,
        "$clusterTime": null,
        "iscryptd": false
      },
      "ac-ycssmpd-shard-00-02.tvw48ir.mongodb.net:27017": {
        "address": "ac-ycssmpd-shard-00-02.tvw48ir.mongodb.net:27017",
        "type": "Unknown",
        "hosts": [],
        "passives": [],
        "arbiters": [],
        "tags": {},
        "minWireVersion": 0,
        "maxWireVersion": 0,
        "roundTripTime": -1,
        "minRoundTripTime": 0,
        "lastUpdateTime": 128455952,
        "lastWriteDate": 0,
        "error": {
          "errorLabelSet": {},
          "beforeHandshake": false
        },
        "topologyVersion": null,
        "setName": null,
        "setVersion": null,
        "electionId": null,
        "logicalSessionTimeoutMinutes": null,
        "maxMessageSizeBytes": null,
        "maxWriteBatchSize": null,
        "maxBsonObjectSize": null,
        "primary": null,
        "me": null,
        "$clusterTime": null,
        "iscryptd": false
      },
      "ac-ycssmpd-shard-00-00.tvw48ir.mongodb.net:27017": {
        "address": "ac-ycssmpd-shard-00-00.tvw48ir.mongodb.net:27017",
        "type": "Unknown",
        "hosts": [],
        "passives": [],
        "arbiters": [],
        "tags": {},
        "minWireVersion": 0,
        "maxWireVersion": 0,
        "roundTripTime": -1,
        "minRoundTripTime": 0,
        "lastUpdateTime": 128455949,
        "lastWriteDate": 0,
        "error": {
          "errorLabelSet": {},
          "beforeHandshake": false
        },
        "topologyVersion": null,
        "setName": null,
        "setVersion": null,
        "electionId": null,
        "logicalSessionTimeoutMinutes": null,
        "maxMessageSizeBytes": null,
        "maxWriteBatchSize": null,
        "maxBsonObjectSize": null,
        "primary": null,
        "me": null,
        "$clusterTime": null,
        "iscryptd": false
      }
    },
    "stale": false,
    "compatible": true,
    "heartbeatFrequencyMS": 10000,
    "localThresholdMS": 15,
    "setName": "atlas-ldvzrz-shard-0",
    "maxElectionId": {
      "$oid": "7fffffff0000000000000086"
    },
    "maxSetVersion": 34,
    "commonWireVersion": 0,
    "logicalSessionTimeoutMinutes": null
  },
  "cause": {
    "errorLabelSet": {},
    "beforeHandshake": false
  }
}
2026-04-14T20:07:52.055Z [error]: Cleanup stale presence error: connection <monitor> to 20.96.187.159:27017 timed out
MongoServerSelectionError: connection <monitor> to 20.96.187.159:27017 timed out
    at Topology.selectServer (C:\Users\LENOVO\OneDrive\Desktop\JWLovers\server\node_modules\mongodb\src\sdam\topology.ts:630:30)
    at tryOperation (C:\Users\LENOVO\OneDrive\Desktop\JWLovers\server\node_modules\mongodb\src\operations\execute_operation.ts:270:16)
    at executeOperation (C:\Users\LENOVO\OneDrive\Desktop\JWLovers\server\node_modules\mongodb\src\operations\execute_operation.ts:123:12)
    at FindCursor._initialize (C:\Users\LENOVO\OneDrive\Desktop\JWLovers\server\node_modules\mongodb\src\cursor\find_cursor.ts:92:22)
    at FindCursor.cursorInit (C:\Users\LENOVO\OneDrive\Desktop\JWLovers\server\node_modules\mongodb\src\cursor\abstract_cursor.ts:917:21)
    at FindCursor.fetchBatch (C:\Users\LENOVO\OneDrive\Desktop\JWLovers\server\node_modules\mongodb\src\cursor\abstract_cursor.ts:955:7)
    at FindCursor.next (C:\Users\LENOVO\OneDrive\Desktop\JWLovers\server\node_modules\mongodb\src\cursor\abstract_cursor.ts:573:9)
    at FindCursor.[Symbol.asyncIterator] (C:\Users\LENOVO\OneDrive\Desktop\JWLovers\server\node_modules\mongodb\src\cursor\abstract_cursor.ts:492:26)
    at FindCursor.toArray (C:\Users\LENOVO\OneDrive\Desktop\JWLovers\server\node_modules\mongodb\src\cursor\abstract_cursor.ts:661:22)
    at model.Query._find (C:\Users\LENOVO\OneDrive\Desktop\JWLovers\server\node_modules\mongoose\lib\query.js:2436:14)
{
  "errorLabelSet": {},
  "reason": {
    "type": "ReplicaSetNoPrimary",
    "servers": {
      "ac-ycssmpd-shard-00-01.tvw48ir.mongodb.net:27017": {
        "address": "ac-ycssmpd-shard-00-01.tvw48ir.mongodb.net:27017",
        "type": "Unknown",
        "hosts": [],
        "passives": [],
        "arbiters": [],
        "tags": {},
        "minWireVersion": 0,
        "maxWireVersion": 0,
        "roundTripTime": -1,
        "minRoundTripTime": 0,
        "lastUpdateTime": 130616059,
        "lastWriteDate": 0,
        "error": {
          "errorLabelSet": {},
          "beforeHandshake": false
        },
        "topologyVersion": null,
        "setName": null,
        "setVersion": null,
        "electionId": null,
        "logicalSessionTimeoutMinutes": null,
        "maxMessageSizeBytes": null,
        "maxWriteBatchSize": null,
        "maxBsonObjectSize": null,
        "primary": null,
        "me": null,
        "$clusterTime": null,
        "iscryptd": false
      },
      "ac-ycssmpd-shard-00-02.tvw48ir.mongodb.net:27017": {
        "address": "ac-ycssmpd-shard-00-02.tvw48ir.mongodb.net:27017",
        "type": "RSSecondary",
        "hosts": [
          "ac-ycssmpd-shard-00-00.tvw48ir.mongodb.net:27017",
          "ac-ycssmpd-shard-00-01.tvw48ir.mongodb.net:27017",
          "ac-ycssmpd-shard-00-02.tvw48ir.mongodb.net:27017"
        ],
        "passives": [],
        "arbiters": [],
        "tags": {
          "region": "US_EAST_2",
          "availabilityZone": "3",
          "diskState": "READY",
          "workloadType": "OPERATIONAL",
          "nodeType": "ELECTABLE",
          "provider": "AZURE"
        },
        "minWireVersion": 0,
        "maxWireVersion": 25,
        "roundTripTime": 181.9,
        "minRoundTripTime": 181,
        "lastUpdateTime": 130619320,
        "lastWriteDate": {
          "$date": "2026-04-14T20:07:47Z"
        },
        "error": null,
        "topologyVersion": {
          "processId": {
            "$oid": "69da83f2d6a65e8ae1e0269f"
          },
          "counter": 3
        },
        "setName": "atlas-ldvzrz-shard-0",
        "setVersion": 34,
        "electionId": null,
        "logicalSessionTimeoutMinutes": 30,
        "maxMessageSizeBytes": 48000000,
        "maxWriteBatchSize": 100000,
        "maxBsonObjectSize": 16777216,
        "primary": "ac-ycssmpd-shard-00-01.tvw48ir.mongodb.net:27017",
        "me": "ac-ycssmpd-shard-00-02.tvw48ir.mongodb.net:27017",
        "$clusterTime": {
          "clusterTime": {
            "$timestamp": {
              "t": 1776197267,
              "i": 38
            }
          },
          "signature": {
            "hash": {
              "0": 13,
              "1": 234,
              "2": 106,
              "3": 107,
              "4": 149,
              "5": 183,
              "6": 37,
              "7": 207,
              "8": 196,
              "9": 162,
              "10": 74,
              "11": 10,
              "12": 41,
              "13": 44,
              "14": 202,
              "15": 133,
              "16": 149,
              "17": 122,
              "18": 40,
              "19": 193
            },
            "keyId": 7595688910387151000
          }
        },
        "iscryptd": false
      },
      "ac-ycssmpd-shard-00-00.tvw48ir.mongodb.net:27017": {
        "address": "ac-ycssmpd-shard-00-00.tvw48ir.mongodb.net:27017",
        "type": "RSSecondary",
        "hosts": [
          "ac-ycssmpd-shard-00-00.tvw48ir.mongodb.net:27017",
          "ac-ycssmpd-shard-00-01.tvw48ir.mongodb.net:27017",
          "ac-ycssmpd-shard-00-02.tvw48ir.mongodb.net:27017"
        ],
        "passives": [],
        "arbiters": [],
        "tags": {
          "nodeType": "ELECTABLE",
          "diskState": "READY",
          "provider": "AZURE",
          "workloadType": "OPERATIONAL",
          "availabilityZone": "1",
          "region": "US_EAST_2"
        },
        "minWireVersion": 0,
        "maxWireVersion": 25,
        "roundTripTime": 256.4,
        "minRoundTripTime": 185,
        "lastUpdateTime": 130620791,
        "lastWriteDate": {
          "$date": "2026-04-14T20:07:49Z"
        },
        "error": null,
        "topologyVersion": {
          "processId": {
            "$oid": "69da82319a729321ade5cd6d"
          },
          "counter": 4
        },
        "setName": "atlas-ldvzrz-shard-0",
        "setVersion": 34,
        "electionId": null,
        "logicalSessionTimeoutMinutes": 30,
        "maxMessageSizeBytes": 48000000,
        "maxWriteBatchSize": 100000,
        "maxBsonObjectSize": 16777216,
        "primary": "ac-ycssmpd-shard-00-01.tvw48ir.mongodb.net:27017",
        "me": "ac-ycssmpd-shard-00-00.tvw48ir.mongodb.net:27017",
        "$clusterTime": {
          "clusterTime": {
            "$timestamp": {
              "t": 1776197269,
              "i": 24
            }
          },
          "signature": {
            "hash": {
              "0": 183,
              "1": 103,
              "2": 254,
              "3": 237,
              "4": 229,
              "5": 223,
              "6": 240,
              "7": 48,
              "8": 118,
              "9": 139,
              "10": 106,
              "11": 150,
              "12": 147,
              "13": 215,
              "14": 123,
              "15": 36,
              "16": 57,
              "17": 13,
              "18": 220,
              "19": 232
            },
            "keyId": 7595688910387151000
          }
        },
        "iscryptd": false
      }
    },
    "stale": false,
    "compatible": true,
    "heartbeatFrequencyMS": 10000,
    "localThresholdMS": 15,
    "setName": "atlas-ldvzrz-shard-0",
    "maxElectionId": {
      "$oid": "7fffffff0000000000000086"
    },
    "maxSetVersion": 34,
    "commonWireVersion": 0,
    "logicalSessionTimeoutMinutes": 30
  },
  "cause": {
    "errorLabelSet": {},
    "beforeHandshake": false
  }
}
2026-04-21T01:08:13.246Z [error]: Cleanup stale presence error: connection <monitor> to 20.36.142.157:27017 timed out
MongoServerSelectionError: connection <monitor> to 20.36.142.157:27017 timed out
    at Topology.selectServer (C:\Users\LENOVO\OneDrive\Desktop\JWLovers\server\node_modules\mongodb\src\sdam\topology.ts:630:30)
    at tryOperation (C:\Users\LENOVO\OneDrive\Desktop\JWLovers\server\node_modules\mongodb\src\operations\execute_operation.ts:270:16)
    at executeOperation (C:\Users\LENOVO\OneDrive\Desktop\JWLovers\server\node_modules\mongodb\src\operations\execute_operation.ts:123:12)
    at FindCursor._initialize (C:\Users\LENOVO\OneDrive\Desktop\JWLovers\server\node_modules\mongodb\src\cursor\find_cursor.ts:92:22)
    at FindCursor.cursorInit (C:\Users\LENOVO\OneDrive\Desktop\JWLovers\server\node_modules\mongodb\src\cursor\abstract_cursor.ts:917:21)
    at FindCursor.fetchBatch (C:\Users\LENOVO\OneDrive\Desktop\JWLovers\server\node_modules\mongodb\src\cursor\abstract_cursor.ts:955:7)
    at FindCursor.next (C:\Users\LENOVO\OneDrive\Desktop\JWLovers\server\node_modules\mongodb\src\cursor\abstract_cursor.ts:573:9)
    at FindCursor.[Symbol.asyncIterator] (C:\Users\LENOVO\OneDrive\Desktop\JWLovers\server\node_modules\mongodb\src\cursor\abstract_cursor.ts:492:26)
    at FindCursor.toArray (C:\Users\LENOVO\OneDrive\Desktop\JWLovers\server\node_modules\mongodb\src\cursor\abstract_cursor.ts:661:22)
    at model.Query._find (C:\Users\LENOVO\OneDrive\Desktop\JWLovers\server\node_modules\mongoose\lib\query.js:2436:14)
{
  "errorLabelSet": {},
  "reason": {
    "type": "ReplicaSetNoPrimary",
    "servers": {
      "ac-ycssmpd-shard-00-02.tvw48ir.mongodb.net:27017": {
        "address": "ac-ycssmpd-shard-00-02.tvw48ir.mongodb.net:27017",
        "type": "Unknown",
        "hosts": [],
        "passives": [],
        "arbiters": [],
        "tags": {},
        "minWireVersion": 0,
        "maxWireVersion": 0,
        "roundTripTime": -1,
        "minRoundTripTime": 0,
        "lastUpdateTime": 38178998,
        "lastWriteDate": 0,
        "error": {
          "errorLabelSet": {},
          "beforeHandshake": false
        },
        "topologyVersion": null,
        "setName": null,
        "setVersion": null,
        "electionId": null,
        "logicalSessionTimeoutMinutes": null,
        "maxMessageSizeBytes": null,
        "maxWriteBatchSize": null,
        "maxBsonObjectSize": null,
        "primary": null,
        "me": null,
        "$clusterTime": null,
        "iscryptd": false
      },
      "ac-ycssmpd-shard-00-00.tvw48ir.mongodb.net:27017": {
        "address": "ac-ycssmpd-shard-00-00.tvw48ir.mongodb.net:27017",
        "type": "Unknown",
        "hosts": [],
        "passives": [],
        "arbiters": [],
        "tags": {},
        "minWireVersion": 0,
        "maxWireVersion": 0,
        "roundTripTime": -1,
        "minRoundTripTime": 0,
        "lastUpdateTime": 38178997,
        "lastWriteDate": 0,
        "error": {
          "errorLabelSet": {},
          "beforeHandshake": false
        },
        "topologyVersion": null,
        "setName": null,
        "setVersion": null,
        "electionId": null,
        "logicalSessionTimeoutMinutes": null,
        "maxMessageSizeBytes": null,
        "maxWriteBatchSize": null,
        "maxBsonObjectSize": null,
        "primary": null,
        "me": null,
        "$clusterTime": null,
        "iscryptd": false
      },
      "ac-ycssmpd-shard-00-01.tvw48ir.mongodb.net:27017": {
        "address": "ac-ycssmpd-shard-00-01.tvw48ir.mongodb.net:27017",
        "type": "Unknown",
        "hosts": [],
        "passives": [],
        "arbiters": [],
        "tags": {},
        "minWireVersion": 0,
        "maxWireVersion": 0,
        "roundTripTime": -1,
        "minRoundTripTime": 0,
        "lastUpdateTime": 38178992,
        "lastWriteDate": 0,
        "error": {
          "errorLabelSet": {},
          "beforeHandshake": false
        },
        "topologyVersion": null,
        "setName": null,
        "setVersion": null,
        "electionId": null,
        "logicalSessionTimeoutMinutes": null,
        "maxMessageSizeBytes": null,
        "maxWriteBatchSize": null,
        "maxBsonObjectSize": null,
        "primary": null,
        "me": null,
        "$clusterTime": null,
        "iscryptd": false
      }
    },
    "stale": false,
    "compatible": true,
    "heartbeatFrequencyMS": 10000,
    "localThresholdMS": 15,
    "setName": "atlas-ldvzrz-shard-0",
    "maxElectionId": {
      "$oid": "7fffffff0000000000000086"
    },
    "maxSetVersion": 35,
    "commonWireVersion": 0,
    "logicalSessionTimeoutMinutes": null
  },
  "cause": {
    "errorLabelSet": {},
    "beforeHandshake": false
  }
}
2026-04-23T16:29:31.747Z [error]: Cleanup stale presence error: getaddrinfo ENOTFOUND ac-ycssmpd-shard-00-02.tvw48ir.mongodb.net
MongoServerSelectionError: getaddrinfo ENOTFOUND ac-ycssmpd-shard-00-02.tvw48ir.mongodb.net
    at Topology.selectServer (C:\Users\LENOVO\OneDrive\Desktop\JWLovers\server\node_modules\mongodb\src\sdam\topology.ts:630:30)
    at runNextTicks (node:internal/process/task_queues:65:5)
    at processTimers (node:internal/timers:520:9)
    at tryOperation (C:\Users\LENOVO\OneDrive\Desktop\JWLovers\server\node_modules\mongodb\src\operations\execute_operation.ts:270:16)
    at executeOperation (C:\Users\LENOVO\OneDrive\Desktop\JWLovers\server\node_modules\mongodb\src\operations\execute_operation.ts:123:12)
    at FindCursor._initialize (C:\Users\LENOVO\OneDrive\Desktop\JWLovers\server\node_modules\mongodb\src\cursor\find_cursor.ts:92:22)
    at FindCursor.cursorInit (C:\Users\LENOVO\OneDrive\Desktop\JWLovers\server\node_modules\mongodb\src\cursor\abstract_cursor.ts:917:21)
    at FindCursor.fetchBatch (C:\Users\LENOVO\OneDrive\Desktop\JWLovers\server\node_modules\mongodb\src\cursor\abstract_cursor.ts:955:7)
    at FindCursor.next (C:\Users\LENOVO\OneDrive\Desktop\JWLovers\server\node_modules\mongodb\src\cursor\abstract_cursor.ts:573:9)
    at FindCursor.[Symbol.asyncIterator] (C:\Users\LENOVO\OneDrive\Desktop\JWLovers\server\node_modules\mongodb\src\cursor\abstract_cursor.ts:492:26)
{
  "errorLabelSet": {},
  "reason": {
    "type": "ReplicaSetNoPrimary",
    "servers": {
      "ac-ycssmpd-shard-00-02.tvw48ir.mongodb.net:27017": {
        "address": "ac-ycssmpd-shard-00-02.tvw48ir.mongodb.net:27017",
        "type": "Unknown",
        "hosts": [],
        "passives": [],
        "arbiters": [],
        "tags": {},
        "minWireVersion": 0,
        "maxWireVersion": 0,
        "roundTripTime": -1,
        "minRoundTripTime": 0,
        "lastUpdateTime": 266271404,
        "lastWriteDate": 0,
        "error": {
          "errorLabelSet": {},
          "beforeHandshake": false
        },
        "topologyVersion": null,
        "setName": null,
        "setVersion": null,
        "electionId": null,
        "logicalSessionTimeoutMinutes": null,
        "maxMessageSizeBytes": null,
        "maxWriteBatchSize": null,
        "maxBsonObjectSize": null,
        "primary": null,
        "me": null,
        "$clusterTime": null,
        "iscryptd": false
      },
      "ac-ycssmpd-shard-00-00.tvw48ir.mongodb.net:27017": {
        "address": "ac-ycssmpd-shard-00-00.tvw48ir.mongodb.net:27017",
        "type": "Unknown",
        "hosts": [],
        "passives": [],
        "arbiters": [],
        "tags": {},
        "minWireVersion": 0,
        "maxWireVersion": 0,
        "roundTripTime": -1,
        "minRoundTripTime": 0,
        "lastUpdateTime": 266271054,
        "lastWriteDate": 0,
        "error": {
          "errorLabelSet": {},
          "beforeHandshake": false
        },
        "topologyVersion": null,
        "setName": null,
        "setVersion": null,
        "electionId": null,
        "logicalSessionTimeoutMinutes": null,
        "maxMessageSizeBytes": null,
        "maxWriteBatchSize": null,
        "maxBsonObjectSize": null,
        "primary": null,
        "me": null,
        "$clusterTime": null,
        "iscryptd": false
      },
      "ac-ycssmpd-shard-00-01.tvw48ir.mongodb.net:27017": {
        "address": "ac-ycssmpd-shard-00-01.tvw48ir.mongodb.net:27017",
        "type": "Unknown",
        "hosts": [],
        "passives": [],
        "arbiters": [],
        "tags": {},
        "minWireVersion": 0,
        "maxWireVersion": 0,
        "roundTripTime": -1,
        "minRoundTripTime": 0,
        "lastUpdateTime": 266269588,
        "lastWriteDate": 0,
        "error": {
          "errorLabelSet": {},
          "beforeHandshake": false
        },
        "topologyVersion": null,
        "setName": null,
        "setVersion": null,
        "electionId": null,
        "logicalSessionTimeoutMinutes": null,
        "maxMessageSizeBytes": null,
        "maxWriteBatchSize": null,
        "maxBsonObjectSize": null,
        "primary": null,
        "me": null,
        "$clusterTime": null,
        "iscryptd": false
      }
    },
    "stale": false,
    "compatible": true,
    "heartbeatFrequencyMS": 10000,
    "localThresholdMS": 15,
    "setName": "atlas-ldvzrz-shard-0",
    "maxElectionId": {
      "$oid": "7fffffff0000000000000086"
    },
    "maxSetVersion": 35,
    "commonWireVersion": 0,
    "logicalSessionTimeoutMinutes": null
  },
  "cause": {
    "errorLabelSet": {},
    "beforeHandshake": false
  }
}
2026-04-23T17:37:47.097Z [error]: Cleanup stale presence error: connection <monitor> to 20.96.187.159:27017 timed out
MongoServerSelectionError: connection <monitor> to 20.96.187.159:27017 timed out
    at Topology.selectServer (C:\Users\LENOVO\OneDrive\Desktop\JWLovers\server\node_modules\mongodb\src\sdam\topology.ts:630:30)
    at tryOperation (C:\Users\LENOVO\OneDrive\Desktop\JWLovers\server\node_modules\mongodb\src\operations\execute_operation.ts:270:16)
    at executeOperation (C:\Users\LENOVO\OneDrive\Desktop\JWLovers\server\node_modules\mongodb\src\operations\execute_operation.ts:123:12)
    at FindCursor._initialize (C:\Users\LENOVO\OneDrive\Desktop\JWLovers\server\node_modules\mongodb\src\cursor\find_cursor.ts:92:22)
    at FindCursor.cursorInit (C:\Users\LENOVO\OneDrive\Desktop\JWLovers\server\node_modules\mongodb\src\cursor\abstract_cursor.ts:917:21)
    at FindCursor.fetchBatch (C:\Users\LENOVO\OneDrive\Desktop\JWLovers\server\node_modules\mongodb\src\cursor\abstract_cursor.ts:955:7)
    at FindCursor.next (C:\Users\LENOVO\OneDrive\Desktop\JWLovers\server\node_modules\mongodb\src\cursor\abstract_cursor.ts:573:9)
    at FindCursor.[Symbol.asyncIterator] (C:\Users\LENOVO\OneDrive\Desktop\JWLovers\server\node_modules\mongodb\src\cursor\abstract_cursor.ts:492:26)
    at FindCursor.toArray (C:\Users\LENOVO\OneDrive\Desktop\JWLovers\server\node_modules\mongodb\src\cursor\abstract_cursor.ts:661:22)
    at model.Query._find (C:\Users\LENOVO\OneDrive\Desktop\JWLovers\server\node_modules\mongoose\lib\query.js:2436:14)
{
  "errorLabelSet": {},
  "reason": {
    "type": "ReplicaSetNoPrimary",
    "servers": {
      "ac-ycssmpd-shard-00-02.tvw48ir.mongodb.net:27017": {
        "address": "ac-ycssmpd-shard-00-02.tvw48ir.mongodb.net:27017",
        "type": "RSSecondary",
        "hosts": [
          "ac-ycssmpd-shard-00-00.tvw48ir.mongodb.net:27017",
          "ac-ycssmpd-shard-00-01.tvw48ir.mongodb.net:27017",
          "ac-ycssmpd-shard-00-02.tvw48ir.mongodb.net:27017"
        ],
        "passives": [],
        "arbiters": [],
        "tags": {
          "availabilityZone": "3",
          "cacheState": "READY",
          "nodeType": "ELECTABLE",
          "provider": "AZURE",
          "diskState": "READY",
          "region": "US_EAST_2",
          "workloadType": "OPERATIONAL"
        },
        "minWireVersion": 0,
        "maxWireVersion": 25,
        "roundTripTime": 183.5,
        "minRoundTripTime": 181,
        "lastUpdateTime": 270372813,
        "lastWriteDate": {
          "$date": "2026-04-23T17:37:45Z"
        },
        "error": null,
        "topologyVersion": {
          "processId": {
            "$oid": "69da83f2d6a65e8ae1e0269f"
          },
          "counter": 4
        },
        "setName": "atlas-ldvzrz-shard-0",
        "setVersion": 35,
        "electionId": null,
        "logicalSessionTimeoutMinutes": 30,
        "maxMessageSizeBytes": 48000000,
        "maxWriteBatchSize": 100000,
        "maxBsonObjectSize": 16777216,
        "primary": "ac-ycssmpd-shard-00-01.tvw48ir.mongodb.net:27017",
        "me": "ac-ycssmpd-shard-00-02.tvw48ir.mongodb.net:27017",
        "$clusterTime": {
          "clusterTime": {
            "$timestamp": {
              "t": 1776965865,
              "i": 152
            }
          },
          "signature": {
            "hash": {
              "0": 100,
              "1": 135,
              "2": 14,
              "3": 74,
              "4": 171,
              "5": 49,
              "6": 21,
              "7": 113,
              "8": 246,
              "9": 81,
              "10": 12,
              "11": 183,
              "12": 162,
              "13": 101,
              "14": 24,
              "15": 55,
              "16": 213,
              "17": 112,
              "18": 72,
              "19": 230
            },
            "keyId": 7595688910387151000
          }
        },
        "iscryptd": false
      },
      "ac-ycssmpd-shard-00-00.tvw48ir.mongodb.net:27017": {
        "address": "ac-ycssmpd-shard-00-00.tvw48ir.mongodb.net:27017",
        "type": "RSSecondary",
        "hosts": [
          "ac-ycssmpd-shard-00-00.tvw48ir.mongodb.net:27017",
          "ac-ycssmpd-shard-00-01.tvw48ir.mongodb.net:27017",
          "ac-ycssmpd-shard-00-02.tvw48ir.mongodb.net:27017"
        ],
        "passives": [],
        "arbiters": [],
        "tags": {
          "region": "US_EAST_2",
          "availabilityZone": "1",
          "cacheState": "READY",
          "diskState": "READY",
          "provider": "AZURE",
          "workloadType": "OPERATIONAL",
          "nodeType": "ELECTABLE"
        },
        "minWireVersion": 0,
        "maxWireVersion": 25,
        "roundTripTime": 223.1,
        "minRoundTripTime": 177,
        "lastUpdateTime": 270373088,
        "lastWriteDate": {
          "$date": "2026-04-23T17:37:45Z"
        },
        "error": null,
        "topologyVersion": {
          "processId": {
            "$oid": "69da82319a729321ade5cd6d"
          },
          "counter": 5
        },
        "setName": "atlas-ldvzrz-shard-0",
        "setVersion": 35,
        "electionId": null,
        "logicalSessionTimeoutMinutes": 30,
        "maxMessageSizeBytes": 48000000,
        "maxWriteBatchSize": 100000,
        "maxBsonObjectSize": 16777216,
        "primary": "ac-ycssmpd-shard-00-01.tvw48ir.mongodb.net:27017",
        "me": "ac-ycssmpd-shard-00-00.tvw48ir.mongodb.net:27017",
        "$clusterTime": {
          "clusterTime": {
            "$timestamp": {
              "t": 1776965865,
              "i": 152
            }
          },
          "signature": {
            "hash": {
              "0": 100,
              "1": 135,
              "2": 14,
              "3": 74,
              "4": 171,
              "5": 49,
              "6": 21,
              "7": 113,
              "8": 246,
              "9": 81,
              "10": 12,
              "11": 183,
              "12": 162,
              "13": 101,
              "14": 24,
              "15": 55,
              "16": 213,
              "17": 112,
              "18": 72,
              "19": 230
            },
            "keyId": 7595688910387151000
          }
        },
        "iscryptd": false
      },
      "ac-ycssmpd-shard-00-01.tvw48ir.mongodb.net:27017": {
        "address": "ac-ycssmpd-shard-00-01.tvw48ir.mongodb.net:27017",
        "type": "Unknown",
        "hosts": [],
        "passives": [],
        "arbiters": [],
        "tags": {},
        "minWireVersion": 0,
        "maxWireVersion": 0,
        "roundTripTime": -1,
        "minRoundTripTime": 0,
        "lastUpdateTime": 270369145,
        "lastWriteDate": 0,
        "error": {
          "errorLabelSet": {},
          "beforeHandshake": false
        },
        "topologyVersion": null,
        "setName": null,
        "setVersion": null,
        "electionId": null,
        "logicalSessionTimeoutMinutes": null,
        "maxMessageSizeBytes": null,
        "maxWriteBatchSize": null,
        "maxBsonObjectSize": null,
        "primary": null,
        "me": null,
        "$clusterTime": null,
        "iscryptd": false
      }
    },
    "stale": false,
    "compatible": true,
    "heartbeatFrequencyMS": 10000,
    "localThresholdMS": 15,
    "setName": "atlas-ldvzrz-shard-0",
    "maxElectionId": {
      "$oid": "7fffffff0000000000000086"
    },
    "maxSetVersion": 35,
    "commonWireVersion": 0,
    "logicalSessionTimeoutMinutes": 30
  },
  "cause": {
    "errorLabelSet": {},
    "beforeHandshake": false
  }
}
2026-06-22T17:42:54.892Z [error]: Cleanup stale presence error: connection <monitor> to 20.36.142.157:27017 timed out
MongoServerSelectionError: connection <monitor> to 20.36.142.157:27017 timed out
    at Topology.selectServer (C:\Users\LENOVO\OneDrive\Desktop\JWLovers\server\node_modules\mongodb\src\sdam\topology.ts:637:30)
    at tryOperation (C:\Users\LENOVO\OneDrive\Desktop\JWLovers\server\node_modules\mongodb\src\operations\execute_operation.ts:206:16)
    at executeOperation (C:\Users\LENOVO\OneDrive\Desktop\JWLovers\server\node_modules\mongodb\src\operations\execute_operation.ts:123:12)
    at FindCursor._initialize (C:\Users\LENOVO\OneDrive\Desktop\JWLovers\server\node_modules\mongodb\src\cursor\find_cursor.ts:92:22)
    at FindCursor.cursorInit (C:\Users\LENOVO\OneDrive\Desktop\JWLovers\server\node_modules\mongodb\src\cursor\abstract_cursor.ts:917:21)
    at FindCursor.fetchBatch (C:\Users\LENOVO\OneDrive\Desktop\JWLovers\server\node_modules\mongodb\src\cursor\abstract_cursor.ts:955:7)
    at FindCursor.next (C:\Users\LENOVO\OneDrive\Desktop\JWLovers\server\node_modules\mongodb\src\cursor\abstract_cursor.ts:573:9)
    at FindCursor.[Symbol.asyncIterator] (C:\Users\LENOVO\OneDrive\Desktop\JWLovers\server\node_modules\mongodb\src\cursor\abstract_cursor.ts:492:26)
    at FindCursor.toArray (C:\Users\LENOVO\OneDrive\Desktop\JWLovers\server\node_modules\mongodb\src\cursor\abstract_cursor.ts:661:22)
    at model.Query._find (C:\Users\LENOVO\OneDrive\Desktop\JWLovers\server\node_modules\mongoose\lib\query.js:2473:14)
{
  "errorLabelSet": {},
  "reason": {
    "type": "ReplicaSetNoPrimary",
    "servers": {
      "ac-ycssmpd-shard-00-02.tvw48ir.mongodb.net:27017": {
        "address": "ac-ycssmpd-shard-00-02.tvw48ir.mongodb.net:27017",
        "type": "Unknown",
        "hosts": [],
        "passives": [],
        "arbiters": [],
        "tags": {},
        "minWireVersion": 0,
        "maxWireVersion": 0,
        "roundTripTime": -1,
        "minRoundTripTime": 0,
        "lastUpdateTime": 1378087,
        "lastWriteDate": 0,
        "error": {
          "errorLabelSet": {},
          "beforeHandshake": false
        },
        "topologyVersion": null,
        "setName": null,
        "setVersion": null,
        "electionId": null,
        "logicalSessionTimeoutMinutes": null,
        "maxMessageSizeBytes": null,
        "maxWriteBatchSize": null,
        "maxBsonObjectSize": null,
        "primary": null,
        "me": null,
        "$clusterTime": null,
        "iscryptd": false
      },
      "ac-ycssmpd-shard-00-01.tvw48ir.mongodb.net:27017": {
        "address": "ac-ycssmpd-shard-00-01.tvw48ir.mongodb.net:27017",
        "type": "Unknown",
        "hosts": [],
        "passives": [],
        "arbiters": [],
        "tags": {},
        "minWireVersion": 0,
        "maxWireVersion": 0,
        "roundTripTime": -1,
        "minRoundTripTime": 0,
        "lastUpdateTime": 1393609,
        "lastWriteDate": 0,
        "error": {
          "errorLabelSet": {},
          "beforeHandshake": false
        },
        "topologyVersion": null,
        "setName": null,
        "setVersion": null,
        "electionId": null,
        "logicalSessionTimeoutMinutes": null,
        "maxMessageSizeBytes": null,
        "maxWriteBatchSize": null,
        "maxBsonObjectSize": null,
        "primary": null,
        "me": null,
        "$clusterTime": null,
        "iscryptd": false
      },
      "ac-ycssmpd-shard-00-00.tvw48ir.mongodb.net:27017": {
        "address": "ac-ycssmpd-shard-00-00.tvw48ir.mongodb.net:27017",
        "type": "Unknown",
        "hosts": [],
        "passives": [],
        "arbiters": [],
        "tags": {},
        "minWireVersion": 0,
        "maxWireVersion": 0,
        "roundTripTime": -1,
        "minRoundTripTime": 0,
        "lastUpdateTime": 1393603,
        "lastWriteDate": 0,
        "error": {
          "errorLabelSet": {},
          "beforeHandshake": false
        },
        "topologyVersion": null,
        "setName": null,
        "setVersion": null,
        "electionId": null,
        "logicalSessionTimeoutMinutes": null,
        "maxMessageSizeBytes": null,
        "maxWriteBatchSize": null,
        "maxBsonObjectSize": null,
        "primary": null,
        "me": null,
        "$clusterTime": null,
        "iscryptd": false
      }
    },
    "stale": false,
    "compatible": true,
    "heartbeatFrequencyMS": 10000,
    "localThresholdMS": 15,
    "setName": "atlas-ldvzrz-shard-0",
    "maxElectionId": {
      "$oid": "7fffffff0000000000000094"
    },
    "maxSetVersion": 35,
    "commonWireVersion": 25,
    "logicalSessionTimeoutMinutes": null
  },
  "cause": {
    "errorLabelSet": {},
    "beforeHandshake": false
  }
}
2026-06-22T17:43:56.307Z [error]: Cleanup stale presence error: getaddrinfo ENOTFOUND ac-ycssmpd-shard-00-02.tvw48ir.mongodb.net
MongoServerSelectionError: getaddrinfo ENOTFOUND ac-ycssmpd-shard-00-02.tvw48ir.mongodb.net
    at Topology.selectServer (C:\Users\LENOVO\OneDrive\Desktop\JWLovers\server\node_modules\mongodb\src\sdam\topology.ts:637:30)
    at tryOperation (C:\Users\LENOVO\OneDrive\Desktop\JWLovers\server\node_modules\mongodb\src\operations\execute_operation.ts:206:16)
    at executeOperation (C:\Users\LENOVO\OneDrive\Desktop\JWLovers\server\node_modules\mongodb\src\operations\execute_operation.ts:123:12)
    at FindCursor._initialize (C:\Users\LENOVO\OneDrive\Desktop\JWLovers\server\node_modules\mongodb\src\cursor\find_cursor.ts:92:22)
    at FindCursor.cursorInit (C:\Users\LENOVO\OneDrive\Desktop\JWLovers\server\node_modules\mongodb\src\cursor\abstract_cursor.ts:917:21)
    at FindCursor.fetchBatch (C:\Users\LENOVO\OneDrive\Desktop\JWLovers\server\node_modules\mongodb\src\cursor\abstract_cursor.ts:955:7)
    at FindCursor.next (C:\Users\LENOVO\OneDrive\Desktop\JWLovers\server\node_modules\mongodb\src\cursor\abstract_cursor.ts:573:9)
    at FindCursor.[Symbol.asyncIterator] (C:\Users\LENOVO\OneDrive\Desktop\JWLovers\server\node_modules\mongodb\src\cursor\abstract_cursor.ts:492:26)
    at FindCursor.toArray (C:\Users\LENOVO\OneDrive\Desktop\JWLovers\server\node_modules\mongodb\src\cursor\abstract_cursor.ts:661:22)
    at model.Query._find (C:\Users\LENOVO\OneDrive\Desktop\JWLovers\server\node_modules\mongoose\lib\query.js:2473:14)
{
  "errorLabelSet": {},
  "reason": {
    "type": "ReplicaSetNoPrimary",
    "servers": {
      "ac-ycssmpd-shard-00-02.tvw48ir.mongodb.net:27017": {
        "address": "ac-ycssmpd-shard-00-02.tvw48ir.mongodb.net:27017",
        "type": "Unknown",
        "hosts": [],
        "passives": [],
        "arbiters": [],
        "tags": {},
        "minWireVersion": 0,
        "maxWireVersion": 0,
        "roundTripTime": -1,
        "minRoundTripTime": 0,
        "lastUpdateTime": 1437900,
        "lastWriteDate": 0,
        "error": {
          "errorLabelSet": {},
          "beforeHandshake": false
        },
        "topologyVersion": null,
        "setName": null,
        "setVersion": null,
        "electionId": null,
        "logicalSessionTimeoutMinutes": null,
        "maxMessageSizeBytes": null,
        "maxWriteBatchSize": null,
        "maxBsonObjectSize": null,
        "primary": null,
        "me": null,
        "$clusterTime": null,
        "iscryptd": false
      },
      "ac-ycssmpd-shard-00-01.tvw48ir.mongodb.net:27017": {
        "address": "ac-ycssmpd-shard-00-01.tvw48ir.mongodb.net:27017",
        "type": "Unknown",
        "hosts": [],
        "passives": [],
        "arbiters": [],
        "tags": {},
        "minWireVersion": 0,
        "maxWireVersion": 0,
        "roundTripTime": -1,
        "minRoundTripTime": 0,
        "lastUpdateTime": 1437817,
        "lastWriteDate": 0,
        "error": {
          "errorLabelSet": {},
          "beforeHandshake": false
        },
        "topologyVersion": null,
        "setName": null,
        "setVersion": null,
        "electionId": null,
        "logicalSessionTimeoutMinutes": null,
        "maxMessageSizeBytes": null,
        "maxWriteBatchSize": null,
        "maxBsonObjectSize": null,
        "primary": null,
        "me": null,
        "$clusterTime": null,
        "iscryptd": false
      },
      "ac-ycssmpd-shard-00-00.tvw48ir.mongodb.net:27017": {
        "address": "ac-ycssmpd-shard-00-00.tvw48ir.mongodb.net:27017",
        "type": "RSSecondary",
        "hosts": [
          "ac-ycssmpd-shard-00-00.tvw48ir.mongodb.net:27017",
          "ac-ycssmpd-shard-00-01.tvw48ir.mongodb.net:27017",
          "ac-ycssmpd-shard-00-02.tvw48ir.mongodb.net:27017"
        ],
        "passives": [],
        "arbiters": [],
        "tags": {
          "cacheState": "READY",
          "provider": "AZURE",
          "workloadType": "OPERATIONAL",
          "availabilityZone": "1",
          "nodeType": "ELECTABLE",
          "diskState": "READY",
          "region": "US_EAST_2"
        },
        "minWireVersion": 0,
        "maxWireVersion": 25,
        "roundTripTime": 303.2,
        "minRoundTripTime": 183,
        "lastUpdateTime": 1449677,
        "lastWriteDate": {
          "$date": "2026-06-22T17:43:41Z"
        },
        "error": null,
        "topologyVersion": {
          "processId": {
            "$oid": "6a32f10e423b26a2fcba9669"
          },
          "counter": 4
        },
        "setName": "atlas-ldvzrz-shard-0",
        "setVersion": 35,
        "electionId": null,
        "logicalSessionTimeoutMinutes": 30,
        "maxMessageSizeBytes": 48000000,
        "maxWriteBatchSize": 100000,
        "maxBsonObjectSize": 16777216,
        "primary": "ac-ycssmpd-shard-00-01.tvw48ir.mongodb.net:27017",
        "me": "ac-ycssmpd-shard-00-00.tvw48ir.mongodb.net:27017",
        "$clusterTime": {
          "clusterTime": {
            "$timestamp": {
              "t": 1782150221,
              "i": 7
            }
          },
          "signature": {
            "hash": {
              "0": 103,
              "1": 75,
              "2": 69,
              "3": 211,
              "4": 139,
              "5": 21,
              "6": 9,
              "7": 188,
              "8": 99,
              "9": 150,
              "10": 232,
              "11": 54,
              "12": 84,
              "13": 11,
              "14": 180,
              "15": 156,
              "16": 211,
              "17": 181,
              "18": 146,
              "19": 144
            },
            "keyId": 7595688910387151000
          }
        },
        "iscryptd": false
      }
    },
    "stale": false,
    "compatible": true,
    "heartbeatFrequencyMS": 10000,
    "localThresholdMS": 15,
    "setName": "atlas-ldvzrz-shard-0",
    "maxElectionId": {
      "$oid": "7fffffff0000000000000094"
    },
    "maxSetVersion": 35,
    "commonWireVersion": 25,
    "logicalSessionTimeoutMinutes": 30
  },
  "cause": {
    "errorLabelSet": {},
    "beforeHandshake": false
  }
}
2026-06-22T21:57:03.950Z [error]: Cleanup stale presence error: connection <monitor> to 20.36.142.157:27017 timed out
MongoServerSelectionError: connection <monitor> to 20.36.142.157:27017 timed out
    at Topology.selectServer (C:\Users\LENOVO\OneDrive\Desktop\JWLovers\server\node_modules\mongodb\src\sdam\topology.ts:637:30)
    at tryOperation (C:\Users\LENOVO\OneDrive\Desktop\JWLovers\server\node_modules\mongodb\src\operations\execute_operation.ts:271:16)
    at executeOperation (C:\Users\LENOVO\OneDrive\Desktop\JWLovers\server\node_modules\mongodb\src\operations\execute_operation.ts:123:12)
    at FindCursor._initialize (C:\Users\LENOVO\OneDrive\Desktop\JWLovers\server\node_modules\mongodb\src\cursor\find_cursor.ts:92:22)
    at FindCursor.cursorInit (C:\Users\LENOVO\OneDrive\Desktop\JWLovers\server\node_modules\mongodb\src\cursor\abstract_cursor.ts:917:21)
    at FindCursor.fetchBatch (C:\Users\LENOVO\OneDrive\Desktop\JWLovers\server\node_modules\mongodb\src\cursor\abstract_cursor.ts:955:7)
    at FindCursor.next (C:\Users\LENOVO\OneDrive\Desktop\JWLovers\server\node_modules\mongodb\src\cursor\abstract_cursor.ts:573:9)
    at FindCursor.[Symbol.asyncIterator] (C:\Users\LENOVO\OneDrive\Desktop\JWLovers\server\node_modules\mongodb\src\cursor\abstract_cursor.ts:492:26)
    at FindCursor.toArray (C:\Users\LENOVO\OneDrive\Desktop\JWLovers\server\node_modules\mongodb\src\cursor\abstract_cursor.ts:661:22)
    at model.Query._find (C:\Users\LENOVO\OneDrive\Desktop\JWLovers\server\node_modules\mongoose\lib\query.js:2473:14)
{
  "errorLabelSet": {},
  "reason": {
    "type": "ReplicaSetNoPrimary",
    "servers": {
      "ac-ycssmpd-shard-00-02.tvw48ir.mongodb.net:27017": {
        "address": "ac-ycssmpd-shard-00-02.tvw48ir.mongodb.net:27017",
        "type": "Unknown",
        "hosts": [],
        "passives": [],
        "arbiters": [],
        "tags": {},
        "minWireVersion": 0,
        "maxWireVersion": 0,
        "roundTripTime": -1,
        "minRoundTripTime": 0,
        "lastUpdateTime": 16638180,
        "lastWriteDate": 0,
        "error": {
          "errorLabelSet": {},
          "beforeHandshake": false
        },
        "topologyVersion": null,
        "setName": null,
        "setVersion": null,
        "electionId": null,
        "logicalSessionTimeoutMinutes": null,
        "maxMessageSizeBytes": null,
        "maxWriteBatchSize": null,
        "maxBsonObjectSize": null,
        "primary": null,
        "me": null,
        "$clusterTime": null,
        "iscryptd": false
      },
      "ac-ycssmpd-shard-00-01.tvw48ir.mongodb.net:27017": {
        "address": "ac-ycssmpd-shard-00-01.tvw48ir.mongodb.net:27017",
        "type": "Unknown",
        "hosts": [],
        "passives": [],
        "arbiters": [],
        "tags": {},
        "minWireVersion": 0,
        "maxWireVersion": 0,
        "roundTripTime": -1,
        "minRoundTripTime": 0,
        "lastUpdateTime": 16639150,
        "lastWriteDate": 0,
        "error": {
          "errorLabelSet": {},
          "beforeHandshake": false
        },
        "topologyVersion": null,
        "setName": null,
        "setVersion": null,
        "electionId": null,
        "logicalSessionTimeoutMinutes": null,
        "maxMessageSizeBytes": null,
        "maxWriteBatchSize": null,
        "maxBsonObjectSize": null,
        "primary": null,
        "me": null,
        "$clusterTime": null,
        "iscryptd": false
      },
      "ac-ycssmpd-shard-00-00.tvw48ir.mongodb.net:27017": {
        "address": "ac-ycssmpd-shard-00-00.tvw48ir.mongodb.net:27017",
        "type": "RSSecondary",
        "hosts": [
          "ac-ycssmpd-shard-00-00.tvw48ir.mongodb.net:27017",
          "ac-ycssmpd-shard-00-01.tvw48ir.mongodb.net:27017",
          "ac-ycssmpd-shard-00-02.tvw48ir.mongodb.net:27017"
        ],
        "passives": [],
        "arbiters": [],
        "tags": {
          "cacheState": "READY",
          "provider": "AZURE",
          "diskState": "READY",
          "nodeType": "ELECTABLE",
          "region": "US_EAST_2",
          "availabilityZone": "1",
          "workloadType": "OPERATIONAL"
        },
        "minWireVersion": 0,
        "maxWireVersion": 25,
        "roundTripTime": 271.3,
        "minRoundTripTime": 211,
        "lastUpdateTime": 16643118,
        "lastWriteDate": {
          "$date": "2026-06-22T21:56:55Z"
        },
        "error": null,
        "topologyVersion": {
          "processId": {
            "$oid": "6a32f10e423b26a2fcba9669"
          },
          "counter": 4
        },
        "setName": "atlas-ldvzrz-shard-0",
        "setVersion": 35,
        "electionId": null,
        "logicalSessionTimeoutMinutes": 30,
        "maxMessageSizeBytes": 48000000,
        "maxWriteBatchSize": 100000,
        "maxBsonObjectSize": 16777216,
        "primary": "ac-ycssmpd-shard-00-01.tvw48ir.mongodb.net:27017",
        "me": "ac-ycssmpd-shard-00-00.tvw48ir.mongodb.net:27017",
        "$clusterTime": {
          "clusterTime": {
            "$timestamp": {
              "t": 1782165415,
              "i": 2
            }
          },
          "signature": {
            "hash": {
              "0": 159,
              "1": 59,
              "2": 110,
              "3": 20,
              "4": 246,
              "5": 1,
              "6": 144,
              "7": 87,
              "8": 64,
              "9": 142,
              "10": 82,
              "11": 184,
              "12": 142,
              "13": 161,
              "14": 41,
              "15": 170,
              "16": 12,
              "17": 234,
              "18": 166,
              "19": 57
            },
            "keyId": 7595688910387151000
          }
        },
        "iscryptd": false
      }
    },
    "stale": false,
    "compatible": true,
    "heartbeatFrequencyMS": 10000,
    "localThresholdMS": 15,
    "setName": "atlas-ldvzrz-shard-0",
    "maxElectionId": {
      "$oid": "7fffffff0000000000000094"
    },
    "maxSetVersion": 35,
    "commonWireVersion": 25,
    "logicalSessionTimeoutMinutes": 30
  },
  "cause": {
    "errorLabelSet": {},
    "beforeHandshake": false
  }
}
2026-06-22T23:35:50.951Z [error]: Cleanup stale presence error: connection <monitor> to 20.96.187.159:27017 timed out
MongoServerSelectionError: connection <monitor> to 20.96.187.159:27017 timed out
    at Topology.selectServer (C:\Users\LENOVO\OneDrive\Desktop\JWLovers\server\node_modules\mongodb\src\sdam\topology.ts:637:30)
    at tryOperation (C:\Users\LENOVO\OneDrive\Desktop\JWLovers\server\node_modules\mongodb\src\operations\execute_operation.ts:271:16)
    at executeOperation (C:\Users\LENOVO\OneDrive\Desktop\JWLovers\server\node_modules\mongodb\src\operations\execute_operation.ts:123:12)
    at FindCursor._initialize (C:\Users\LENOVO\OneDrive\Desktop\JWLovers\server\node_modules\mongodb\src\cursor\find_cursor.ts:92:22)
    at FindCursor.cursorInit (C:\Users\LENOVO\OneDrive\Desktop\JWLovers\server\node_modules\mongodb\src\cursor\abstract_cursor.ts:917:21)
    at FindCursor.fetchBatch (C:\Users\LENOVO\OneDrive\Desktop\JWLovers\server\node_modules\mongodb\src\cursor\abstract_cursor.ts:955:7)
    at FindCursor.next (C:\Users\LENOVO\OneDrive\Desktop\JWLovers\server\node_modules\mongodb\src\cursor\abstract_cursor.ts:573:9)
    at FindCursor.[Symbol.asyncIterator] (C:\Users\LENOVO\OneDrive\Desktop\JWLovers\server\node_modules\mongodb\src\cursor\abstract_cursor.ts:492:26)
    at FindCursor.toArray (C:\Users\LENOVO\OneDrive\Desktop\JWLovers\server\node_modules\mongodb\src\cursor\abstract_cursor.ts:661:22)
    at model.Query._find (C:\Users\LENOVO\OneDrive\Desktop\JWLovers\server\node_modules\mongoose\lib\query.js:2473:14)
{
  "errorLabelSet": {},
  "reason": {
    "type": "ReplicaSetNoPrimary",
    "servers": {
      "ac-ycssmpd-shard-00-02.tvw48ir.mongodb.net:27017": {
        "address": "ac-ycssmpd-shard-00-02.tvw48ir.mongodb.net:27017",
        "type": "RSSecondary",
        "hosts": [
          "ac-ycssmpd-shard-00-00.tvw48ir.mongodb.net:27017",
          "ac-ycssmpd-shard-00-01.tvw48ir.mongodb.net:27017",
          "ac-ycssmpd-shard-00-02.tvw48ir.mongodb.net:27017"
        ],
        "passives": [],
        "arbiters": [],
        "tags": {
          "nodeType": "ELECTABLE",
          "cacheState": "READY",
          "provider": "AZURE",
          "region": "US_EAST_2",
          "workloadType": "OPERATIONAL",
          "diskState": "READY",
          "availabilityZone": "3"
        },
        "minWireVersion": 0,
        "maxWireVersion": 25,
        "roundTripTime": 214.8,
        "minRoundTripTime": 181,
        "lastUpdateTime": 22573580,
        "lastWriteDate": {
          "$date": "2026-06-22T23:35:40Z"
        },
        "error": null,
        "topologyVersion": {
          "processId": {
            "$oid": "6a32f67b1cf83dfcd4eef4c0"
          },
          "counter": 3
        },
        "setName": "atlas-ldvzrz-shard-0",
        "setVersion": 35,
        "electionId": null,
        "logicalSessionTimeoutMinutes": 30,
        "maxMessageSizeBytes": 48000000,
        "maxWriteBatchSize": 100000,
        "maxBsonObjectSize": 16777216,
        "primary": "ac-ycssmpd-shard-00-01.tvw48ir.mongodb.net:27017",
        "me": "ac-ycssmpd-shard-00-02.tvw48ir.mongodb.net:27017",
        "$clusterTime": {
          "clusterTime": {
            "$timestamp": {
              "t": 1782171340,
              "i": 3
            }
          },
          "signature": {
            "hash": {
              "0": 174,
              "1": 245,
              "2": 191,
              "3": 107,
              "4": 149,
              "5": 135,
              "6": 198,
              "7": 200,
              "8": 19,
              "9": 202,
              "10": 92,
              "11": 150,
              "12": 187,
              "13": 107,
              "14": 138,
              "15": 110,
              "16": 111,
              "17": 11,
              "18": 130,
              "19": 130
            },
            "keyId": 7595688910387151000
          }
        },
        "iscryptd": false
      },
      "ac-ycssmpd-shard-00-01.tvw48ir.mongodb.net:27017": {
        "address": "ac-ycssmpd-shard-00-01.tvw48ir.mongodb.net:27017",
        "type": "Unknown",
        "hosts": [],
        "passives": [],
        "arbiters": [],
        "tags": {},
        "minWireVersion": 0,
        "maxWireVersion": 0,
        "roundTripTime": -1,
        "minRoundTripTime": 0,
        "lastUpdateTime": 22570518,
        "lastWriteDate": 0,
        "error": {
          "errorLabelSet": {},
          "beforeHandshake": false
        },
        "topologyVersion": null,
        "setName": null,
        "setVersion": null,
        "electionId": null,
        "logicalSessionTimeoutMinutes": null,
        "maxMessageSizeBytes": null,
        "maxWriteBatchSize": null,
        "maxBsonObjectSize": null,
        "primary": null,
        "me": null,
        "$clusterTime": null,
        "iscryptd": false
      },
      "ac-ycssmpd-shard-00-00.tvw48ir.mongodb.net:27017": {
        "address": "ac-ycssmpd-shard-00-00.tvw48ir.mongodb.net:27017",
        "type": "Unknown",
        "hosts": [],
        "passives": [],
        "arbiters": [],
        "tags": {},
        "minWireVersion": 0,
        "maxWireVersion": 0,
        "roundTripTime": -1,
        "minRoundTripTime": 0,
        "lastUpdateTime": 22572957,
        "lastWriteDate": 0,
        "error": {
          "errorLabelSet": {},
          "beforeHandshake": false
        },
        "topologyVersion": null,
        "setName": null,
        "setVersion": null,
        "electionId": null,
        "logicalSessionTimeoutMinutes": null,
        "maxMessageSizeBytes": null,
        "maxWriteBatchSize": null,
        "maxBsonObjectSize": null,
        "primary": null,
        "me": null,
        "$clusterTime": null,
        "iscryptd": false
      }
    },
    "stale": false,
    "compatible": true,
    "heartbeatFrequencyMS": 10000,
    "localThresholdMS": 15,
    "setName": "atlas-ldvzrz-shard-0",
    "maxElectionId": {
      "$oid": "7fffffff0000000000000094"
    },
    "maxSetVersion": 35,
    "commonWireVersion": 25,
    "logicalSessionTimeoutMinutes": 30
  },
  "cause": {
    "errorLabelSet": {},
    "beforeHandshake": false
  }
}
